CustomerID,Recency,Frequency,Monetary,Frequency_log,Monetary_log,Cluster,Segment_Name
12346,326,12,77556.46,2.5649493574615367,11.258774359980725,1,Higher-Value Customers
12347,2,8,4921.53,2.1972245773362196,8.501577904958904,1,Higher-Value Customers
12348,75,5,2019.4,1.791759469228055,7.6110507905938976,1,Higher-Value Customers
12349,19,4,4428.69,1.6094379124341003,8.39608488316401,1,Higher-Value Customers
12350,310,1,334.4,0.6931471805599453,5.815323849389109,0,Lower-Value Customers
12351,375,1,300.93,0.6931471805599453,5.710195202428391,0,Lower-Value Customers
12352,36,10,2849.84,2.3978952727983707,7.9553689666784315,1,Higher-Value Customers
12353,204,2,406.76,1.0986122886681098,6.010678766031786,0,Lower-Value Customers
12354,232,1,1079.4,0.6931471805599453,6.985086621918461,0,Lower-Value Customers
12355,214,2,947.61,1.0986122886681098,6.854997755239065,0,Lower-Value Customers
12356,23,6,6371.73,1.9459101490553132,8.759783228184276,1,Higher-Value Customers
12357,33,3,18287.66,1.3862943611198906,9.814036474622236,1,Higher-Value Customers
12358,2,5,3887.07,1.791759469228055,8.265668169533484,1,Higher-Value Customers
12359,58,10,8873.39,2.3978952727983707,9.090924879587071,1,Higher-Value Customers
12360,52,8,4252.89,2.1972245773362196,8.355589137409874,1,Higher-Value Customers
12361,287,4,511.25,1.6094379124341003,6.238812787119009,0,Lower-Value Customers
12362,3,11,5356.23,2.4849066497880004,8.586202329437555,1,Higher-Value Customers
12363,110,2,552.0,1.0986122886681098,6.315358001522335,0,Lower-Value Customers
12364,8,4,1313.1,1.6094379124341003,7.180907299649593,1,Higher-Value Customers
12365,291,2,641.38,1.0986122886681098,6.465180028897591,0,Lower-Value Customers
12366,634,1,500.24,0.6931471805599453,6.217085028297085,0,Lower-Value Customers
12367,4,1,168.9,0.6931471805599453,5.135210028677887,0,Lower-Value Customers
12368,628,1,917.7,0.6931471805599453,6.822959627277421,0,Lower-Value Customers
12369,413,3,1791.15,1.3862943611198906,7.491171295388921,0,Lower-Value Customers
12370,51,7,4316.56,2.0794415416798357,8.370445706855367,1,Higher-Value Customers
12371,45,5,4067.38,1.791759469228055,8.31100016480189,1,Higher-Value Customers
12372,72,3,1298.04,1.3862943611198906,7.169380809114136,1,Higher-Value Customers
12373,311,3,1127.65,1.3862943611198906,7.028777507229587,0,Lower-Value Customers
12374,25,4,2989.22,1.6094379124341003,8.003102242273277,1,Higher-Value Customers
12375,11,2,457.5,1.0986122886681098,6.127960291696519,0,Lower-Value Customers
12376,390,2,503.15,1.0986122886681098,6.222873842839224,0,Lower-Value Customers
12377,315,4,3426.32,1.6094379124341003,8.139533893646055,1,Higher-Value Customers
12378,130,2,5416.32,1.0986122886681098,8.597356507200939,1,Higher-Value Customers
12379,82,4,1620.22,1.6094379124341003,7.390934231218893,1,Higher-Value Customers
12380,22,11,9676.3,2.4849066497880004,9.177538215743802,1,Higher-Value Customers
12381,5,5,1845.31,1.791759469228055,7.520944331624911,1,Higher-Value Customers
12383,185,5,1850.56,1.791759469228055,7.523783805985769,1,Higher-Value Customers
12384,29,2,585.27,1.0986122886681098,6.373780434317173,0,Lower-Value Customers
12385,379,1,1938.4,0.6931471805599453,7.570133925870446,0,Lower-Value Customers
12386,338,2,401.9,1.0986122886681098,5.998688392197302,0,Lower-Value Customers
12387,415,1,143.94,0.6931471805599453,4.976319863681136,0,Lower-Value Customers
12388,16,8,3901.11,2.1972245773362196,8.269272711457157,1,Higher-Value Customers
12389,403,3,1433.33,1.3862943611198906,7.268453120207762,0,Lower-Value Customers
12390,80,1,549.84,0.6931471805599453,6.311444385858925,0,Lower-Value Customers
12391,22,6,2724.84,1.9459101490553132,7.910531916476688,1,Higher-Value Customers
12392,591,1,234.75,0.6931471805599453,5.462771921513567,0,Lower-Value Customers
12393,72,6,2399.45,1.9459101490553132,7.783411498760109,1,Higher-Value Customers
12394,64,2,1272.48,1.0986122886681098,7.149508589545504,1,Higher-Value Customers
12395,19,15,4721.17,2.772588722239781,8.46002371869161,1,Higher-Value Customers
12396,674,1,931.43,0.6931471805599453,6.837794081676172,0,Lower-Value Customers
12397,36,2,2409.9,1.0986122886681098,7.7877554007552545,1,Higher-Value Customers
12398,46,1,1635.66,0.6931471805599453,7.400412858792405,0,Lower-Value Customers
12399,119,7,1962.3,2.0794415416798357,7.582382009904704,1,Higher-Value Customers
12400,414,1,205.25,0.6931471805599453,5.32908902521479,0,Lower-Value Customers
12401,303,1,84.3,0.6931471805599453,4.446174454497633,0,Lower-Value Customers
12402,323,6,1256.9,1.9459101490553132,7.137198942844827,1,Higher-Value Customers
12403,50,2,1019.36,1.0986122886681098,6.927910785185701,0,Lower-Value Customers
12404,682,1,63.24,0.6931471805599453,4.162626069638506,0,Lower-Value Customers
12405,149,1,1710.39,0.6931471805599453,7.445061184797548,0,Lower-Value Customers
12406,22,5,6390.36,1.791759469228055,8.762702357276806,1,Higher-Value Customers
12407,50,5,1708.12,1.791759469228055,7.4437338971514055,1,Higher-Value Customers
12408,33,8,4340.77,2.1972245773362196,8.37603737805411,1,Higher-Value Customers
12409,79,7,23419.29,2.0794415416798357,10.061358019654037,1,Higher-Value Customers
12410,309,3,1013.71,1.3862943611198906,6.9223581363660704,0,Lower-Value Customers
12411,410,1,346.9,0.6931471805599453,5.8519150821578965,0,Lower-Value Customers
12412,75,6,2596.93,1.9459101490553132,7.862470253064629,1,Higher-Value Customers
12413,67,4,999.45,1.6094379124341003,6.908205177762502,1,Higher-Value Customers
12414,217,6,952.41,1.9459101490553132,6.860045031492727,1,Higher-Value Customers
12415,24,28,144458.37,3.367295829986474,11.88075357052652,1,Higher-Value Customers
12416,657,1,202.56,0.6931471805599453,5.315960801720632,0,Lower-Value Customers
12417,3,20,6797.41,3.044522437723423,8.824444040293804,1,Higher-Value Customers
12418,113,4,2021.2,1.6094379124341003,7.6119413066572985,1,Higher-Value Customers
12419,386,2,503.01,1.0986122886681098,6.222596109144375,0,Lower-Value Customers
12420,64,1,600.39,0.6931471805599453,6.3992436425478765,0,Lower-Value Customers
12421,16,6,1098.6,1.9459101490553132,7.00270175629109,1,Higher-Value Customers
12422,96,17,5231.8,2.8903717578961645,8.562701786647002,1,Higher-Value Customers
12423,1,10,2622.39,2.3978952727983707,7.872222653526559,1,Higher-Value Customers
12424,163,4,3340.03,1.6094379124341003,8.114034421663943,1,Higher-Value Customers
12425,78,2,1741.41,1.0986122886681098,7.4630244913725114,1,Higher-Value Customers
12426,195,2,1345.21,1.0986122886681098,7.205048515865767,0,Lower-Value Customers
12427,22,3,825.8,1.3862943611198906,6.717562827807613,1,Higher-Value Customers
12428,26,9,7956.46,2.302585092994046,8.981865132439246,1,Higher-Value Customers
12429,9,8,6204.41,2.1972245773362196,8.733176771201169,1,Higher-Value Customers
12430,43,1,256.4,0.6931471805599453,5.5506312951620265,0,Lower-Value Customers
12431,36,27,10432.22,3.332204510175204,9.252750225181329,1,Higher-Value Customers
12432,43,5,5059.32,1.791759469228055,8.529185001388596,1,Higher-Value Customers
12433,1,10,16794.14,2.3978952727983707,9.72884483782588,1,Higher-Value Customers
12434,85,3,1103.43,1.3862943611198906,7.007084643758051,1,Higher-Value Customers
12435,80,6,13925.93,1.9459101490553132,9.541579654832375,1,Higher-Value Customers
12436,100,1,509.01,0.6931471805599453,6.234430333369278,0,Lower-Value Customers
12437,2,39,12683.4,3.6888794541139363,9.44812817095412,1,Higher-Value Customers
12438,14,2,2906.85,1.0986122886681098,7.9751692554798295,1,Higher-Value Customers
12439,683,2,1142.88,1.0986122886681098,7.042181271332972,0,Lower-Value Customers
12440,462,2,859.2,1.0986122886681098,6.757164920349636,0,Lower-Value Customers
12441,367,1,173.55,0.6931471805599453,5.162211233551045,0,Lower-Value Customers
12442,3,1,172.06,0.6931471805599453,5.153638355178593,0,Lower-Value Customers
12443,732,1,485.31,0.6931471805599453,6.186846280636522,0,Lower-Value Customers
12444,21,5,5005.46,1.791759469228055,8.518484357502437,1,Higher-Value Customers
12445,22,2,434.98,1.0986122886681098,6.077596370737269,0,Lower-Value Customers
12446,58,1,1002.31,0.6931471805599453,6.9110598129904375,0,Lower-Value Customers
12447,243,1,476.49,0.6931471805599453,6.168543217293113,0,Lower-Value Customers
12448,44,1,449.45,0.6931471805599453,6.110247083097449,0,Lower-Value Customers
12449,22,6,4835.89,1.9459101490553132,8.484027231195778,1,Higher-Value Customers
12450,156,5,688.2,1.791759469228055,6.5355315046537745,1,Higher-Value Customers
12451,11,8,12669.88,2.1972245773362196,9.447061726309741,1,Higher-Value Customers
12452,17,2,430.57,1.0986122886681098,6.067429722163682,0,Lower-Value Customers
12453,134,1,707.09,0.6931471805599453,6.562571204258897,0,Lower-Value Customers
12454,56,5,16679.78,1.791759469228055,9.72201243740933,1,Higher-Value Customers
12455,73,10,5879.95,2.3978952727983707,8.679473592468364,1,Higher-Value Customers
12456,44,3,3181.04,1.3862943611198906,8.065277779528966,1,Higher-Value Customers
12457,66,8,2995.91,2.1972245773362196,8.005337036835723,1,Higher-Value Customers
12458,71,4,1777.49,1.6094379124341003,7.483519968656931,1,Higher-Value Customers
12459,605,1,454.36,0.6931471805599453,6.121088314901487,0,Lower-Value Customers
12460,456,1,326.65,0.6931471805599453,5.791945965485506,0,Lower-Value Customers
12461,94,2,826.88,1.0986122886681098,6.718868216346018,0,Lower-Value Customers
12462,19,2,1189.59,1.0986122886681098,7.082204261557526,1,Higher-Value Customers
12463,53,4,1344.78,1.6094379124341003,7.204729049594601,1,Higher-Value Customers
12464,10,8,1212.05,2.1972245773362196,7.100893128209941,1,Higher-Value Customers
12465,17,2,742.19,1.0986122886681098,6.610951732080795,0,Lower-Value Customers
12466,682,1,56.73,0.6931471805599453,4.055776969072842,0,Lower-Value Customers
12467,423,1,132.8,0.6931471805599453,4.896346147694128,0,Lower-Value Customers
12468,188,5,3670.74,1.791759469228055,8.208420943133293,1,Higher-Value Customers
12469,523,2,3070.54,1.0986122886681098,8.029934343472139,0,Lower-Value Customers
12470,690,1,211.95,0.6931471805599453,5.3610573963692225,0,Lower-Value Customers
12471,2,79,39918.19,4.382026634673881,10.59461243963838,1,Higher-Value Customers
12472,32,19,16249.29,2.995732273553991,9.69586603375249,1,Higher-Value Customers
12473,29,5,3928.05,1.791759469228055,8.276152945361936,1,Higher-Value Customers
12474,17,31,12372.75,3.4657359027997265,9.423332572234017,1,Higher-Value Customers
12475,54,2,1149.64,1.0986122886681098,7.048073588295634,1,Higher-Value Customers
12476,16,23,14083.91,3.1780538303479458,9.5528592905137,1,Higher-Value Customers
12477,23,9,20276.37,2.302585092994046,9.917260764877222,1,Higher-Value Customers
12478,4,1,680.99,0.6931471805599453,6.525014994979364,0,Lower-Value Customers
12479,11,1,527.2,0.6931471805599453,6.269474999863032,0,Lower-Value Customers
12480,28,7,5464.85,2.0794415416798357,8.606274923740443,1,Higher-Value Customers
12481,23,15,12185.51,2.772588722239781,9.408084881237475,1,Higher-Value Customers
12482,576,29,23691.4,3.4011973816621555,10.072909600590481,1,Higher-Value Customers
12483,17,19,5097.18,2.995732273553991,8.536638892276656,1,Higher-Value Customers
12484,33,12,6354.1,2.5649493574615367,8.757012919140978,1,Higher-Value Customers
12485,529,1,708.1,0.6931471805599453,6.563996560309951,0,Lower-Value Customers
12486,432,1,1037.28,0.6931471805599453,6.945320776868279,0,Lower-Value Customers
12487,731,1,285.3,0.6931471805599453,5.65704021210407,0,Lower-Value Customers
12488,10,3,1298.66,1.3862943611198906,7.169857970780942,1,Higher-Value Customers
12489,336,1,334.93,0.6931471805599453,5.816902804925467,0,Lower-Value Customers
12490,5,21,9823.64,3.091042453358316,9.192648794844782,1,Higher-Value Customers
12491,39,1,460.4,0.6931471805599453,6.134265345739653,0,Lower-Value Customers
12492,63,3,715.21,1.3862943611198906,6.573973420047142,0,Lower-Value Customers
12493,166,2,433.74,1.0986122886681098,6.0747481512447195,0,Lower-Value Customers
12494,16,9,1815.27,2.302585092994046,7.504540226523796,1,Higher-Value Customers
12495,641,1,357.4,0.6931471805599453,5.881649681100775,0,Lower-Value Customers
12496,620,2,45.34,1.0986122886681098,3.8360055190042304,0,Lower-Value Customers
12497,82,3,6248.5,1.3862943611198906,8.740256739530276,1,Higher-Value Customers
12498,21,3,403.7,1.3862943611198906,6.00314605188182,0,Lower-Value Customers
12499,560,1,393.72,0.6931471805599453,5.9781766527810465,0,Lower-Value Customers
12500,23,19,5955.21,2.995732273553991,8.692189651745124,1,Higher-Value Customers
12501,337,1,2169.39,0.6931471805599453,7.682662153888476,0,Lower-Value Customers
12502,96,5,3723.87,1.791759469228055,8.222787230875806,1,Higher-Value Customers
12503,584,1,1126.0,0.6931471805599453,7.027314514039777,0,Lower-Value Customers
12504,18,4,779.05,1.6094379124341003,6.659358020193259,1,Higher-Value Customers
12505,409,1,955.2,0.6931471805599453,6.862967096192003,0,Lower-Value Customers
12506,233,1,73.5,0.6931471805599453,4.310799125385514,0,Lower-Value Customers
12507,134,4,1844.06,1.6094379124341003,7.520267076271057,1,Higher-Value Customers
12508,26,2,397.88,1.0986122886681098,5.988660619775247,0,Lower-Value Customers
12509,284,1,176.5,0.6931471805599453,5.178970608915471,0,Lower-Value Customers
12510,143,9,5178.02,2.302585092994046,8.552371128165808,1,Higher-Value Customers
12511,429,1,3084.02,0.6931471805599453,8.034313419300645,0,Lower-Value Customers
12512,66,2,132.18,1.0986122886681098,4.891701596682476,0,Lower-Value Customers
12513,113,1,612.29,0.6931471805599453,6.418837907265026,0,Lower-Value Customers
12514,267,2,1597.76,1.0986122886681098,7.3769836077601205,0,Lower-Value Customers
12515,353,1,383.7,0.6931471805599453,5.95246380975825,0,Lower-Value Customers
12516,78,4,2648.62,1.6094379124341003,7.882171512471631,1,Higher-Value Customers
12517,28,5,2481.6,1.791759469228055,7.817061677081847,1,Higher-Value Customers
12518,1,5,2056.89,1.791759469228055,7.629436465014086,1,Higher-Value Customers
12519,64,2,716.54,1.0986122886681098,6.575828695208771,0,Lower-Value Customers
12520,79,5,2634.26,1.791759469228055,7.876737127834484,1,Higher-Value Customers
12521,143,1,599.68,0.6931471805599453,6.39806234681208,0,Lower-Value Customers
12522,39,2,192.72,1.0986122886681098,5.266413817535028,0,Lower-Value Customers
12523,19,23,4352.35,3.1780538303479458,8.378700942638904,1,Higher-Value Customers
12524,9,17,11126.11,2.8903717578961645,9.317139751972052,1,Higher-Value Customers
12525,498,3,973.73,1.3862943611198906,6.882160509570649,0,Lower-Value Customers
12526,1,3,1316.66,1.3862943611198906,7.183612715167257,1,Higher-Value Customers
12527,82,5,735.51,1.791759469228055,6.601922813543027,1,Higher-Value Customers
12528,9,6,1933.48,1.9459101490553132,7.567593835498341,1,Higher-Value Customers
12529,528,1,316.48,0.6931471805599453,5.760414824222675,0,Lower-Value Customers
12530,60,9,3759.26,2.302585092994046,8.232243382929433,1,Higher-Value Customers
12531,15,2,1933.2,1.0986122886681098,7.567449083282863,1,Higher-Value Customers
12532,30,1,349.83,0.6931471805599453,5.860301775655642,0,Lower-Value Customers
12533,628,2,1367.89,1.0986122886681098,7.221755471439273,0,Lower-Value Customers
12534,131,1,1089.18,0.6931471805599453,6.9940980992041535,0,Lower-Value Customers
12535,92,2,716.35,1.0986122886681098,6.575563866544399,0,Lower-Value Customers
12536,43,3,12601.83,1.3862943611198906,9.441676670894656,1,Higher-Value Customers
12537,409,1,732.94,0.6931471805599453,6.598427281404094,0,Lower-Value Customers
12538,29,2,640.45,1.0986122886681098,6.463731238695349,0,Lower-Value Customers
12539,22,7,11214.75,2.0794415416798357,9.325074319439649,1,Higher-Value Customers
12540,20,33,22254.49,3.5263605246161616,10.010343998731724,1,Higher-Value Customers
12541,30,3,981.18,1.3862943611198906,6.889774590946187,1,Higher-Value Customers
12542,484,2,481.88,1.0986122886681098,6.179768175579484,0,Lower-Value Customers
12543,448,1,980.25,0.6931471805599453,6.888827269096618,0,Lower-Value Customers
12544,36,1,372.7,0.6931471805599453,5.923453336491439,0,Lower-Value Customers
12545,75,2,1000.39,1.0986122886681098,6.9091443138264115,0,Lower-Value Customers
12546,47,2,1161.5,1.0986122886681098,7.058328137461511,1,Higher-Value Customers
12547,198,3,383.58,1.3862943611198906,5.952151829722441,0,Lower-Value Customers
12548,166,1,95.2,0.6931471805599453,4.566429357671661,0,Lower-Value Customers
12549,576,6,1575.68,1.9459101490553132,7.363076649441731,0,Lower-Value Customers
12550,79,1,964.83,0.6931471805599453,6.872987835288763,0,Lower-Value Customers
12551,358,1,168.0,0.6931471805599453,5.1298987149230735,0,Lower-Value Customers
12552,39,2,437.82,1.0986122886681098,6.084089306213804,0,Lower-Value Customers
12553,8,12,4608.75,2.5649493574615367,8.435928904585275,1,Higher-Value Customers
12554,449,1,468.5,0.6931471805599453,6.1516682986483175,0,Lower-Value Customers
12555,682,1,129.23,0.6931471805599453,4.869302117979612,0,Lower-Value Customers
12556,50,2,599.56,1.0986122886681098,6.397862553264747,0,Lower-Value Customers
12557,16,8,18096.14,2.1972245773362196,9.803509193719131,1,Higher-Value Customers
12558,8,1,269.96,0.6931471805599453,5.601971208509516,0,Lower-Value Customers
12559,311,2,561.71,1.0986122886681098,6.33276439774036,0,Lower-Value Customers
12560,5,3,2134.01,1.3862943611198906,7.666226609492505,1,Higher-Value Customers
12561,303,1,238.85,0.6931471805599453,5.480013727948073,0,Lower-Value Customers
12562,8,9,4966.92,2.302585092994046,8.510756520424078,1,Higher-Value Customers
12563,409,1,249.24,0.6931471805599453,5.522420457356946,0,Lower-Value Customers
12564,261,1,456.9,0.6931471805599453,6.12665081966305,0,Lower-Value Customers
12565,289,1,145.92,0.6931471805599453,4.989888220951467,0,Lower-Value Customers
12566,86,1,351.65,0.6931471805599453,5.865476063654188,0,Lower-Value Customers
12567,23,15,11767.48,2.772588722239781,9.37318005002864,1,Higher-Value Customers
12568,645,1,70.0,0.6931471805599453,4.2626798770413155,0,Lower-Value Customers
12569,2,32,4124.69,3.4965075614664802,8.324988557507531,1,Higher-Value Customers
12570,682,1,77.52,0.6931471805599453,4.3633533694082605,0,Lower-Value Customers
12571,40,2,519.61,1.0986122886681098,6.255001200981438,0,Lower-Value Customers
12572,9,2,1020.42,1.0986122886681098,6.928949094989139,1,Higher-Value Customers
12573,227,5,717.41,1.791759469228055,6.577040436712936,0,Lower-Value Customers
12574,316,1,218.45,0.6931471805599453,5.391124416134243,0,Lower-Value Customers
12575,457,2,622.82,1.0986122886681098,6.435861865217934,0,Lower-Value Customers
12576,36,8,2142.72,2.1972245773362196,7.670297916647234,1,Higher-Value Customers
12577,35,8,1617.1,2.1972245773362196,7.389007900405763,1,Higher-Value Customers
12578,21,4,4642.45,1.6094379124341003,8.443212903418239,1,Higher-Value Customers
12579,78,1,440.42,0.6931471805599453,6.0899968031722285,0,Lower-Value Customers
12580,247,2,1052.9,1.0986122886681098,6.960252847939891,0,Lower-Value Customers
12581,40,1,197.71,0.6931471805599453,5.291846475417725,0,Lower-Value Customers
12582,239,4,1980.4,1.6094379124341003,7.59155894453893,1,Higher-Value Customers
12583,3,27,13591.58,3.332204510175204,9.517279334601431,1,Higher-Value Customers
12584,4,9,2338.15,2.302585092994046,7.757542894498013,1,Higher-Value Customers
12585,234,2,2040.1,1.0986122886681098,7.621244157199997,0,Lower-Value Customers
12586,17,4,2062.67,1.6094379124341003,7.632241230097758,1,Higher-Value Customers
12587,8,1,144.0,0.6931471805599453,4.976733742420574,0,Lower-Value Customers
12588,39,4,958.78,1.6094379124341003,6.866704091532522,1,Higher-Value Customers
12589,29,8,4695.66,2.1972245773362196,8.454606896777193,1,Higher-Value Customers
12590,211,2,9864.26,1.0986122886681098,9.196774773912752,1,Higher-Value Customers
12591,317,3,1338.95,1.3862943611198906,7.200387578815958,0,Lower-Value Customers
12592,92,5,2582.66,1.791759469228055,7.856962277297855,1,Higher-Value Customers
12593,109,3,418.1,1.3862943611198906,6.038109554931026,0,Lower-Value Customers
12594,38,15,5090.11,2.772588722239781,8.535251160425936,1,Higher-Value Customers
12595,505,1,299.02,0.6931471805599453,5.703849139100744,0,Lower-Value Customers
12596,51,2,618.27,1.0986122886681098,6.428541364981557,0,Lower-Value Customers
12597,19,4,3811.22,1.6094379124341003,8.245966975595675,1,Higher-Value Customers
12598,10,11,4534.09,2.4849066497880004,8.419600207997298,1,Higher-Value Customers
12599,29,13,2296.72,2.6390573296152584,7.739672605902305,1,Higher-Value Customers
12600,29,21,4967.42,3.091042453358316,8.510857161102722,1,Higher-Value Customers
12601,190,6,681.26,1.9459101490553132,6.525410816864686,1,Higher-Value Customers
12602,59,1,153.12,0.6931471805599453,5.037731519757957,0,Lower-Value Customers
12603,22,1,739.2,0.6931471805599453,6.606920419952056,0,Lower-Value Customers
12604,79,2,254.18,1.0986122886681098,5.541969178493598,0,Lower-Value Customers
12605,376,4,1232.95,1.6094379124341003,7.117975685005857,0,Lower-Value Customers
12606,682,1,21.0,0.6931471805599453,3.091042453358316,0,Lower-Value Customers
12607,60,1,1579.51,0.6931471805599453,7.3655028587473295,0,Lower-Value Customers
12608,405,1,415.79,0.6931471805599453,6.03258249782888,0,Lower-Value Customers
12609,78,9,3435.86,2.302585092994046,8.14231354282266,1,Higher-Value Customers
12610,23,5,2099.54,1.791759469228055,7.6499497335130995,1,Higher-Value Customers
12611,52,1,1193.32,0.6931471805599453,7.085332264745334,0,Lower-Value Customers
12612,74,1,704.04,0.6931471805599453,6.558254538791405,0,Lower-Value Customers
12613,57,10,6817.37,2.3978952727983707,8.827375719339203,1,Higher-Value Customers
12614,278,1,315.6,0.6931471805599453,5.757639147446912,0,Lower-Value Customers
12615,2,8,5740.98,2.1972245773362196,8.655559377568013,1,Higher-Value Customers
12616,95,3,1131.1,1.3862943611198906,7.031829594084064,1,Higher-Value Customers
12617,29,1,352.98,0.6931471805599453,5.869240414362608,0,Lower-Value Customers
12618,22,1,177.31,0.6931471805599453,5.183523608545955,0,Lower-Value Customers
12619,16,10,3781.38,2.3978952727983707,8.238108720109691,1,Higher-Value Customers
12620,15,3,1339.41,1.3862943611198906,7.20073081629489,1,Higher-Value Customers
12621,2,35,24311.2,3.58351893845611,10.098733560953052,1,Higher-Value Customers
12622,232,1,180.1,0.6931471805599453,5.199049364889368,0,Lower-Value Customers
12623,276,7,3747.84,2.0794415416798357,8.229201737777698,1,Higher-Value Customers
12624,106,2,641.13,1.0986122886681098,6.464790775403018,0,Lower-Value Customers
12625,212,4,5164.88,1.6094379124341003,8.549830744582277,1,Higher-Value Customers
12626,23,9,6620.48,2.302585092994046,8.798074188898816,1,Higher-Value Customers
12627,11,7,4478.53,2.0794415416798357,8.407273409191232,1,Higher-Value Customers
12628,4,3,786.46,1.3862943611198906,6.668812575758953,1,Higher-Value Customers
12629,386,2,1558.22,1.0986122886681098,7.3519409752019005,0,Lower-Value Customers
12630,10,2,1270.88,1.0986122886681098,7.1482513998271635,1,Higher-Value Customers
12631,57,6,3481.57,1.9459101490553132,8.155525805954461,1,Higher-Value Customers
12632,521,2,804.88,1.0986122886681098,6.691934848047708,0,Lower-Value Customers
12633,59,7,5678.16,2.0794415416798357,8.644558613454844,1,Higher-Value Customers
12634,536,2,490.0,1.0986122886681098,6.19644412779452,0,Lower-Value Customers
12635,90,4,2930.41,1.6094379124341003,7.983238814926674,1,Higher-Value Customers
12636,739,1,141.0,0.6931471805599453,4.955827057601261,0,Lower-Value Customers
12637,67,12,8283.81,2.5649493574615367,9.02217899658623,1,Higher-Value Customers
12638,33,2,921.49,1.0986122886681098,6.827076535747527,0,Lower-Value Customers
12639,239,3,1312.37,1.3862943611198906,7.180351632015873,0,Lower-Value Customers
12640,24,3,1174.58,1.3862943611198906,7.06951692181073,1,Higher-Value Customers
12641,115,1,185.9,0.6931471805599453,5.230573714461517,0,Lower-Value Customers
12642,25,3,1013.26,1.3862943611198906,6.9219145615400475,1,Higher-Value Customers
12643,128,12,8304.82,2.5649493574615367,9.024711752874731,1,Higher-Value Customers
12644,130,4,1918.49,1.6094379124341003,7.559814804737258,1,Higher-Value Customers
12645,34,8,3539.3,2.1972245773362196,8.171966748299813,1,Higher-Value Customers
12646,5,2,1346.97,1.0986122886681098,7.206355036031724,1,Higher-Value Customers
12647,22,36,16955.55,3.6109179126442243,9.738409468841958,1,Higher-Value Customers
12648,155,4,1112.0,1.6094379124341003,7.014814351275545,1,Higher-Value Customers
12649,107,8,2294.65,2.1972245773362196,7.738771306795058,1,Higher-Value Customers
12650,3,1,314.44,0.6931471805599453,5.753968489569372,0,Lower-Value Customers
12651,335,4,377.75,1.6094379124341003,5.9368763568235785,0,Lower-Value Customers
12652,331,2,1017.03,1.0986122886681098,6.925624666224383,0,Lower-Value Customers
12653,149,3,4160.83,1.3862943611198906,8.333710160372133,1,Higher-Value Customers
12654,11,5,601.98,1.791759469228055,6.401884028681278,1,Higher-Value Customers
12655,424,1,261.35,0.6931471805599453,5.569679490132721,0,Lower-Value Customers
12656,17,8,6407.83,2.1972245773362196,8.765432005953489,1,Higher-Value Customers
12657,11,4,1643.18,1.6094379124341003,7.4049970586737315,1,Higher-Value Customers
12658,19,1,686.05,0.6931471805599453,6.532407069777784,0,Lower-Value Customers
12659,30,1,91.68,0.6931471805599453,4.529152699564175,0,Lower-Value Customers
12660,11,1,245.1,0.6931471805599453,5.50573795739701,0,Lower-Value Customers
12661,436,1,162.0,0.6931471805599453,5.093750200806762,0,Lower-Value Customers
12662,1,20,6726.54,3.044522437723423,8.81396482832846,1,Higher-Value Customers
12663,625,2,239.4,1.0986122886681098,5.4823042026610525,0,Lower-Value Customers
12664,8,11,6070.04,2.4849066497880004,8.711285203809107,1,Higher-Value Customers
12665,325,3,313.6,1.3862943611198906,5.751301990624177,0,Lower-Value Customers
12666,394,1,1248.42,0.6931471805599453,7.130434722615036,0,Lower-Value Customers
12667,58,1,620.13,0.6931471805599453,6.431540399799522,0,Lower-Value Customers
12668,12,10,11383.03,2.3978952727983707,9.339966775043798,1,Higher-Value Customers
12669,151,3,2744.03,1.3862943611198906,7.917547282845659,1,Higher-Value Customers
12670,10,7,3760.29,2.0794415416798357,8.232517262650086,1,Higher-Value Customers
12671,606,1,2622.48,0.6931471805599453,7.872256959693859,0,Lower-Value Customers
12672,330,2,437.05,1.0986122886681098,6.082333059112373,0,Lower-Value Customers
12673,5,3,1230.02,1.3862943611198906,7.115598373006169,1,Higher-Value Customers
12674,39,4,1970.6,1.6094379124341003,7.586600674831223,1,Higher-Value Customers
12675,554,2,957.25,1.0986122886681098,6.865108704260664,0,Lower-Value Customers
12676,25,11,2843.09,2.4849066497880004,7.952998435992042,1,Higher-Value Customers
12677,555,2,395.1,1.0986122886681098,5.981666704627871,0,Lower-Value Customers
12678,42,21,34281.18,3.091042453358316,10.44238096462203,1,Higher-Value Customers
12679,59,4,1113.02,1.6094379124341003,7.015730373647435,1,Higher-Value Customers
12680,1,4,880.81,1.6094379124341003,6.781976613299544,1,Higher-Value Customers
12681,15,45,29834.76,3.828641396489095,10.303462953068978,1,Higher-Value Customers
12682,4,52,22950.22,3.970291913552122,10.041126373117194,1,Higher-Value Customers
12683,4,21,11633.7,3.091042453358316,9.361747291132378,1,Higher-Value Customers
12684,8,7,2283.63,2.0794415416798357,7.733959364615189,1,Higher-Value Customers
12685,28,6,2863.08,1.9459101490553132,7.960002460651312,1,Higher-Value Customers
12686,372,1,89.14,0.6931471805599453,4.501364017262502,0,Lower-Value Customers
12687,481,2,2138.91,1.0986122886681098,7.668519051056749,0,Lower-Value Customers
12688,114,1,4873.81,0.6931471805599453,8.491836408313453,1,Higher-Value Customers
12689,26,2,1247.61,1.0986122886681098,7.1297862115656185,1,Higher-Value Customers
12690,206,1,389.01,0.6931471805599453,5.966172379820607,0,Lower-Value Customers
12691,28,7,1170.4,2.0794415416798357,7.065954893655682,1,Higher-Value Customers
12692,637,1,110.95,0.6931471805599453,4.718052343044764,0,Lower-Value Customers
12693,127,7,1703.02,2.0794415416798357,7.4407454444095835,1,Higher-Value Customers
12694,70,3,1843.35,1.3862943611198906,7.519882190878127,1,Higher-Value Customers
12695,7,7,1407.12,2.0794415416798357,7.2500107603590775,1,Higher-Value Customers
12696,435,2,851.91,1.0986122886681098,6.748654031960281,0,Lower-Value Customers
12697,29,3,957.59,1.3862943611198906,6.865463454791294,1,Higher-Value Customers
12698,590,1,339.75,0.6931471805599453,5.831149070576642,0,Lower-Value Customers
12699,418,1,638.11,0.6931471805599453,6.460076583537422,0,Lower-Value Customers
12700,8,4,4939.99,1.6094379124341003,8.505320994961897,1,Higher-Value Customers
12701,80,6,2446.41,1.9459101490553132,7.802785601512003,1,Higher-Value Customers
12702,20,1,219.0,0.6931471805599453,5.393627546352362,0,Lower-Value Customers
12703,71,4,1006.53,1.6094379124341003,6.915257070052459,1,Higher-Value Customers
12704,7,8,2340.84,2.1972245773362196,7.758692224146705,1,Higher-Value Customers
12705,15,14,11762.1,2.70805020110221,9.372722792156985,1,Higher-Value Customers
12707,292,1,603.42,0.6931471805599453,6.404269320519532,0,Lower-Value Customers
12708,30,18,5117.66,2.9444389791664403,8.540647965029224,1,Higher-Value Customers
12709,15,34,30291.76,3.5553480614894135,10.31866401905143,1,Higher-Value Customers
12710,97,3,1149.02,1.3862943611198906,7.047534612510416,1,Higher-Value Customers
12711,612,2,1339.05,1.0986122886681098,7.200462205681664,0,Lower-Value Customers
12712,29,21,6723.03,3.091042453358316,8.813442956148535,1,Higher-Value Customers
12713,1,1,848.55,0.6931471805599453,6.744706797531768,0,Lower-Value Customers
12714,9,12,14093.71,2.5649493574615367,9.553554828664682,1,Higher-Value Customers
12715,106,1,343.36,0.6931471805599453,5.841687621789754,0,Lower-Value Customers
12716,4,2,1053.49,1.0986122886681098,6.960812516706486,1,Higher-Value Customers
12717,151,3,1308.91,1.3862943611198906,7.17771371154501,1,Higher-Value Customers
12718,71,1,238.25,0.6931471805599453,5.477509030333064,0,Lower-Value Customers
12719,5,2,644.95,1.0986122886681098,6.47072210140631,0,Lower-Value Customers
12720,3,30,7787.28,3.4339872044851463,8.960375318593623,1,Higher-Value Customers
12721,32,8,4013.08,2.1972245773362196,8.297563459401823,1,Higher-Value Customers
12722,85,4,997.63,1.6094379124341003,6.906384339674138,1,Higher-Value Customers
12723,4,5,725.07,1.791759469228055,6.587646428909591,1,Higher-Value Customers
12724,5,7,2317.52,2.0794415416798357,7.748684330061293,1,Higher-Value Customers
12725,371,4,2266.76,1.6094379124341003,7.72654783914248,0,Lower-Value Customers
12726,28,11,4014.6,2.4849066497880004,8.297942054817371,1,Higher-Value Customers
12727,11,10,5679.53,2.3978952727983707,8.644799817221259,1,Higher-Value Customers
12728,71,5,1070.17,1.791759469228055,6.97650678801018,1,Higher-Value Customers
12729,114,1,453.01,0.6931471805599453,6.118119224230488,0,Lower-Value Customers
12730,522,1,829.25,0.6931471805599453,6.721726860256856,0,Lower-Value Customers
12731,24,17,25775.71,2.8903717578961645,10.157226650040503,1,Higher-Value Customers
12732,180,1,236.26,0.6931471805599453,5.469156586232957,0,Lower-Value Customers
12733,234,4,2424.87,1.6094379124341003,7.793945501918165,1,Higher-Value Customers
12734,353,3,639.65,1.3862943611198906,6.462483285955585,0,Lower-Value Customers
12735,315,2,779.57,1.0986122886681098,6.660024422032584,0,Lower-Value Customers
12736,333,1,234.0,0.6931471805599453,5.459585514144159,0,Lower-Value Customers
12737,499,2,3710.5,1.0986122886681098,8.219191386557602,0,Lower-Value Customers
12738,372,1,155.35,0.6931471805599453,5.05209708390385,0,Lower-Value Customers
12739,78,4,2726.73,1.6094379124341003,7.911225040458104,1,Higher-Value Customers
12740,64,1,427.6,0.6931471805599453,6.060524083039477,0,Lower-Value Customers
12741,529,2,406.07,1.0986122886681098,6.008985160825971,0,Lower-Value Customers
12742,626,1,1201.52,0.6931471805599453,7.092174633858238,0,Lower-Value Customers
12743,134,2,540.13,1.0986122886681098,6.293659545728696,0,Lower-Value Customers
12744,52,11,25317.06,2.4849066497880004,10.139273254049405,1,Higher-Value Customers
12745,487,3,925.41,1.3862943611198906,6.8313169012337,0,Lower-Value Customers
12746,541,1,254.55,0.6931471805599453,5.543418085214289,0,Lower-Value Customers
12747,2,26,8898.48,3.295836866004329,9.093748127047018,1,Higher-Value Customers
12748,1,336,53539.64,5.820082930352362,10.888196270682391,1,Higher-Value Customers
12749,4,9,6897.36,2.302585092994046,8.839038981175287,1,Higher-Value Customers
12750,129,1,275.88,0.6931471805599453,5.623584199327089,0,Lower-Value Customers
12751,445,1,268.27,0.6931471805599453,5.595714593686387,0,Lower-Value Customers
12752,81,1,4366.78,0.6931471805599453,8.38201014985595,1,Higher-Value Customers
12753,23,6,21429.39,1.9459101490553132,9.972565287088774,1,Higher-Value Customers
12754,236,3,3010.74,1.3862943611198906,8.010273263812737,1,Higher-Value Customers
12755,281,11,5236.26,2.4849066497880004,8.563553739791448,1,Higher-Value Customers
12756,87,1,112.08,0.6931471805599453,4.72809553282539,0,Lower-Value Customers
12757,16,13,7834.65,2.6390573296152584,8.966439112421154,1,Higher-Value Customers
12758,117,7,9903.24,2.0794415416798357,9.200718227264051,1,Higher-Value Customers
12759,52,8,5020.74,2.1972245773362196,8.521531766174993,1,Higher-Value Customers
12760,456,1,347.8,0.6931471805599453,5.8544986920348245,0,Lower-Value Customers
12761,458,2,782.95,1.0986122886681098,6.664345242806459,0,Lower-Value Customers
12762,8,2,1898.52,1.0986122886681098,7.549356501658852,1,Higher-Value Customers
12763,138,2,494.08,1.0986122886681098,6.204719365671822,0,Lower-Value Customers
12764,317,1,1693.88,0.6931471805599453,7.435367220848186,0,Lower-Value Customers
12765,472,6,1404.58,1.9459101490553132,7.248205307972568,0,Lower-Value Customers
12766,4,9,8918.99,2.302585092994046,9.096050104497193,1,Higher-Value Customers
12767,376,1,949.82,0.6931471805599453,6.857324770182772,0,Lower-Value Customers
12768,451,1,168.69,0.6931471805599453,5.133973242984735,0,Lower-Value Customers
12769,239,1,1143.6,0.6931471805599453,7.042810509975002,0,Lower-Value Customers
12770,211,2,3246.45,1.0986122886681098,8.085625351967414,1,Higher-Value Customers
12771,486,1,282.3,0.6931471805599453,5.646506406836471,0,Lower-Value Customers
12772,60,1,892.47,0.6931471805599453,6.795112758210396,0,Lower-Value Customers
12773,564,1,124.25,0.6931471805599453,4.830311739964974,0,Lower-Value Customers
12774,536,1,98.7,0.6931471805599453,4.602165676967792,0,Lower-Value Customers
12775,17,7,1686.12,2.0794415416798357,7.430778212203509,1,Higher-Value Customers
12776,668,1,55.5,0.6931471805599453,4.034240638152395,0,Lower-Value Customers
12777,458,1,519.45,0.6931471805599453,6.254693821961477,0,Lower-Value Customers
12778,20,9,1775.68,2.302585092994046,7.482501733154052,1,Higher-Value Customers
12779,38,14,6474.11,2.70805020110221,8.775720874840426,1,Higher-Value Customers
12780,599,1,337.4,0.6931471805599453,5.824228627732068,0,Lower-Value Customers
12781,64,2,826.74,1.0986122886681098,6.718699095412067,0,Lower-Value Customers
12782,5,11,4618.24,2.4849066497880004,8.437985468379317,1,Higher-Value Customers
12783,2,6,2225.91,1.9459101490553132,7.708370253328926,1,Higher-Value Customers
12784,9,3,1763.15,1.3862943611198906,7.475424266965155,1,Higher-Value Customers
12785,364,3,1100.4,1.3862943611198906,7.004337376828381,0,Lower-Value Customers
12786,610,1,728.5,0.6931471805599453,6.592359367962841,0,Lower-Value Customers
12787,10,4,862.18,1.6094379124341003,6.760623244074023,1,Higher-Value Customers
12788,463,4,444.9,1.6094379124341003,6.100094711633431,0,Lower-Value Customers
12789,65,3,273.35,1.3862943611198906,5.614404663504985,0,Lower-Value Customers
12790,192,2,591.85,1.0986122886681098,6.38494141590408,0,Lower-Value Customers
12791,374,6,863.51,1.9459101490553132,6.7621628724364315,0,Lower-Value Customers
12792,257,2,827.01,1.0986122886681098,6.719025231607016,0,Lower-Value Customers
12793,335,3,885.53,1.3862943611198906,6.787314965889217,0,Lower-Value Customers
12794,53,2,860.41,1.0986122886681098,6.758570581561217,0,Lower-Value Customers
12795,19,1,430.48,0.6931471805599453,6.067221159507229,0,Lower-Value Customers
12796,628,1,381.0,0.6931471805599453,5.945420608606575,0,Lower-Value Customers
12797,366,2,552.08,1.0986122886681098,6.315502656520417,0,Lower-Value Customers
12798,10,4,8510.93,1.6094379124341003,9.049223987863401,1,Higher-Value Customers
12799,529,1,219.35,0.6931471805599453,5.395217191287996,0,Lower-Value Customers
12800,470,3,584.25,1.3862943611198906,6.3720391063710204,0,Lower-Value Customers
12801,501,1,1071.82,0.6931471805599453,6.978045974597571,0,Lower-Value Customers
12802,187,7,2416.42,2.0794415416798357,7.7904561347426675,1,Higher-Value Customers
12803,393,1,1092.81,0.6931471805599453,6.997422293310083,0,Lower-Value Customers
12804,466,2,325.37,1.0986122886681098,5.788031707101101,0,Lower-Value Customers
12805,382,4,1434.95,1.6094379124341003,7.269581930060472,0,Lower-Value Customers
12806,435,4,2878.96,1.6094379124341003,7.9655316841446515,0,Lower-Value Customers
12807,383,1,330.35,0.6931471805599453,5.803175218534236,0,Lower-Value Customers
12808,37,5,776.7,1.791759469228055,6.656340845700898,1,Higher-Value Customers
12809,178,3,1755.94,1.3862943611198906,7.471328938486188,1,Higher-Value Customers
12810,535,2,534.99,1.0986122886681098,6.284115504180345,0,Lower-Value Customers
12811,261,5,1033.9,1.791759469228055,6.942060082674128,1,Higher-Value Customers
12812,45,1,229.64,0.6931471805599453,5.440858053330147,0,Lower-Value Customers
12813,502,3,1687.8,1.3862943611198906,7.4317734965341105,0,Lower-Value Customers
12814,102,1,125.92,0.6931471805599453,4.843556966714995,0,Lower-Value Customers
12815,148,2,1063.46,1.0986122886681098,6.970222907300612,0,Lower-Value Customers
12816,96,2,572.2,1.0986122886681098,6.351234695954017,0,Lower-Value Customers
12817,281,3,690.98,1.3862943611198906,6.539557053465902,0,Lower-Value Customers
12818,262,1,1542.08,0.6931471805599453,7.341535698070348,0,Lower-Value Customers
12819,458,1,540.52,0.6931471805599453,6.294380000200352,0,Lower-Value Customers
12820,3,11,2689.52,2.4849066497880004,7.897489762464381,1,Higher-Value Customers
12821,214,2,220.8,1.0986122886681098,5.401776074916267,0,Lower-Value Customers
12822,71,2,948.88,1.0986122886681098,6.856335660826602,0,Lower-Value Customers
12823,75,18,6501.5,2.9444389791664403,8.779941997322807,1,Higher-Value Customers
12824,60,1,397.12,0.6931471805599453,5.986753467377863,0,Lower-Value Customers
12825,521,2,518.63,1.0986122886681098,6.253117019850299,0,Lower-Value Customers
12826,3,12,2800.75,2.5649493574615367,7.937999500932137,1,Higher-Value Customers
12827,6,3,430.15,1.3862943611198906,6.066456057398334,0,Lower-Value Customers
12828,3,6,1018.71,1.9459101490553132,6.927273552128017,1,Higher-Value Customers
12829,337,3,385.3,1.3862943611198906,5.956614269672236,0,Lower-Value Customers
12830,38,6,6814.64,1.9459101490553132,8.826975250212882,1,Higher-Value Customers
12831,262,3,451.11,1.3862943611198906,6.113925513056159,0,Lower-Value Customers
12832,32,2,383.03,1.0986122886681098,5.950720674536128,0,Lower-Value Customers
12833,145,1,417.38,0.6931471805599453,6.0363901104609745,0,Lower-Value Customers
12834,283,1,312.38,0.6931471805599453,5.7474165116762626,0,Lower-Value Customers
12835,428,41,5996.83,3.7376696182833684,8.699153016126363,1,Higher-Value Customers
12836,59,15,6559.73,2.772588722239781,8.788857156234725,1,Higher-Value Customers
12837,173,2,662.66,1.0986122886681098,6.497769970142218,0,Lower-Value Customers
12838,34,10,2975.91,2.3978952727983707,7.998641128781831,1,Higher-Value Customers
12839,3,26,9669.12,3.295836866004329,9.176795997884303,1,Higher-Value Customers
12840,144,7,4041.97,2.0794415416798357,8.30473484938074,1,Higher-Value Customers
12841,5,40,6958.2,3.713572066704308,8.847819804193332,1,Higher-Value Customers
12842,70,4,1917.99,1.6094379124341003,7.559554284946702,1,Higher-Value Customers
12843,66,30,6583.36,3.4339872044851463,8.792452418869408,1,Higher-Value Customers
12844,29,4,648.6,1.6094379124341003,6.476356788847468,1,Higher-Value Customers
12845,267,4,354.09,1.6094379124341003,5.8723712784711255,0,Lower-Value Customers
12846,682,1,15.58,0.6931471805599453,2.8081971497071487,0,Lower-Value Customers
12847,22,2,1609.0,1.0986122886681098,7.383989457978509,1,Higher-Value Customers
12848,676,1,208.0,0.6931471805599453,5.342334251964811,0,Lower-Value Customers
12849,31,6,3042.47,1.9459101490553132,8.020753590812948,1,Higher-Value Customers
12850,446,1,330.0,0.6931471805599453,5.802118375377063,0,Lower-Value Customers
12851,97,2,280.76,1.0986122886681098,5.641055644747896,0,Lower-Value Customers
12852,295,1,311.55,0.6931471805599453,5.744764456377822,0,Lower-Value Customers
12853,135,11,3907.5,2.4849066497880004,8.270908947660384,1,Higher-Value Customers
12854,79,7,2970.97,2.0794415416798357,7.996980311574052,1,Higher-Value Customers
12855,373,4,612.84,1.6094379124341003,6.41973430786941,0,Lower-Value Customers
12856,8,6,2170.78,1.9459101490553132,7.683302386789297,1,Higher-Value Customers
12857,211,6,3688.0,1.9459101490553132,8.213110697596676,1,Higher-Value Customers
12858,383,1,147.27,0.6931471805599453,4.999034936029934,0,Lower-Value Customers
12859,459,1,575.1,0.6931471805599453,6.356281256738337,0,Lower-Value Customers
12860,693,1,54.22,0.6931471805599453,4.011325206502009,0,Lower-Value Customers
12861,620,1,68.25,0.6931471805599453,4.237723145067448,0,Lower-Value Customers
12862,426,2,984.62,1.0986122886681098,6.893270884781163,0,Lower-Value Customers
12863,52,6,2792.55,1.9459101490553132,7.935068467432419,1,Higher-Value Customers
12864,138,2,299.57,1.0986122886681098,5.705680671939281,0,Lower-Value Customers
12865,26,4,3323.47,1.6094379124341003,8.109065541888423,1,Higher-Value Customers
12866,283,3,1227.35,1.3862943611198906,7.113427084384307,0,Lower-Value Customers
12867,26,13,7829.26,2.6390573296152584,8.965750994052968,1,Higher-Value Customers
12868,186,8,2043.76,2.1972245773362196,7.623035702176544,1,Higher-Value Customers
12869,682,1,337.67,0.6931471805599453,5.825026181941565,0,Lower-Value Customers
12870,375,3,1676.95,1.3862943611198906,7.42532808920537,0,Lower-Value Customers
12871,84,3,744.02,1.3862943611198906,6.613411063656805,0,Lower-Value Customers
12872,327,12,3283.96,2.5649493574615367,8.097109754284455,1,Higher-Value Customers
12873,282,3,2027.3,1.3862943611198906,7.614953282764742,0,Lower-Value Customers
12874,385,2,948.42,1.0986122886681098,6.855851271831715,0,Lower-Value Customers
12875,143,5,1356.99,1.791759469228055,7.213760944321279,1,Higher-Value Customers
12876,58,4,4081.79,1.6094379124341003,8.314535857226844,1,Higher-Value Customers
12877,4,20,2942.14,3.044522437723423,7.987232317608318,1,Higher-Value Customers
12878,236,2,854.99,1.0986122886681098,6.752258693830513,0,Lower-Value Customers
12879,45,3,573.22,1.3862943611198906,6.353012598149689,0,Lower-Value Customers
12880,382,2,640.13,1.0986122886681098,6.463232244470209,0,Lower-Value Customers
12881,276,1,298.0,0.6931471805599453,5.700443573390687,0,Lower-Value Customers
12882,9,2,1463.04,1.0986122886681098,7.288955016552379,1,Higher-Value Customers
12883,25,4,703.47,1.6094379124341003,6.5574457470395595,1,Higher-Value Customers
12884,88,1,309.05,0.6931471805599453,5.736733574795887,0,Lower-Value Customers
12885,63,3,1175.22,1.3862943611198906,7.0700611857921905,1,Higher-Value Customers
12886,68,2,1378.4,1.0986122886681098,7.229403900997191,1,Higher-Value Customers
12887,384,1,222.4,0.6931471805599453,5.4089638866351,0,Lower-Value Customers
12888,214,2,354.12,1.0986122886681098,5.87245576052578,0,Lower-Value Customers
12889,381,4,385.46,1.6094379124341003,5.957028369786855,0,Lower-Value Customers
12890,24,2,706.02,1.0986122886681098,6.561058954039599,0,Lower-Value Customers
12891,186,11,840.5,2.4849066497880004,6.735186013630861,1,Higher-Value Customers
12892,397,1,263.38,0.6931471805599453,5.577387462151254,0,Lower-Value Customers
12893,31,1,176.55,0.6931471805599453,5.179252259389097,0,Lower-Value Customers
12894,575,1,157.35,0.6931471805599453,5.064807772984649,0,Lower-Value Customers
12895,42,2,372.8,1.0986122886681098,5.923720895021463,0,Lower-Value Customers
12897,205,4,514.25,1.6094379124341003,6.244652219770568,0,Lower-Value Customers
12898,464,2,296.21,1.0986122886681098,5.6944389596530485,0,Lower-Value Customers
12899,414,1,366.4,0.6931471805599453,5.906451172781026,0,Lower-Value Customers
12900,422,1,340.33,0.6931471805599453,5.832849751258659,0,Lower-Value Customers
12901,9,28,17654.54,3.367295829986474,9.778804894130932,1,Higher-Value Customers
12902,265,1,138.68,0.6931471805599453,4.939354092091292,0,Lower-Value Customers
12903,429,1,833.53,0.6931471805599453,6.726868692126177,0,Lower-Value Customers
12904,18,2,496.06,1.0986122886681098,6.208710743156108,0,Lower-Value Customers
12905,577,2,1018.42,1.0986122886681098,6.926989117097435,0,Lower-Value Customers
12906,12,5,2919.81,1.791759469228055,7.979616254055095,1,Higher-Value Customers
12907,396,2,508.91,1.0986122886681098,6.23423423955737,0,Lower-Value Customers
12908,176,5,1776.0,1.791759469228055,7.482681828154651,1,Higher-Value Customers
12909,40,8,3103.19,2.1972245773362196,8.040508090769977,1,Higher-Value Customers
12910,23,13,5796.52,2.6390573296152584,8.665185518886565,1,Higher-Value Customers
12911,552,1,1651.72,0.6931471805599453,7.410177694483373,0,Lower-Value Customers
12912,3,5,1662.3,1.791759469228055,7.416558859796489,1,Higher-Value Customers
12913,5,13,6283.24,2.6390573296152584,8.745800190880452,1,Higher-Value Customers
12914,401,1,223.98,0.6931471805599453,5.4160115093646795,0,Lower-Value Customers
12915,149,4,975.1,1.6094379124341003,6.88356504018092,1,Higher-Value Customers
12916,139,7,4479.73,2.0794415416798357,8.407541258563274,1,Higher-Value Customers
12917,128,6,4359.2,1.9459101490553132,8.380273206850646,1,Higher-Value Customers
12918,626,1,10953.5,0.6931471805599453,9.301505609728274,0,Lower-Value Customers
12919,8,6,1335.19,1.9459101490553132,7.197577559553778,1,Higher-Value Customers
12920,17,4,486.64,1.6094379124341003,6.189577428696945,1,Higher-Value Customers
12921,9,74,35233.24,4.31748811353631,10.469773616066316,1,Higher-Value Customers
12922,161,1,405.38,0.6931471805599453,6.007288682454868,0,Lower-Value Customers
12923,64,3,770.42,1.3862943611198906,6.648232972324212,1,Higher-Value Customers
12924,88,12,2469.4,2.5649493574615367,7.8121353598304575,1,Higher-Value Customers
12925,5,3,729.33,1.3862943611198906,6.593496486790971,1,Higher-Value Customers
12926,411,4,1523.97,1.6094379124341003,7.329730016716866,0,Lower-Value Customers
12927,395,1,197.31,0.6931471805599453,5.289831462897738,0,Lower-Value Customers
12928,35,12,4304.89,2.5649493574615367,8.367739131847895,1,Higher-Value Customers
12929,312,1,117.85,0.6931471805599453,4.777862193806203,0,Lower-Value Customers
12930,78,2,415.8,1.0986122886681098,6.032606490439157,0,Lower-Value Customers
12931,22,57,92347.34,4.060443010546419,11.433323010371083,1,Higher-Value Customers
12932,539,8,1698.56,2.1972245773362196,7.438124673014305,0,Lower-Value Customers
12933,24,8,1636.63,2.1972245773362196,7.401005353671219,1,Higher-Value Customers
12934,737,1,181.65,0.6931471805599453,5.207571753241291,0,Lower-Value Customers
12935,2,15,4243.86,2.772588722239781,8.353464118225153,1,Higher-Value Customers
12936,17,4,1063.9,1.6094379124341003,6.970636177021338,1,Higher-Value Customers
12937,15,9,3097.61,2.302585092994046,8.03870890282091,1,Higher-Value Customers
12938,26,1,114.14,0.6931471805599453,4.7461487792476635,0,Lower-Value Customers
12939,64,20,25264.8,3.044522437723423,10.13720698158251,1,Higher-Value Customers
12940,55,2,899.69,1.0986122886681098,6.803161136252212,0,Lower-Value Customers
12941,724,1,377.49,0.6931471805599453,5.936189652449227,0,Lower-Value Customers
12942,131,3,675.6,1.3862943611198906,6.517080256346608,0,Lower-Value Customers
12943,558,2,496.5,1.0986122886681098,6.209595556598647,0,Lower-Value Customers
12944,36,2,604.51,1.0986122886681098,6.406071078133402,0,Lower-Value Customers
12945,288,2,900.11,1.0986122886681098,6.803627336726857,0,Lower-Value Customers
12946,437,1,324.45,0.6931471805599453,5.785208840018396,0,Lower-Value Customers
12947,144,6,1603.99,1.9459101490553132,7.380872805015112,1,Higher-Value Customers
12948,16,9,2317.43,2.302585092994046,7.748645511441289,1,Higher-Value Customers
12949,31,22,15526.7,3.1354942159291497,9.650380804724037,1,Higher-Value Customers
12950,2,3,1843.0,1.3862943611198906,7.519692404116539,1,Higher-Value Customers
12951,9,15,3213.72,2.772588722239781,8.075495541121626,1,Higher-Value Customers
12952,6,4,1387.79,1.6094379124341003,7.236188143419333,1,Higher-Value Customers
12953,10,2,828.81,1.0986122886681098,6.721196758922804,0,Lower-Value Customers
12954,639,1,162.45,0.6931471805599453,5.09650713317022,0,Lower-Value Customers
12955,1,11,4757.16,2.4849066497880004,8.46761631787212,1,Higher-Value Customers
12956,306,4,521.89,1.6094379124341003,6.259371116895707,0,Lower-Value Customers
12957,10,13,8706.97,2.6390573296152584,9.071993977240556,1,Higher-Value Customers
12958,400,2,467.34,1.0986122886681098,6.149194527873866,0,Lower-Value Customers
12959,484,1,150.95,0.6931471805599453,5.023551519362802,0,Lower-Value Customers
12960,414,4,1322.07,1.6094379124341003,7.187710072768178,0,Lower-Value Customers
12961,379,1,211.99,0.6931471805599453,5.361245216250509,0,Lower-Value Customers
12962,7,2,266.39,1.0986122886681098,5.588708266810736,0,Lower-Value Customers
12963,8,12,3235.79,2.5649493574615367,8.082337376937627,1,Higher-Value Customers
12964,437,1,132.24,0.6931471805599453,4.892152013325479,0,Lower-Value Customers
12965,89,1,769.81,0.6931471805599453,6.647441909990047,0,Lower-Value Customers
12966,10,1,160.18,0.6931471805599453,5.0825217528963655,0,Lower-Value Customers
12967,358,3,2938.52,1.3862943611198906,7.986001581697374,0,Lower-Value Customers
12968,112,1,135.95,0.6931471805599453,4.919615895709087,0,Lower-Value Customers
12969,603,1,122.45,0.6931471805599453,4.8158362157911885,0,Lower-Value Customers
12970,7,10,1453.6,2.3978952727983707,7.28248622772044,1,Higher-Value Customers
12971,4,116,15704.6,4.762173934797756,9.661772615636483,1,Higher-Value Customers
12972,414,4,1161.2,1.6094379124341003,7.058070039641005,0,Lower-Value Customers
12973,414,1,385.55,0.6931471805599453,5.957261225766484,0,Lower-Value Customers
12974,198,2,408.95,1.0986122886681098,6.016035201042187,0,Lower-Value Customers
12975,437,6,2100.09,1.9459101490553132,7.650211536671941,1,Higher-Value Customers
12976,212,8,3156.38,2.1972245773362196,8.057497848751854,1,Higher-Value Customers
12977,156,4,513.88,1.6094379124341003,6.243933863804019,0,Lower-Value Customers
12978,385,5,2502.82,1.791759469228055,7.825572844652115,1,Higher-Value Customers
12979,729,1,517.7,0.6931471805599453,6.251325681357355,0,Lower-Value Customers
12980,158,21,16245.78,3.091042453358316,9.695650014276662,1,Higher-Value Customers
12981,30,2,372.22,1.0986122886681098,5.922168058105326,0,Lower-Value Customers
12982,243,8,2744.81,2.1972245773362196,7.917831392382723,1,Higher-Value Customers
12983,598,1,490.08,0.6931471805599453,6.196607047312639,0,Lower-Value Customers
12984,19,1,97.5,0.6931471805599453,4.590056548178043,0,Lower-Value Customers
12985,1,2,1239.38,1.0986122886681098,7.123173063265281,1,Higher-Value Customers
12986,429,10,2729.84,2.3978952727983707,7.912364533159128,1,Higher-Value Customers
12987,74,5,1312.21,1.791759469228055,7.180229800584737,1,Higher-Value Customers
12988,292,1,505.82,0.6931471805599453,6.228155910967461,0,Lower-Value Customers
12989,3,33,13551.75,3.5263605246161616,9.51434475774539,1,Higher-Value Customers
12990,31,7,955.5,2.0794415416798357,6.863280788880307,1,Higher-Value Customers
12991,23,3,764.82,1.3862943611198906,6.640947155181664,1,Higher-Value Customers
12992,725,1,93.35,0.6931471805599453,4.547011271814559,0,Lower-Value Customers
12993,23,8,1259.63,2.1972245773362196,7.139366874987175,1,Higher-Value Customers
12994,4,3,974.42,1.3862943611198906,6.882868147474188,1,Higher-Value Customers
12995,85,1,211.32,0.6931471805599453,5.358094570583897,0,Lower-Value Customers
12996,376,1,355.5,0.6931471805599453,5.8763342398543505,0,Lower-Value Customers
12997,22,8,2110.91,2.1972245773362196,7.655348030281802,1,Higher-Value Customers
12998,493,3,920.08,1.3862943611198906,6.825546894589419,0,Lower-Value Customers
12999,196,3,455.88,1.3862943611198906,6.124420774356607,0,Lower-Value Customers
13000,107,4,1032.5,1.6094379124341003,6.940706379121823,1,Higher-Value Customers
13001,4,33,24042.65,3.5263605246161616,10.087626207406956,1,Higher-Value Customers
13002,318,3,414.13,1.3862943611198906,6.0285917241892655,0,Lower-Value Customers
13003,106,3,149.05,1.3862943611198906,5.010968571886377,0,Lower-Value Customers
13004,12,36,11650.85,3.6109179126442243,9.363220244669996,1,Higher-Value Customers
13005,174,4,999.68,1.6094379124341003,6.908435047886894,1,Higher-Value Customers
13006,56,1,81.57,0.6931471805599453,4.413646418429337,0,Lower-Value Customers
13007,580,1,175.25,0.6931471805599453,5.171903441692378,0,Lower-Value Customers
13008,323,3,612.13,1.3862943611198906,6.4185769852303105,0,Lower-Value Customers
13009,673,1,234.0,0.6931471805599453,5.459585514144159,0,Lower-Value Customers
13010,374,2,330.12,1.0986122886681098,5.802480847440477,0,Lower-Value Customers
13011,372,1,50.55,0.6931471805599453,3.942552210462969,0,Lower-Value Customers
13012,9,11,2957.83,2.4849066497880004,7.992549198907951,1,Higher-Value Customers
13013,1,29,11097.43,3.4011973816621555,9.3145589358552,1,Higher-Value Customers
13014,11,11,5381.08,2.4849066497880004,8.590830195539068,1,Higher-Value Customers
13015,53,11,6579.78,2.4849066497880004,8.791908558327364,1,Higher-Value Customers
13016,73,3,789.89,1.3862943611198906,6.673158893621945,1,Higher-Value Customers
13017,7,1,204.0,0.6931471805599453,5.3230099791384085,0,Lower-Value Customers
13018,16,35,9763.16,3.58351893845611,9.186473818105341,1,Higher-Value Customers
13019,379,6,1229.95,1.9459101490553132,7.115541507975305,0,Lower-Value Customers
13020,563,2,618.96,1.0986122886681098,6.42965495982885,0,Lower-Value Customers
13021,4,17,4887.24,2.8903717578961645,8.494587599482408,1,Higher-Value Customers
13022,430,1,65.3,0.6931471805599453,4.194189897191817,0,Lower-Value Customers
13023,64,3,1449.03,1.3862943611198906,7.279339524855764,1,Higher-Value Customers
13024,471,2,555.87,1.0986122886681098,6.32233181950912,0,Lower-Value Customers
13025,732,1,323.39,0.6931471805599453,5.781946495625555,0,Lower-Value Customers
13026,1,9,1733.08,2.302585092994046,7.458232292377749,1,Higher-Value Customers
13027,114,19,17239.2,2.995732273553991,9.754999145078468,1,Higher-Value Customers
13028,23,2,661.32,1.0986122886681098,6.49574882283055,0,Lower-Value Customers
13029,31,5,1927.3,1.791759469228055,7.564394064725559,1,Higher-Value Customers
13030,11,2,752.44,1.0986122886681098,6.6246493864952445,0,Lower-Value Customers
13031,407,5,3292.84,1.791759469228055,8.099809336394545,1,Higher-Value Customers
13032,52,9,2815.96,2.302585092994046,7.9434135682725415,1,Higher-Value Customers
13033,357,2,220.55,1.0986122886681098,5.400648297645499,0,Lower-Value Customers
13034,55,3,756.82,1.3862943611198906,6.630445890424145,1,Higher-Value Customers
13035,74,3,1364.2,1.3862943611198906,7.219056217032552,1,Higher-Value Customers
13036,685,1,307.1,0.6931471805599453,5.730424405602622,0,Lower-Value Customers
13037,138,12,3914.95,2.5649493574615367,8.272813235438141,1,Higher-Value Customers
13038,80,3,908.46,1.3862943611198906,6.812851016782114,1,Higher-Value Customers
13039,584,4,1010.73,1.6094379124341003,6.919417015831408,0,Lower-Value Customers
13040,9,2,676.99,1.0986122886681098,6.519132538569087,0,Lower-Value Customers
13041,451,4,799.13,1.6094379124341003,6.684774214466232,0,Lower-Value Customers
13042,598,3,1488.59,1.3862943611198906,7.306256193288668,0,Lower-Value Customers
13043,273,1,516.42,0.6931471805599453,6.248854923817375,0,Lower-Value Customers
13044,291,11,4848.05,2.4849066497880004,8.486538088456603,1,Higher-Value Customers
13045,99,3,808.92,1.3862943611198906,6.696935477356759,0,Lower-Value Customers
13046,31,3,949.25,1.3862943611198906,6.856725107869358,1,Higher-Value Customers
13047,32,24,8428.53,3.2188758248682006,9.039496296179472,1,Higher-Value Customers
13048,14,9,4049.13,2.302585092994046,8.306504258350863,1,Higher-Value Customers
13049,64,4,1408.24,1.6094379124341003,7.250805830963473,1,Higher-Value Customers
13050,15,35,11986.52,3.58351893845611,9.39162138759489,1,Higher-Value Customers
13051,579,2,155.8,1.0986122886681098,5.054971107916307,0,Lower-Value Customers
13052,212,7,3119.33,2.0794415416798357,8.045694044441127,1,Higher-Value Customers
13053,622,1,127.65,0.6931471805599453,4.857095538727753,0,Lower-Value Customers
13055,78,4,2321.11,1.6094379124341003,7.7502315340901236,1,Higher-Value Customers
13056,551,1,209.48,0.6931471805599453,5.349390636732037,0,Lower-Value Customers
13057,530,3,709.59,1.3862943611198906,6.566095610873215,0,Lower-Value Customers
13058,25,3,271.4,1.3862943611198906,5.607271574275357,0,Lower-Value Customers
13059,250,10,2291.77,2.3978952727983707,7.737515972550064,1,Higher-Value Customers
13060,254,1,307.53,0.6931471805599453,5.731819083350057,0,Lower-Value Customers
13061,72,1,248.61,0.6931471805599453,5.519899699795292,0,Lower-Value Customers
13062,191,1,346.98,0.6931471805599453,5.85214500685857,0,Lower-Value Customers
13063,481,1,188.4,0.6931471805599453,5.243861180751978,0,Lower-Value Customers
13064,13,6,1666.84,1.9459101490553132,7.419284655056371,1,Higher-Value Customers
13065,373,5,1055.05,1.791759469228055,6.962290811630151,0,Lower-Value Customers
13066,24,2,470.8,1.0986122886681098,6.1565551669735745,0,Lower-Value Customers
13067,82,3,508.51,1.3862943611198906,6.233449479555548,0,Lower-Value Customers
13068,10,2,344.0,1.0986122886681098,5.84354441703136,0,Lower-Value Customers
13069,1,38,9284.45,3.6635616461296463,9.136203937878962,1,Higher-Value Customers
13070,192,4,751.7,1.6094379124341003,6.623666742040486,0,Lower-Value Customers
13071,612,1,129.22,0.6931471805599453,4.869225327808716,0,Lower-Value Customers
13072,267,1,177.15,0.6931471805599453,5.182625892051845,0,Lower-Value Customers
13073,411,2,418.08,1.0986122886681098,6.038061832484764,0,Lower-Value Customers
13074,511,4,1378.74,1.6094379124341003,7.229650354603547,0,Lower-Value Customers
13075,130,1,919.61,0.6931471805599453,6.825036493805135,0,Lower-Value Customers
13076,458,1,135.4,0.6931471805599453,4.915591745409362,0,Lower-Value Customers
13077,1,11,2740.65,2.4849066497880004,7.91631520791963,1,Higher-Value Customers
13078,3,57,29018.06,4.060443010546419,10.275708134459395,1,Higher-Value Customers
13079,4,6,419.18,1.9459101490553132,6.040683190895481,1,Higher-Value Customers
13080,179,4,280.73,1.6094379124341003,5.640949165484632,0,Lower-Value Customers
13081,12,28,56838.37,3.367295829986474,10.94798449840577,1,Higher-Value Customers
13082,126,21,7335.75,3.091042453358316,8.900651244261311,1,Higher-Value Customers
13083,4,3,395.43,1.3862943611198906,5.982499480722332,0,Lower-Value Customers
13084,492,1,122.4,0.6931471805599453,4.8154311114712876,0,Lower-Value Customers
13085,158,8,2433.28,2.1972245773362196,7.7974063039073975,1,Higher-Value Customers
13086,383,1,439.33,0.6931471805599453,6.087524445802853,0,Lower-Value Customers
13087,726,1,313.64,0.6931471805599453,5.751429128123554,0,Lower-Value Customers
13088,417,1,236.11,0.6931471805599453,5.468524168478886,0,Lower-Value Customers
13089,3,203,113416.91,5.318119993844216,11.638834594313067,1,Higher-Value Customers
13090,9,24,13091.74,3.2188758248682006,9.479813157091225,1,Higher-Value Customers
13091,28,3,2321.82,1.3862943611198906,7.7505372437587425,1,Higher-Value Customers
13092,71,12,2140.28,2.5649493574615367,7.669159060048065,1,Higher-Value Customers
13093,276,55,54144.25,4.02535169073515,10.899425529283329,1,Higher-Value Customers
13094,21,13,2209.44,2.6390573296152584,7.700946869717639,1,Higher-Value Customers
13095,71,1,74.4,0.6931471805599453,4.32280727501391,0,Lower-Value Customers
13096,394,1,419.7,0.6931471805599453,6.041919990596475,0,Lower-Value Customers
13097,33,28,13324.1,3.367295829986474,9.497404753696317,1,Higher-Value Customers
13098,1,28,28882.44,3.367295829986474,10.271023699486712,1,Higher-Value Customers
13099,99,1,207.36,0.6931471805599453,5.339267352876991,0,Lower-Value Customers
13101,234,4,695.4,1.6094379124341003,6.545924207894034,0,Lower-Value Customers
13102,1,37,11380.1,3.6375861597263857,9.339709363817402,1,Higher-Value Customers
13103,40,3,709.64,1.3862943611198906,6.566165972461445,1,Higher-Value Customers
13104,3,9,1709.1,2.302585092994046,7.444307127319008,1,Higher-Value Customers
13105,436,1,72.0,0.6931471805599453,4.290459441148391,0,Lower-Value Customers
13106,133,2,603.46,1.0986122886681098,6.4043354974767395,0,Lower-Value Customers
13107,44,9,5253.07,2.302585092994046,8.56675829333907,1,Higher-Value Customers
13108,373,2,748.46,1.0986122886681098,6.619352947205873,0,Lower-Value Customers
13109,60,3,1134.03,1.3862943611198906,7.034414361284253,1,Higher-Value Customers
13110,31,12,2957.47,2.5649493574615367,7.992427521791549,1,Higher-Value Customers
13111,719,1,321.88,0.6931471805599453,5.777280737165244,0,Lower-Value Customers
13112,541,1,20.6,0.6931471805599453,3.0726933146901194,0,Lower-Value Customers
13113,1,37,18230.07,3.6375861597263857,9.810882560409938,1,Higher-Value Customers
13114,731,1,234.38,0.6931471805599453,5.461201229449516,0,Lower-Value Customers
13115,12,10,5494.7,2.3978952727983707,8.611721247259522,1,Higher-Value Customers
13116,138,1,501.14,0.6931471805599453,6.218878965272838,0,Lower-Value Customers
13117,22,18,2255.66,2.9444389791664403,7.721641123024098,1,Higher-Value Customers
13118,20,9,2415.41,2.302585092994046,7.790038246643707,1,Higher-Value Customers
13119,669,1,134.9,0.6931471805599453,4.911919321157098,0,Lower-Value Customers
13120,239,1,30.6,0.6931471805599453,3.4531571205928664,0,Lower-Value Customers
13121,269,1,283.73,0.6931471805599453,5.6515413628105104,0,Lower-Value Customers
13122,94,2,922.39,1.0986122886681098,6.828051680471256,0,Lower-Value Customers
13123,473,2,506.75,1.0986122886681098,6.229989200460494,0,Lower-Value Customers
13124,90,4,4641.66,1.6094379124341003,8.443042756822537,1,Higher-Value Customers
13125,524,1,148.62,0.6931471805599453,5.008098746444259,0,Lower-Value Customers
13126,5,13,3774.81,2.6390573296152584,8.236370208202798,1,Higher-Value Customers
13127,78,1,259.17,0.6931471805599453,5.561335263505108,0,Lower-Value Customers
13128,631,1,263.5,0.6931471805599453,5.577841251298354,0,Lower-Value Customers
13129,452,2,233.25,1.0986122886681098,5.456388921118531,0,Lower-Value Customers
13130,94,1,64.0,0.6931471805599453,4.174387269895637,0,Lower-Value Customers
13131,23,7,3313.77,2.0794415416798357,8.106143518614155,1,Higher-Value Customers
13132,262,1,77.3,0.6931471805599453,4.360547602996758,0,Lower-Value Customers
13133,274,3,200.45,1.3862943611198906,5.305541211637356,0,Lower-Value Customers
13134,86,6,2475.23,1.9459101490553132,7.814492521251219,1,Higher-Value Customers
13135,197,2,3371.45,1.0986122886681098,8.12339476217512,1,Higher-Value Customers
13136,56,13,6274.56,2.6390573296152584,8.74441800304595,1,Higher-Value Customers
13137,11,16,7586.94,2.833213344056216,8.934315423801714,1,Higher-Value Customers
13138,22,7,1274.01,2.0794415416798357,7.150709300699024,1,Higher-Value Customers
13139,16,8,8202.98,2.1972245773362196,9.012374681354098,1,Higher-Value Customers
13140,108,5,1054.92,1.791759469228055,6.9621677038206995,1,Higher-Value Customers
13141,85,17,7656.08,2.8903717578961645,8.943385989014663,1,Higher-Value Customers
13142,19,1,307.09,0.6931471805599453,5.7303919480814,0,Lower-Value Customers
13143,585,1,405.1,0.6931471805599453,6.006599434692252,0,Lower-Value Customers
13144,333,2,135.35,1.0986122886681098,4.9152251092915975,0,Lower-Value Customers
13145,40,7,1128.52,2.0794415416798357,7.029548042701269,1,Higher-Value Customers
13146,26,1,228.91,0.6931471805599453,5.437687927995845,0,Lower-Value Customers
13147,10,4,712.8,1.6094379124341003,6.57060281105606,1,Higher-Value Customers
13148,29,26,8497.82,3.295836866004329,9.047682609312117,1,Higher-Value Customers
13149,14,4,1676.06,1.6094379124341003,7.424797539358498,1,Higher-Value Customers
13150,484,3,449.97,1.3862943611198906,6.111400818443195,0,Lower-Value Customers
13151,296,3,2465.21,1.3862943611198906,7.810437838249392,0,Lower-Value Customers
13152,417,7,2146.38,2.0794415416798357,7.672003773368138,1,Higher-Value Customers
13153,6,1,486.22,0.6931471805599453,6.188715766456242,0,Lower-Value Customers
13154,399,3,1624.84,1.3862943611198906,7.3937798842820515,0,Lower-Value Customers
13155,33,6,1370.48,1.9459101490553132,7.223645727697507,1,Higher-Value Customers
13156,385,3,1586.54,1.3862943611198906,7.369940927299805,0,Lower-Value Customers
13157,49,9,5687.36,2.302585092994046,8.646177260619517,1,Higher-Value Customers
13158,95,5,1508.18,1.791759469228055,7.319321735948278,1,Higher-Value Customers
13159,9,4,1429.35,1.6094379124341003,7.26567444855103,1,Higher-Value Customers
13160,22,1,91.8,0.6931471805599453,4.530446639792155,0,Lower-Value Customers
13161,313,2,472.13,1.0986122886681098,6.159370192167576,0,Lower-Value Customers
13162,122,16,9275.49,2.833213344056216,9.135238521473575,1,Higher-Value Customers
13163,610,1,17.65,0.6931471805599453,2.9258461460898246,0,Lower-Value Customers
13164,569,2,372.2,1.0986122886681098,5.922114468973189,0,Lower-Value Customers
13165,46,3,1451.16,1.3862943611198906,7.280807382151422,1,Higher-Value Customers
13166,283,2,875.93,1.0986122886681098,6.776427171626729,0,Lower-Value Customers
13167,19,5,1125.15,1.791759469228055,7.026560014747387,1,Higher-Value Customers
13168,36,5,1840.73,1.791759469228055,7.5184606262668225,1,Higher-Value Customers
13169,64,3,840.08,1.3862943611198906,6.734686780300234,1,Higher-Value Customers
13170,27,1,108.81,0.6931471805599453,4.698751599609622,0,Lower-Value Customers
13171,22,3,468.41,1.3862943611198906,6.151476586982076,0,Lower-Value Customers
13172,400,1,69.6,0.6931471805599453,4.257030144499196,0,Lower-Value Customers
13173,4,11,2399.82,2.4849066497880004,7.78356562464794,1,Higher-Value Customers
13174,16,12,7995.36,2.5649493574615367,8.986741717118063,1,Higher-Value Customers
13175,582,2,831.45,1.0986122886681098,6.724373159990861,0,Lower-Value Customers
13176,46,1,481.49,0.6931471805599453,6.178960195175666,0,Lower-Value Customers
13177,65,2,512.2,1.0986122886681098,6.240665632741481,0,Lower-Value Customers
13178,26,21,14059.19,3.091042453358316,9.551102678786863,1,Higher-Value Customers
13179,619,1,572.31,0.6931471805599453,6.3514265826367975,0,Lower-Value Customers
13180,607,1,86.1,0.6931471805599453,4.467056883858457,0,Lower-Value Customers
13181,381,1,359.69,0.6931471805599453,5.888018863654928,0,Lower-Value Customers
13182,45,1,121.18,0.6931471805599453,4.805495367221621,0,Lower-Value Customers
13183,8,15,7036.18,2.772588722239781,8.858962800721406,1,Higher-Value Customers
13184,15,10,1668.95,2.3978952727983707,7.420548964842826,1,Higher-Value Customers
13185,268,1,71.4,0.6931471805599453,4.282206299391671,0,Lower-Value Customers
13186,40,3,1575.89,1.3862943611198906,7.363209831835215,1,Higher-Value Customers
13187,337,4,341.36,1.6094379124341003,5.835862815013409,0,Lower-Value Customers
13188,11,1,114.6,0.6931471805599453,4.750135956238277,0,Lower-Value Customers
13189,19,2,260.68,1.0986122886681098,5.567122383230129,0,Lower-Value Customers
13190,544,3,570.66,1.3862943611198906,6.348544409056351,0,Lower-Value Customers
13191,658,1,164.69,0.6931471805599453,5.1101185725812055,0,Lower-Value Customers
13192,95,6,2558.58,1.9459101490553132,7.847598461513884,1,Higher-Value Customers
13193,61,1,112.08,0.6931471805599453,4.72809553282539,0,Lower-Value Customers
13194,136,2,472.78,1.0986122886681098,6.160743078929981,0,Lower-Value Customers
13195,414,1,136.73,0.6931471805599453,4.92529524692924,0,Lower-Value Customers
13196,11,7,3068.84,2.0794415416798357,8.029380721959248,1,Higher-Value Customers
13197,610,1,373.01,0.6931471805599453,5.924282535024993,0,Lower-Value Customers
13198,10,8,4974.23,2.1972245773362196,8.512226879679845,1,Higher-Value Customers
13199,4,67,15964.21,4.219507705176107,9.678167258836252,1,Higher-Value Customers
13200,19,4,870.09,1.6094379124341003,6.769745301020691,1,Higher-Value Customers
13201,502,4,1233.06,1.6094379124341003,7.118064825649593,0,Lower-Value Customers
13202,394,7,1580.3,2.0794415416798357,7.366002572529271,1,Higher-Value Customers
13203,10,10,2648.25,2.3978952727983707,7.882031860054945,1,Higher-Value Customers
13204,731,1,966.66,0.6931471805599453,6.874880785908055,0,Lower-Value Customers
13205,443,1,2803.2,0.6931471805599453,7.938873572287031,0,Lower-Value Customers
13206,400,13,8308.19,2.6390573296152584,9.025117410174513,1,Higher-Value Customers
13207,15,4,535.86,1.6094379124341003,6.285737352883712,1,Higher-Value Customers
13208,59,9,1976.3,2.302585092994046,7.589487556726784,1,Higher-Value Customers
13209,30,13,8509.51,2.6390573296152584,9.049057149266432,1,Higher-Value Customers
13210,94,1,353.48,0.6931471805599453,5.8706519268912345,0,Lower-Value Customers
13211,10,10,2618.77,2.3978952727983707,7.8708418066421615,1,Higher-Value Customers
13212,20,3,786.83,1.3862943611198906,6.669282330542903,1,Higher-Value Customers
13213,57,11,3851.52,2.4849066497880004,8.25648275861493,1,Higher-Value Customers
13214,418,7,3264.23,2.0794415416798357,8.091085483333597,1,Higher-Value Customers
13215,402,1,81.6,0.6931471805599453,4.414009680526933,0,Lower-Value Customers
13216,268,1,333.74,0.6931471805599453,5.813354111085492,0,Lower-Value Customers
13217,122,4,666.48,1.6094379124341003,6.503509427278702,0,Lower-Value Customers
13218,127,1,62.64,0.6931471805599453,4.153242203469586,0,Lower-Value Customers
13219,618,1,76.23,0.6931471805599453,4.346787982581173,0,Lower-Value Customers
13220,78,5,1336.09,1.791759469228055,7.198250889720467,1,Higher-Value Customers
13221,240,2,847.41,1.0986122886681098,6.743364009514037,0,Lower-Value Customers
13222,577,1,88.5,0.6931471805599453,4.4942386252808095,0,Lower-Value Customers
13223,200,6,969.12,1.9459101490553132,6.877419775186018,1,Higher-Value Customers
13224,60,2,2155.95,1.0986122886681098,7.676450465777419,1,Higher-Value Customers
13225,3,16,16260.07,2.833213344056216,9.696529186594761,1,Higher-Value Customers
13226,273,2,312.46,1.0986122886681098,5.747671760225922,0,Lower-Value Customers
13227,202,1,257.7,0.6931471805599453,5.5556690891919835,0,Lower-Value Customers
13228,81,1,358.0,0.6931471805599453,5.883322388488279,0,Lower-Value Customers
13229,226,1,160.95,0.6931471805599453,5.087287645617338,0,Lower-Value Customers
13230,4,30,6120.01,3.4339872044851463,8.719482394569717,1,Higher-Value Customers
13232,13,7,1328.35,2.0794415416798357,7.192445379947863,1,Higher-Value Customers
13233,74,4,1176.46,1.6094379124341003,7.071114855037561,1,Higher-Value Customers
13234,673,2,346.5,1.0986122886681098,5.850764665004847,0,Lower-Value Customers
13235,212,1,1031.07,0.6931471805599453,6.939321773198559,0,Lower-Value Customers
13236,25,2,744.85,1.0986122886681098,6.614524507599939,0,Lower-Value Customers
13237,388,1,643.0,0.6931471805599453,6.467698726104354,0,Lower-Value Customers
13238,17,6,1006.63,1.9459101490553132,6.915356317754957,1,Higher-Value Customers
13239,262,5,1594.69,1.791759469228055,7.375061523554606,1,Higher-Value Customers
13240,96,8,1475.79,2.1972245773362196,7.297626092328045,1,Higher-Value Customers
13241,412,1,112.53,0.6931471805599453,4.732067119176442,0,Lower-Value Customers
13242,112,7,699.4,2.0794415416798357,6.551651600411697,1,Higher-Value Customers
13243,203,5,1220.38,1.791759469228055,7.107736646002929,1,Higher-Value Customers
13244,93,1,121.74,0.6931471805599453,4.810068296960951,0,Lower-Value Customers
13245,51,2,989.22,1.0986122886681098,6.897927140663157,0,Lower-Value Customers
13246,18,11,3351.75,2.4849066497880004,8.11753618359105,1,Higher-Value Customers
13247,18,4,501.12,1.6094379124341003,6.218839134950008,1,Higher-Value Customers
13248,125,2,465.68,1.0986122886681098,6.145643797955656,0,Lower-Value Customers
13249,92,9,1608.93,2.302585092994046,7.383945978772432,1,Higher-Value Customers
13250,461,2,253.09,1.0986122886681098,5.537688534966898,0,Lower-Value Customers
13251,402,1,252.68,0.6931471805599453,5.536073630230092,0,Lower-Value Customers
13252,394,2,399.3,1.0986122886681098,5.992214265998528,0,Lower-Value Customers
13253,157,4,2951.11,1.6094379124341003,7.990275447898748,1,Higher-Value Customers
13254,376,1,51.41,0.6931471805599453,3.959097412814075,0,Lower-Value Customers
13255,9,3,678.76,1.3862943611198906,6.521739794695286,1,Higher-Value Customers
13257,436,1,149.75,0.6931471805599453,5.015622835607295,0,Lower-Value Customers
13258,12,5,1009.43,1.791759469228055,6.9181312618069075,1,Higher-Value Customers
13259,62,9,1402.54,2.302585092994046,7.246752895573941,1,Higher-Value Customers
13260,61,1,557.62,0.6931471805599453,6.325469456665338,0,Lower-Value Customers
13261,269,2,944.1,1.0986122886681098,6.8512907420010105,0,Lower-Value Customers
13262,263,3,573.45,1.3862943611198906,6.353413061299374,0,Lower-Value Customers
13263,1,39,8676.2,3.6888794541139363,9.068454174968906,1,Higher-Value Customers
13264,443,1,722.56,0.6931471805599453,6.584183472833434,0,Lower-Value Customers
13265,53,5,2092.66,1.791759469228055,7.646669009574865,1,Higher-Value Customers
13266,11,19,6135.04,2.995732273553991,8.721934861930668,1,Higher-Value Customers
13267,3,36,9429.81,3.6109179126442243,9.151737268015,1,Higher-Value Customers
13268,18,11,3174.75,2.4849066497880004,8.06329910390357,1,Higher-Value Customers
13269,1,28,8537.32,3.367295829986474,9.052319546118964,1,Higher-Value Customers
13270,366,1,590.0,0.6931471805599453,6.3818160174060985,0,Lower-Value Customers
13271,37,1,211.49,0.6931471805599453,5.358894928433641,0,Lower-Value Customers
13272,31,2,276.56,1.0986122886681098,5.626037126031348,0,Lower-Value Customers
13273,113,1,138.98,0.6931471805599453,4.941499555261394,0,Lower-Value Customers
13274,409,1,360.85,0.6931471805599453,5.891229761312137,0,Lower-Value Customers
13275,384,2,238.86,1.0986122886681098,5.480055419803575,0,Lower-Value Customers
13276,64,5,1891.91,1.791759469228055,7.545870606497474,1,Higher-Value Customers
13277,16,7,523.3,2.0794415416798357,6.262064039578487,1,Higher-Value Customers
13278,41,4,1435.85,1.6094379124341003,7.27020849649701,1,Higher-Value Customers
13279,78,1,137.75,0.6931471805599453,4.932673752626544,0,Lower-Value Customers
13280,122,7,2293.33,2.0794415416798357,7.738196140874339,1,Higher-Value Customers
13281,439,1,350.85,0.6931471805599453,5.863204948412558,0,Lower-Value Customers
13282,18,4,1313.19,1.6094379124341003,7.1809757852429135,1,Higher-Value Customers
13283,60,4,373.36,1.6094379124341003,5.925217901289056,0,Lower-Value Customers
13284,331,1,201.19,0.6931471805599453,5.309207849379209,0,Lower-Value Customers
13285,23,6,3364.59,1.9459101490553132,8.121358561033485,1,Higher-Value Customers
13286,600,1,734.91,0.6931471805599453,6.601107828643053,0,Lower-Value Customers
13287,603,3,781.59,1.3862943611198906,6.662608931774919,0,Lower-Value Customers
13288,443,5,927.61,1.791759469228055,6.833688844427256,0,Lower-Value Customers
13289,724,1,307.95,0.6931471805599453,5.733179451506989,0,Lower-Value Customers
13290,438,1,208.63,0.6931471805599453,5.345344071975791,0,Lower-Value Customers
13291,156,11,3270.79,2.4849066497880004,8.093092514733858,1,Higher-Value Customers
13292,39,5,994.51,1.791759469228055,6.903255168657213,1,Higher-Value Customers
13293,392,6,1192.94,1.9459101490553132,7.085014041433629,0,Lower-Value Customers
13294,190,3,1689.53,1.3862943611198906,7.432797368219404,1,Higher-Value Customers
13295,360,4,1101.97,1.6094379124341003,7.005761820334205,0,Lower-Value Customers
13296,137,6,792.51,1.9459101490553132,6.676466142281509,1,Higher-Value Customers
13297,8,7,4368.62,2.0794415416798357,8.382431327786959,1,Higher-Value Customers
13298,1,1,360.0,0.6931471805599453,5.8888779583328805,0,Lower-Value Customers
13299,268,3,1218.7,1.3862943611198906,7.106360205849192,0,Lower-Value Customers
13300,169,3,1285.51,1.3862943611198906,7.1596884047191836,1,Higher-Value Customers
13301,104,4,618.09,1.6094379124341003,6.428250657915328,1,Higher-Value Customers
13302,155,2,159.2,1.0986122886681098,5.076423034634259,0,Lower-Value Customers
13303,400,1,61.72,0.6931471805599453,4.138680376042152,0,Lower-Value Customers
13304,351,4,1217.99,1.6094379124341003,7.105777926002176,0,Lower-Value Customers
13305,4,16,3616.41,2.833213344056216,8.193513579136026,1,Higher-Value Customers
13306,430,1,53.65,0.6931471805599453,4.000949214622548,0,Lower-Value Customers
13307,120,3,273.34,1.3862943611198906,5.614368213050261,0,Lower-Value Customers
13308,23,4,1670.37,1.6094379124341003,7.42139892838148,1,Higher-Value Customers
13309,7,6,1706.37,1.9459101490553132,7.442709453846698,1,Higher-Value Customers
13310,28,5,1541.2,1.791759469228055,7.34096524739886,1,Higher-Value Customers
13311,4,2,598.57,1.0986122886681098,6.396212731621162,0,Lower-Value Customers
13312,451,1,124.75,0.6931471805599453,4.8342958089798485,0,Lower-Value Customers
13313,22,12,3445.32,2.5649493574615367,8.145062274064983,1,Higher-Value Customers
13314,2,3,775.94,1.3862943611198906,6.655363127308804,1,Higher-Value Customers
13315,689,1,310.26,0.6931471805599453,5.740628575776864,0,Lower-Value Customers
13316,37,10,12940.82,2.3978952727983707,9.46821920731465,1,Higher-Value Customers
13317,66,19,6486.09,2.995732273553991,8.777569327018464,1,Higher-Value Customers
13318,1,3,640.76,1.3862943611198906,6.464214402021743,1,Higher-Value Customers
13319,5,58,21323.22,4.07753744390572,9.967598794903125,1,Higher-Value Customers
13320,78,6,2211.6,1.9459101490553132,7.70192357360081,1,Higher-Value Customers
13321,72,2,567.36,1.0986122886681098,6.342755020769874,0,Lower-Value Customers
13322,17,1,199.48,0.6931471805599453,5.300714491147758,0,Lower-Value Customers
13323,3,5,787.85,1.791759469228055,6.670576188703463,1,Higher-Value Customers
13324,36,18,10513.47,2.9444389791664403,9.260507682681968,1,Higher-Value Customers
13325,82,1,675.3,0.6931471805599453,6.516636764580894,0,Lower-Value Customers
13326,432,1,281.76,0.6931471805599453,5.644598481302753,0,Lower-Value Customers
13327,39,20,9134.48,3.044522437723423,9.119921012587652,1,Higher-Value Customers
13328,316,1,1308.48,0.6931471805599453,7.17738539082617,0,Lower-Value Customers
13329,32,8,4808.77,2.1972245773362196,8.478404544908718,1,Higher-Value Customers
13330,93,6,2796.1,1.9459101490553132,7.936338445154914,1,Higher-Value Customers
13331,402,1,262.4,0.6931471805599453,5.573673789309181,0,Lower-Value Customers
13332,14,1,350.9,0.6931471805599453,5.863347044327539,0,Lower-Value Customers
13333,411,3,1015.74,1.3862943611198906,6.924356709479563,0,Lower-Value Customers
13334,82,5,6201.8,1.791759469228055,8.732756081989994,1,Higher-Value Customers
13336,77,1,795.12,0.6931471805599453,6.679749928251019,0,Lower-Value Customers
13337,546,1,1575.26,0.6931471805599453,7.362810231430298,0,Lower-Value Customers
13338,158,4,2445.62,1.6094379124341003,7.8024627591890665,1,Higher-Value Customers
13339,201,1,860.12,0.6931471805599453,6.758233867538541,0,Lower-Value Customers
13340,45,12,22100.56,2.5649493574615367,10.003403473249906,1,Higher-Value Customers
13341,261,1,775.85,0.6931471805599453,6.65524728153801,0,Lower-Value Customers
13343,178,1,353.43,0.6931471805599453,5.870510865261174,0,Lower-Value Customers
13344,68,3,2511.69,1.3862943611198906,7.829109171398687,1,Higher-Value Customers
13345,288,1,389.5,0.6931471805599453,5.967427969279741,0,Lower-Value Customers
13346,463,6,299.4,1.9459101490553132,5.705114919889979,0,Lower-Value Customers
13347,70,1,341.36,0.6931471805599453,5.835862815013409,0,Lower-Value Customers
13348,64,1,233.76,0.6931471805599453,5.458563715690134,0,Lower-Value Customers
13349,11,1,247.32,0.6931471805599453,5.514718236994854,0,Lower-Value Customers
13350,16,2,979.12,1.0986122886681098,6.887675013147945,1,Higher-Value Customers
13351,66,1,373.94,0.6931471805599453,5.926766013169045,0,Lower-Value Customers
13352,60,1,397.98,0.6931471805599453,5.988911290320265,0,Lower-Value Customers
13354,71,1,743.53,0.6931471805599453,6.612753146812557,0,Lower-Value Customers
13355,122,1,674.7,0.6931471805599453,6.515749190558129,0,Lower-Value Customers
13356,80,1,768.24,0.6931471805599453,6.645403014442647,0,Lower-Value Customers
13357,257,5,3805.51,1.791759469228055,8.244468037828065,1,Higher-Value Customers
13358,269,1,439.03,0.6931471805599453,6.086842906406214,0,Lower-Value Customers
13359,64,2,1043.31,1.0986122886681098,6.951111659232052,0,Lower-Value Customers
13360,432,4,1553.65,1.6094379124341003,7.349005718893091,0,Lower-Value Customers
13361,472,2,1450.5,1.0986122886681098,7.280352783464685,0,Lower-Value Customers
13362,9,7,5394.07,2.0794415416798357,8.593240852584891,1,Higher-Value Customers
13363,18,3,1723.86,1.3862943611198906,7.452901166751566,1,Higher-Value Customers
13364,71,1,134.96,0.6931471805599453,4.9123607248279155,0,Lower-Value Customers
13365,34,2,2225.37,1.0986122886681098,7.708127735453272,1,Higher-Value Customers
13366,50,1,56.16,0.6931471805599453,4.045854353061666,0,Lower-Value Customers
13367,432,1,510.2,0.6931471805599453,6.236760903063325,0,Lower-Value Customers
13368,257,4,1121.5,1.6094379124341003,7.02331361961641,0,Lower-Value Customers
13369,366,1,308.28,0.6931471805599453,5.734247015460021,0,Lower-Value Customers
13370,372,1,754.87,0.6931471805599453,6.62786940372116,0,Lower-Value Customers
13371,505,2,2297.66,1.0986122886681098,7.740081623439195,0,Lower-Value Customers
13372,90,1,378.64,0.6931471805599453,5.939223435262291,0,Lower-Value Customers
13373,61,6,7587.19,1.9459101490553132,8.934348370277531,1,Higher-Value Customers
13374,415,2,422.8,1.0986122886681098,6.049261645834199,0,Lower-Value Customers
13375,89,2,1792.23,1.0986122886681098,7.491773742009734,1,Higher-Value Customers
13376,99,3,1019.76,1.3862943611198906,6.928302726869797,1,Higher-Value Customers
13377,397,2,1552.88,1.0986122886681098,7.348510307868749,0,Lower-Value Customers
13379,26,3,572.56,1.3862943611198906,6.351862551846838,0,Lower-Value Customers
13380,433,1,62.4,0.6931471805599453,4.14946386144318,0,Lower-Value Customers
13381,32,12,8224.37,2.5649493574615367,9.014978559424218,1,Higher-Value Customers
13382,281,5,1387.58,1.791759469228055,7.236036921219625,1,Higher-Value Customers
13383,544,1,305.28,0.6931471805599453,5.724499716244923,0,Lower-Value Customers
13384,31,11,6680.83,2.4849066497880004,8.807147181108476,1,Higher-Value Customers
13385,330,1,534.57,0.6931471805599453,6.283331600299074,0,Lower-Value Customers
13386,414,2,835.46,1.0986122886681098,6.729178700993051,0,Lower-Value Customers
13387,417,1,186.94,0.6931471805599453,5.236122762954919,0,Lower-Value Customers
13388,131,3,1185.65,1.3862943611198906,7.0788894901355155,1,Higher-Value Customers
13389,11,3,797.96,1.3862943611198906,6.683310881934879,1,Higher-Value Customers
13390,75,1,544.08,0.6931471805599453,6.30093257288162,0,Lower-Value Customers
13391,204,1,59.8,0.6931471805599453,4.107589788972121,0,Lower-Value Customers
13392,677,1,91.14,0.6931471805599453,4.523309159507771,0,Lower-Value Customers
13393,584,4,1131.45,1.6094379124341003,7.032138706272169,0,Lower-Value Customers
13394,2,19,6621.7,2.995732273553991,8.798258420765713,1,Higher-Value Customers
13395,185,3,1180.23,1.3862943611198906,7.074311547447687,0,Lower-Value Customers
13396,29,2,1360.99,1.0986122886681098,7.216702144538598,1,Higher-Value Customers
13397,73,10,3191.87,2.3978952727983707,8.068675477823932,1,Higher-Value Customers
13398,192,2,670.34,1.0986122886681098,6.509275715047685,0,Lower-Value Customers
13399,464,3,275.4,1.3862943611198906,5.621849091893515,0,Lower-Value Customers
13400,583,1,310.83,0.6931471805599453,5.742458167518031,0,Lower-Value Customers
13402,127,4,1226.85,1.6094379124341003,7.113019951409055,1,Higher-Value Customers
13403,18,3,229.5,1.3862943611198906,5.440250862436703,0,Lower-Value Customers
13404,1,2,252.49,1.0986122886681098,5.5353243745214,0,Lower-Value Customers
13405,74,6,1213.81,1.9459101490553132,7.102342964945417,1,Higher-Value Customers
13406,427,2,568.92,1.0986122886681098,6.3454960001012966,0,Lower-Value Customers
13407,579,3,2244.7,1.3862943611198906,7.7167725555844955,0,Lower-Value Customers
13408,2,106,50174.78,4.672828834461906,10.823287719134141,1,Higher-Value Customers
13410,24,9,2201.96,2.302585092994046,7.697557189578945,1,Higher-Value Customers
13411,107,1,213.55,0.6931471805599453,5.368542811437534,0,Lower-Value Customers
13412,620,1,487.35,0.6931471805599453,6.191032361893486,0,Lower-Value Customers
13413,640,6,429.44,1.9459101490553132,6.064807941332192,0,Lower-Value Customers
13414,134,6,2494.14,1.9459101490553132,7.822100118835836,1,Higher-Value Customers
13415,473,4,784.17,1.6094379124341003,6.66590025484612,0,Lower-Value Customers
13416,44,3,940.8,1.3862943611198906,6.847792937809454,1,Higher-Value Customers
13417,5,6,1669.49,1.9459101490553132,7.420872275547227,1,Higher-Value Customers
13418,12,31,11559.66,3.4657359027997265,9.355363234022207,1,Higher-Value Customers
13419,64,1,221.06,0.6931471805599453,5.40294761562612,0,Lower-Value Customers
13420,150,2,159.85,1.0986122886681098,5.080472253685035,0,Lower-Value Customers
13421,40,8,4058.75,2.1972245773362196,8.308876674345196,1,Higher-Value Customers
13422,64,1,2626.3,0.6931471805599453,7.8737119818711125,1,Higher-Value Customers
13423,429,1,217.03,0.6931471805599453,5.3846326679999565,0,Lower-Value Customers
13424,450,1,572.77,0.6931471805599453,6.352228619155015,0,Lower-Value Customers
13425,108,5,3390.43,1.791759469228055,8.129006940338249,1,Higher-Value Customers
13426,1,22,8167.38,3.1354942159291497,9.00802588177899,1,Higher-Value Customers
13427,19,6,1006.53,1.9459101490553132,6.915257070052459,1,Higher-Value Customers
13428,10,3,478.54,1.3862943611198906,6.1728273110736245,0,Lower-Value Customers
13429,11,4,1006.8,1.6094379124341003,6.915525016246498,1,Higher-Value Customers
13430,19,2,679.45,1.0986122886681098,6.5227543440063265,0,Lower-Value Customers
13431,67,8,3316.24,2.1972245773362196,8.106888390866821,1,Higher-Value Customers
13432,571,2,439.1,1.0986122886681098,6.0870019738170456,0,Lower-Value Customers
13433,501,4,658.32,1.6094379124341003,6.491209000863155,0,Lower-Value Customers
13434,74,5,1666.86,1.791759469228055,7.419296646542416,1,Higher-Value Customers
13435,5,9,4447.33,2.302585092994046,8.400284023825911,1,Higher-Value Customers
13436,2,1,196.89,0.6931471805599453,5.287711320760812,0,Lower-Value Customers
13437,14,7,3408.06,2.0794415416798357,8.134191872452362,1,Higher-Value Customers
13438,547,1,46.5,0.6931471805599453,3.8607297110405954,0,Lower-Value Customers
13439,255,3,986.61,1.3862943611198906,6.895287882976667,0,Lower-Value Customers
13440,423,7,1295.25,2.0794415416798357,7.167230759543737,0,Lower-Value Customers
13441,92,2,720.9,1.0986122886681098,6.581886625145115,0,Lower-Value Customers
13442,667,3,419.87,1.3862943611198906,6.042323997398791,0,Lower-Value Customers
13443,449,6,1273.16,1.9459101490553132,7.150042416943526,0,Lower-Value Customers
13444,374,2,619.08,1.0986122886681098,6.429848501973256,0,Lower-Value Customers
13445,626,1,241.9,0.6931471805599453,5.492649836008127,0,Lower-Value Customers
13446,430,11,3881.89,2.4849066497880004,8.264335000718507,1,Higher-Value Customers
13447,23,3,1129.14,1.3862943611198906,7.030096797837492,1,Higher-Value Customers
13448,17,13,8745.93,2.6390573296152584,9.076458060644034,1,Higher-Value Customers
13449,24,1,291.88,0.6931471805599453,5.679762968811981,0,Lower-Value Customers
13450,27,13,4120.04,2.6390573296152584,8.323860837673656,1,Higher-Value Customers
13451,26,11,7090.06,2.4849066497880004,8.86659011469818,1,Higher-Value Customers
13452,259,3,729.8,1.3862943611198906,6.594139824503851,0,Lower-Value Customers
13453,166,3,781.69,1.3862943611198906,6.662736704441964,0,Lower-Value Customers
13454,641,1,219.87,0.6931471805599453,5.397574293145378,0,Lower-Value Customers
13455,25,6,2212.99,1.9459101490553132,7.702551596546548,1,Higher-Value Customers
13456,18,6,1766.72,1.9459101490553132,7.477445859614847,1,Higher-Value Customers
13457,689,2,148.22,1.0986122886681098,5.005421727043368,0,Lower-Value Customers
13458,7,16,11959.27,2.833213344056216,9.389345602500642,1,Higher-Value Customers
13459,625,2,1160.41,1.0986122886681098,7.057390063198797,0,Lower-Value Customers
13460,29,2,183.44,1.0986122886681098,5.217324207338505,0,Lower-Value Customers
13461,39,6,4160.0,1.9459101490553132,8.333510708982942,1,Higher-Value Customers
13462,253,5,1153.85,1.791759469228055,7.051725744392169,1,Higher-Value Customers
13464,58,6,3097.64,1.9459101490553132,8.038718584534573,1,Higher-Value Customers
13465,446,2,931.12,1.0986122886681098,6.8374615617621375,0,Lower-Value Customers
13466,184,5,1013.35,1.791759469228055,6.9220032922473385,1,Higher-Value Customers
13467,11,2,1071.91,1.0986122886681098,6.978129862132399,1,Higher-Value Customers
13468,2,72,12793.28,4.290459441148391,9.45675347502932,1,Higher-Value Customers
13469,653,1,82.4,0.6931471805599453,4.423648309364701,0,Lower-Value Customers
13470,99,2,165.0,1.0986122886681098,5.111987788356544,0,Lower-Value Customers
13471,1,4,2501.84,1.6094379124341003,7.825181366096544,1,Higher-Value Customers
13472,464,2,592.24,1.0986122886681098,6.385599038873762,0,Lower-Value Customers
13473,61,8,2657.76,2.1972245773362196,7.8856151276733355,1,Higher-Value Customers
13474,236,3,646.59,1.3862943611198906,6.473257780053621,0,Lower-Value Customers
13475,191,4,1431.78,1.6094379124341003,7.2673718919667785,1,Higher-Value Customers
13476,179,5,2061.47,1.791759469228055,7.631659572648505,1,Higher-Value Customers
13477,38,11,2819.17,2.4849066497880004,7.944552445803114,1,Higher-Value Customers
13478,469,5,2215.78,1.791759469228055,7.703810971494357,0,Lower-Value Customers
13479,201,4,851.37,1.6094379124341003,6.748020704860861,0,Lower-Value Customers
13480,417,2,627.82,1.0986122886681098,6.443845047224953,0,Lower-Value Customers
13481,46,11,3830.84,2.4849066497880004,8.251100384565598,1,Higher-Value Customers
13482,232,2,336.09,1.0986122886681098,5.82034995701211,0,Lower-Value Customers
13483,66,1,140.34,0.6931471805599453,4.951168335262708,0,Lower-Value Customers
13484,241,3,790.72,1.3862943611198906,6.674207793952535,0,Lower-Value Customers
13485,233,11,3019.22,2.4849066497880004,8.01308495539777,1,Higher-Value Customers
13486,78,3,1122.41,1.3862943611198906,7.024123981607583,1,Higher-Value Customers
13487,58,5,846.87,1.791759469228055,6.742727322153176,1,Higher-Value Customers
13488,17,23,14205.96,3.1780538303479458,9.561487264354634,1,Higher-Value Customers
13489,105,4,449.52,1.6094379124341003,6.110402471179496,0,Lower-Value Customers
13490,654,1,154.25,0.6931471805599453,5.045036720813588,0,Lower-Value Customers
13491,52,27,4467.66,3.332204510175204,8.404843866379368,1,Higher-Value Customers
13492,136,3,1269.84,1.3862943611198906,7.147433378135437,1,Higher-Value Customers
13493,275,2,618.63,1.0986122886681098,6.429122525704993,0,Lower-Value Customers
13494,312,1,316.26,0.6931471805599453,5.759721626980309,0,Lower-Value Customers
13495,8,10,4863.31,2.3978952727983707,8.489680155167738,1,Higher-Value Customers
13496,11,2,653.33,1.0986122886681098,6.483611811351871,0,Lower-Value Customers
13497,283,6,1166.83,1.9459101490553132,7.062902604849837,1,Higher-Value Customers
13498,730,1,327.38,0.6931471805599453,5.794171474383882,0,Lower-Value Customers
13499,18,5,1159.11,1.791759469228055,7.056270107190766,1,Higher-Value Customers
13500,23,4,1466.3,1.6094379124341003,7.291179256213421,1,Higher-Value Customers
13501,288,3,2885.11,1.3862943611198906,7.967664853645572,1,Higher-Value Customers
13502,17,5,780.5,1.791759469228055,6.6612151498615315,1,Higher-Value Customers
13503,71,6,1859.24,1.9459101490553132,7.528460790641366,1,Higher-Value Customers
13504,64,1,295.93,0.6931471805599453,5.693496420787701,0,Lower-Value Customers
13505,73,4,4393.63,1.6094379124341003,8.388138619999735,1,Higher-Value Customers
13506,316,5,1338.08,1.791759469228055,7.19973808998561,0,Lower-Value Customers
13507,3,4,2479.16,1.6094379124341003,7.816078353206984,1,Higher-Value Customers
13508,244,2,287.05,1.0986122886681098,5.663134076178392,0,Lower-Value Customers
13509,9,8,1114.72,2.1972245773362196,7.017255215404227,1,Higher-Value Customers
13510,1,11,4558.29,2.4849066497880004,8.42492218863127,1,Higher-Value Customers
13511,677,1,282.76,0.6931471805599453,5.648128810465367,0,Lower-Value Customers
13512,261,4,713.39,1.6094379124341003,6.571429031703961,0,Lower-Value Customers
13513,127,3,824.59,1.3862943611198906,6.716098282250842,0,Lower-Value Customers
13514,74,4,815.9,1.6094379124341003,6.705516688347823,1,Higher-Value Customers
13515,73,6,1265.82,1.9459101490553132,7.1442651023516675,1,Higher-Value Customers
13516,21,4,1685.26,1.6094379124341003,7.430268337823136,1,Higher-Value Customers
13517,60,3,2128.42,1.3862943611198906,7.663604921153483,1,Higher-Value Customers
13518,86,1,627.16,0.6931471805599453,6.442794911088096,0,Lower-Value Customers
13519,78,2,343.21,1.0986122886681098,5.8412519362316475,0,Lower-Value Customers
13520,59,11,6606.0,2.4849066497880004,8.795884972029885,1,Higher-Value Customers
13521,1,3,1071.73,1.3862943611198906,6.977962080025035,1,Higher-Value Customers
13522,30,1,125.8,0.6931471805599453,4.842611042003125,0,Lower-Value Customers
13523,33,6,4534.57,1.9459101490553132,8.419706043735921,1,Higher-Value Customers
13524,41,5,680.18,1.791759469228055,6.523826588404497,1,Higher-Value Customers
13525,15,2,628.78,1.0986122886681098,6.445370552049637,0,Lower-Value Customers
13526,738,2,1182.0,1.0986122886681098,7.075808863978387,0,Lower-Value Customers
13527,34,12,4541.29,2.5649493574615367,8.421186569152152,1,Higher-Value Customers
13529,79,2,307.76,1.0986122886681098,5.732564276081653,0,Lower-Value Customers
13530,634,1,402.98,0.6931471805599453,6.001365371785244,0,Lower-Value Customers
13531,205,6,1433.07,1.9459101490553132,7.268271834473058,1,Higher-Value Customers
13532,34,1,210.31,0.6931471805599453,5.353326249578836,0,Lower-Value Customers
13533,183,3,269.09,1.3862943611198906,5.598755236788495,0,Lower-Value Customers
13534,2,35,7720.9,3.58351893845611,8.951815726727379,1,Higher-Value Customers
13535,403,1,89.5,0.6931471805599453,4.505349850705881,0,Lower-Value Customers
13536,1,7,3444.39,2.0794415416798357,8.144792384587438,1,Higher-Value Customers
13537,426,2,717.85,1.0986122886681098,6.577652712868601,0,Lower-Value Customers
13538,43,12,3103.13,2.5649493574615367,8.040488761869405,1,Higher-Value Customers
13539,86,7,1569.36,2.0794415416798357,7.35906017142033,1,Higher-Value Customers
13540,467,3,632.39,1.3862943611198906,6.451086346168101,0,Lower-Value Customers
13541,427,2,785.25,1.0986122886681098,6.667274808014651,0,Lower-Value Customers
13542,377,17,3959.49,2.8903717578961645,8.284123033967425,1,Higher-Value Customers
13543,634,2,1439.61,1.0986122886681098,7.272821913983301,0,Lower-Value Customers
13544,40,6,790.2,1.9459101490553132,6.673550780308503,1,Higher-Value Customers
13545,391,2,364.93,1.0986122886681098,5.9024420582788455,0,Lower-Value Customers
13546,12,5,1086.24,1.791759469228055,6.99139765391878,1,Higher-Value Customers
13547,408,1,167.08,0.6931471805599453,5.124440056536745,0,Lower-Value Customers
13548,96,3,901.44,1.3862943611198906,6.805102206002551,1,Higher-Value Customers
13549,26,8,1005.8,2.1972245773362196,6.914532263261161,1,Higher-Value Customers
13550,383,1,342.55,0.6931471805599453,5.839332661477085,0,Lower-Value Customers
13551,319,2,244.2,1.0986122886681098,5.5020742040620565,0,Lower-Value Customers
13552,66,22,6948.92,3.1354942159291497,8.846485427701221,1,Higher-Value Customers
13553,675,1,499.6,0.6931471805599453,6.215807378997674,0,Lower-Value Customers
13554,380,7,1629.35,2.0794415416798357,7.396549994677305,1,Higher-Value Customers
13555,74,13,8891.84,2.6390573296152584,9.09300173755894,1,Higher-Value Customers
13556,429,2,200.82,1.0986122886681098,5.307376211036383,0,Lower-Value Customers
13557,28,13,3032.26,2.6390573296152584,8.017393227720415,1,Higher-Value Customers
13558,6,4,594.52,1.6094379124341003,6.389434973453886,1,Higher-Value Customers
13559,513,2,990.0,1.0986122886681098,6.898714534329988,0,Lower-Value Customers
13560,7,1,171.42,0.6931471805599453,5.1499333607817785,0,Lower-Value Customers
13561,216,11,1803.4,2.4849066497880004,7.4979834055342405,1,Higher-Value Customers
13562,82,8,4838.18,2.1972245773362196,8.484500563869632,1,Higher-Value Customers
13563,84,2,777.53,1.0986122886681098,6.657407526177046,0,Lower-Value Customers
13564,144,37,16498.97,3.6375861597263857,9.7111138417052,1,Higher-Value Customers
13565,19,3,414.8,1.3862943611198906,6.030204375423913,0,Lower-Value Customers
13566,41,5,1688.6,1.791759469228055,7.4322470935119425,1,Higher-Value Customers
13567,428,4,1079.29,1.6094379124341003,6.984984802592138,0,Lower-Value Customers
13568,173,1,187.05,0.6931471805599453,5.2367078849163455,0,Lower-Value Customers
13569,17,4,726.54,1.6094379124341003,6.589668980352017,1,Higher-Value Customers
13570,243,1,239.49,0.6931471805599453,5.482678508639762,0,Lower-Value Customers
13571,13,26,4537.26,3.295836866004329,8.420298957660648,1,Higher-Value Customers
13572,206,1,1384.25,0.6931471805599453,7.233635907747459,0,Lower-Value Customers
13573,50,6,904.52,1.9459101490553132,6.8085093643241645,1,Higher-Value Customers
13574,411,1,404.45,0.6931471805599453,6.004997561390566,0,Lower-Value Customers
13575,23,5,732.07,1.791759469228055,6.597241195280628,1,Higher-Value Customers
13576,10,28,11202.59,3.367295829986474,9.323989541636875,1,Higher-Value Customers
13577,25,11,3489.28,2.4849066497880004,8.157737241204641,1,Higher-Value Customers
13578,409,1,147.66,0.6931471805599453,5.001661819297148,0,Lower-Value Customers
13579,15,5,1374.34,1.791759469228055,7.226456252261082,1,Higher-Value Customers
13580,406,1,107.75,0.6931471805599453,4.689051669968793,0,Lower-Value Customers
13581,309,2,280.53,1.0986122886681098,5.640239013837417,0,Lower-Value Customers
13582,390,2,241.68,1.0986122886681098,5.491743703074097,0,Lower-Value Customers
13583,156,2,1445.03,1.0986122886681098,7.276577149391463,0,Lower-Value Customers
13584,307,3,385.7,1.3862943611198906,5.957649198613251,0,Lower-Value Customers
13585,531,3,684.54,1.3862943611198906,6.530206848868181,0,Lower-Value Customers
13586,541,1,127.28,0.6931471805599453,4.854215374824954,0,Lower-Value Customers
13587,64,4,1673.5,1.6094379124341003,7.423269892234259,1,Higher-Value Customers
13588,16,9,2478.95,2.302585092994046,7.815993677665464,1,Higher-Value Customers
13589,15,6,1120.74,1.9459101490553132,7.022636330174057,1,Higher-Value Customers
13590,11,18,6336.04,2.9444389791664403,8.754167061438675,1,Higher-Value Customers
13591,65,7,2093.94,2.0794415416798357,7.647280192327978,1,Higher-Value Customers
13592,36,4,247.96,1.6094379124341003,5.5172922409900265,0,Lower-Value Customers
13593,108,14,5493.29,2.70805020110221,8.611464650118354,1,Higher-Value Customers
13594,53,2,533.32,1.0986122886681098,6.28099491041738,0,Lower-Value Customers
13595,517,3,784.48,1.3862943611198906,6.66629499588203,0,Lower-Value Customers
13596,6,2,664.11,1.0986122886681098,6.499952440510379,0,Lower-Value Customers
13597,400,2,396.71,1.0986122886681098,5.985723096478868,0,Lower-Value Customers
13598,47,5,761.96,1.791759469228055,6.637205605270657,1,Higher-Value Customers
13599,1,33,9811.04,3.5263605246161616,9.191365482010918,1,Higher-Value Customers
13600,312,2,518.42,1.0986122886681098,6.252712804455737,0,Lower-Value Customers
13601,45,4,1159.99,1.6094379124341003,7.05702836839637,1,Higher-Value Customers
13602,65,4,1025.17,1.6094379124341003,6.933588704013108,1,Higher-Value Customers
13603,26,1,164.34,0.6931471805599453,5.108003959824529,0,Lower-Value Customers
13604,659,1,717.62,0.6931471805599453,6.5773327061874705,0,Lower-Value Customers
13605,387,2,522.67,1.0986122886681098,6.260861714939627,0,Lower-Value Customers
13606,29,3,276.75,1.3862943611198906,5.6267214285197396,0,Lower-Value Customers
13607,40,2,1075.81,1.0986122886681098,6.981758245622973,1,Higher-Value Customers
13608,541,1,232.05,0.6931471805599453,5.45125302281875,0,Lower-Value Customers
13609,593,1,167.35,0.6931471805599453,5.126045145607083,0,Lower-Value Customers
13610,12,14,2103.71,2.70805020110221,7.651932969404804,1,Higher-Value Customers
13611,89,10,3297.93,2.3978952727983707,8.101353452452388,1,Higher-Value Customers
13612,633,1,818.29,0.6931471805599453,6.708438111531965,0,Lower-Value Customers
13613,453,5,1039.85,1.791759469228055,6.947792966013668,0,Lower-Value Customers
13614,24,6,2332.74,1.9459101490553132,7.7552274098976355,1,Higher-Value Customers
13615,319,8,6272.53,2.1972245773362196,8.744094473607927,1,Higher-Value Customers
13616,568,2,283.85,1.0986122886681098,5.6519627259264045,0,Lower-Value Customers
13617,40,8,1278.75,2.1972245773362196,7.154420025337693,1,Higher-Value Customers
13618,174,1,177.34,0.6931471805599453,5.183691840706733,0,Lower-Value Customers
13619,545,2,224.94,1.0986122886681098,5.420269477298783,0,Lower-Value Customers
13620,528,1,112.34,0.6931471805599453,4.730392150741473,0,Lower-Value Customers
13621,117,1,213.85,0.6931471805599453,5.3699401102210045,0,Lower-Value Customers
13622,696,1,658.95,0.6931471805599453,6.492164074574964,0,Lower-Value Customers
13623,31,10,2533.06,2.3978952727983707,7.8375780385802445,1,Higher-Value Customers
13624,388,1,462.08,0.6931471805599453,6.137899825337528,0,Lower-Value Customers
13625,597,1,301.26,0.6931471805599453,5.711287574141974,0,Lower-Value Customers
13626,253,2,707.04,1.0986122886681098,6.562500589272956,0,Lower-Value Customers
13627,59,7,2245.9,2.0794415416798357,7.717306767412185,1,Higher-Value Customers
13628,676,1,310.14,0.6931471805599453,5.740242971658976,0,Lower-Value Customers
13629,23,19,13370.86,2.995732273553991,9.500907777847132,1,Higher-Value Customers
13630,5,7,2031.78,2.0794415416798357,7.617159593311352,1,Higher-Value Customers
13631,100,11,3070.42,2.4849066497880004,8.029895274358873,1,Higher-Value Customers
13632,25,8,3645.81,2.1972245773362196,8.201608091837075,1,Higher-Value Customers
13634,33,16,5033.77,2.833213344056216,8.524123123870957,1,Higher-Value Customers
13635,68,4,2999.16,1.6094379124341003,8.006420899561409,1,Higher-Value Customers
13636,37,5,949.12,1.791759469228055,6.856588292406893,1,Higher-Value Customers
13637,52,3,804.3,1.3862943611198906,6.6912148788015,1,Higher-Value Customers
13638,16,1,122.64,0.6931471805599453,4.817374117263916,0,Lower-Value Customers
13639,74,2,1346.27,1.0986122886681098,7.20583560175816,1,Higher-Value Customers
13640,611,1,405.0,0.6931471805599453,6.0063531596017325,0,Lower-Value Customers
13641,641,5,1016.47,1.791759469228055,6.925074432852604,0,Lower-Value Customers
13642,216,4,472.2,1.6094379124341003,6.159518132104232,0,Lower-Value Customers
13643,31,10,2156.77,2.3978952727983707,7.676830559971189,1,Higher-Value Customers
13644,16,4,2624.26,1.6094379124341003,7.87293521773988,1,Higher-Value Customers
13645,120,1,252.1,0.6931471805599453,5.533784667551078,0,Lower-Value Customers
13646,400,2,326.25,1.0986122886681098,5.7907244047900095,0,Lower-Value Customers
13647,10,8,3041.68,2.1972245773362196,8.020493984985148,1,Higher-Value Customers
13648,400,8,1764.02,2.1972245773362196,7.475917300747956,1,Higher-Value Customers
13649,257,6,1453.68,1.9459101490553132,7.282541224145686,1,Higher-Value Customers
13650,17,10,3288.0,2.3978952727983707,8.098338846189057,1,Higher-Value Customers
13651,35,3,226.85,1.3862943611198906,5.428687517709892,0,Lower-Value Customers
13652,46,5,2262.05,1.791759469228055,7.724468739954193,1,Higher-Value Customers
13653,488,1,152.2,0.6931471805599453,5.0317442573064906,0,Lower-Value Customers
13654,43,11,6308.0,2.4849066497880004,8.74973246437081,1,Higher-Value Customers
13655,114,6,2280.51,1.9459101490553132,7.7325927834391575,1,Higher-Value Customers
13656,165,4,1078.85,1.6094379124341003,6.984577421583421,1,Higher-Value Customers
13657,11,2,382.14,1.0986122886681098,5.948400457636955,0,Lower-Value Customers
13658,10,9,6025.5,2.302585092994046,8.703921690028398,1,Higher-Value Customers
13659,206,12,4884.68,2.5649493574615367,8.4940637564269,1,Higher-Value Customers
13660,400,1,306.64,0.6931471805599453,5.728930268188853,0,Lower-Value Customers
13661,603,1,325.24,0.6931471805599453,5.787633306826145,0,Lower-Value Customers
13662,86,11,2233.61,2.4849066497880004,7.711821995177063,1,Higher-Value Customers
13663,179,5,2047.51,1.791759469228055,7.6248679785957085,1,Higher-Value Customers
13665,386,3,1711.66,1.3862943611198906,7.4458029964289425,0,Lower-Value Customers
13666,60,5,127.9,1.791759469228055,4.859036909945142,0,Lower-Value Customers
13667,149,1,299.05,0.6931471805599453,5.703949127435522,0,Lower-Value Customers
13668,3,35,12948.48,3.58351893845611,9.468810911881318,1,Higher-Value Customers
13669,51,3,413.55,1.3862943611198906,6.0271935945622275,0,Lower-Value Customers
13670,75,1,349.7,0.6931471805599453,5.859931157146132,0,Lower-Value Customers
13671,395,1,172.6,0.6931471805599453,5.15675380222625,0,Lower-Value Customers
13672,301,3,419.92,1.3862943611198906,6.042442791872611,0,Lower-Value Customers
13673,19,2,387.44,1.0986122886681098,5.962138717726154,0,Lower-Value Customers
13674,433,1,240.68,0.6931471805599453,5.487614537078416,0,Lower-Value Customers
13675,151,2,486.82,1.0986122886681098,6.18994648535133,0,Lower-Value Customers
13676,539,2,243.9,1.0986122886681098,5.500849963958122,0,Lower-Value Customers
13677,405,2,551.24,1.0986122886681098,6.31398273439522,0,Lower-Value Customers
13678,152,1,232.6,0.6931471805599453,5.453610250954072,0,Lower-Value Customers
13679,494,3,281.26,1.3862943611198906,5.642828631985861,0,Lower-Value Customers
13680,1,12,11419.67,2.5649493574615367,9.343180150490793,1,Higher-Value Customers
13681,18,4,827.83,1.6094379124341003,6.720015067761323,1,Higher-Value Customers
13682,187,1,59.5,0.6931471805599453,4.102643365036796,0,Lower-Value Customers
13683,458,1,258.6,0.6931471805599453,5.559141984829935,0,Lower-Value Customers
13684,286,4,594.88,1.6094379124341003,6.390039304511392,0,Lower-Value Customers
13685,3,7,3119.44,2.0794415416798357,8.045729296501372,1,Higher-Value Customers
13686,183,3,409.04,1.3862943611198906,6.016254715915201,0,Lower-Value Customers
13687,438,1,11880.84,0.6931471805599453,9.382766463078516,0,Lower-Value Customers
13688,635,1,375.5,0.6931471805599453,5.930918047239948,0,Lower-Value Customers
13689,63,2,1259.5,1.0986122886681098,7.139263746627974,1,Higher-Value Customers
13690,59,1,172.25,0.6931471805599453,5.1547356380700124,0,Lower-Value Customers
13691,396,1,212.78,0.6931471805599453,5.3649474488457995,0,Lower-Value Customers
13692,25,5,3114.4,1.791759469228055,8.044112833892505,1,Higher-Value Customers
13693,374,9,2011.82,2.302585092994046,7.607292002863751,1,Higher-Value Customers
13694,4,143,195640.69,4.969813299576001,12.184040152931257,1,Higher-Value Customers
13695,31,16,2770.73,2.833213344056216,7.92722695296845,1,Higher-Value Customers
13696,422,3,2020.4,1.3862943611198906,7.611545619640562,0,Lower-Value Customers
13697,39,1,151.3,0.6931471805599453,5.025852259901116,0,Lower-Value Customers
13698,597,2,451.73,1.0986122886681098,6.115295921298569,0,Lower-Value Customers
13699,155,2,764.15,1.0986122886681098,6.640071893037045,0,Lower-Value Customers
13700,26,13,2596.97,2.6390573296152584,7.862485649819763,1,Higher-Value Customers
13701,447,1,161.0,0.6931471805599453,5.087596335232384,0,Lower-Value Customers
13702,446,1,135.18,0.6931471805599453,4.9139775400548205,0,Lower-Value Customers
13703,318,2,425.56,1.0986122886681098,6.055753036990344,0,Lower-Value Customers
13704,5,9,2308.06,2.302585092994046,7.744595794291895,1,Higher-Value Customers
13705,8,7,1717.19,2.0794415416798357,7.449026690142787,1,Higher-Value Customers
13706,303,2,631.17,1.0986122886681098,6.449158345318021,0,Lower-Value Customers
13707,267,5,3365.86,1.791759469228055,8.12173583825502,1,Higher-Value Customers
13708,271,1,285.33,0.6931471805599453,5.657144991804844,0,Lower-Value Customers
13709,4,18,7571.35,2.9444389791664403,8.932258734187538,1,Higher-Value Customers
13710,32,3,509.52,1.3862943611198906,6.23542981411449,0,Lower-Value Customers
13711,219,9,1792.26,2.302585092994046,7.4917904714583035,1,Higher-Value Customers
13712,247,2,766.42,1.0986122886681098,6.643034239500869,0,Lower-Value Customers
13713,408,3,740.76,1.3862943611198906,6.609025740711332,0,Lower-Value Customers
13714,465,1,161.35,0.6931471805599453,5.089754498548855,0,Lower-Value Customers
13715,281,17,8153.04,2.8903717578961645,9.006268788934985,1,Higher-Value Customers
13716,269,1,138.28,0.6931471805599453,4.936486295459933,0,Lower-Value Customers
13717,32,8,1763.3,2.1972245773362196,7.47550929013402,1,Higher-Value Customers
13718,246,2,306.55,1.0986122886681098,5.728637675654378,0,Lower-Value Customers
13719,15,11,2783.08,2.4849066497880004,7.931672756673634,1,Higher-Value Customers
13720,117,4,799.9,1.6094379124341003,6.685736095329637,1,Higher-Value Customers
13721,36,2,741.54,1.0986122886681098,6.61007674127968,0,Lower-Value Customers
13722,132,10,5635.41,2.3978952727983707,8.637002617001478,1,Higher-Value Customers
13723,217,6,1194.08,1.9459101490553132,7.085968407731548,1,Higher-Value Customers
13724,637,1,213.01,0.6931471805599453,5.366022742902049,0,Lower-Value Customers
13725,50,8,1980.56,2.1972245773362196,7.5916396922628975,1,Higher-Value Customers
13726,39,2,1079.66,1.0986122886681098,6.985327244577022,1,Higher-Value Customers
13727,29,8,1074.15,2.1972245773362196,6.980215465711398,1,Higher-Value Customers
13728,37,16,2855.17,2.833213344056216,7.957236845497527,1,Higher-Value Customers
13729,436,3,724.73,1.3862943611198906,6.587178044826087,0,Lower-Value Customers
13730,136,2,752.6,1.0986122886681098,6.624861723262153,0,Lower-Value Customers
13731,219,2,610.59,1.0986122886681098,6.416062123365316,0,Lower-Value Customers
13732,28,1,491.86,0.6931471805599453,6.200225158054739,0,Lower-Value Customers
13733,411,2,487.03,1.0986122886681098,6.1903768793734475,0,Lower-Value Customers
13734,509,4,6695.69,1.6094379124341003,8.809368653455358,1,Higher-Value Customers
13735,25,13,9762.77,2.6390573296152584,9.1864338753157,1,Higher-Value Customers
13736,5,7,2752.47,2.0794415416798357,7.9206172134189226,1,Higher-Value Customers
13737,200,1,339.6,0.6931471805599453,5.830708768228588,0,Lower-Value Customers
13738,396,1,434.78,0.6931471805599453,6.077137528846132,0,Lower-Value Customers
13739,18,2,292.2,1.0986122886681098,5.680854970012496,0,Lower-Value Customers
13740,241,5,1582.77,1.791759469228055,7.367563359811335,1,Higher-Value Customers
13741,72,3,668.43,1.3862943611198906,6.506426604026369,0,Lower-Value Customers
13742,17,12,3107.87,2.5649493574615367,8.04201459509639,1,Higher-Value Customers
13743,3,7,1341.6,2.0794415416798357,7.2023633115046515,1,Higher-Value Customers
13744,95,2,1080.52,1.0986122886681098,6.9861227380561495,0,Lower-Value Customers
13745,162,2,777.36,1.0986122886681098,6.657189142089955,0,Lower-Value Customers
13746,414,1,176.69,0.6931471805599453,5.1800404589569835,0,Lower-Value Customers
13747,374,2,169.8,1.0986122886681098,5.14049328135447,0,Lower-Value Customers
13748,96,9,2064.35,2.302585092994046,7.633054982558491,1,Higher-Value Customers
13750,54,11,3602.18,2.4849066497880004,8.189572067868243,1,Higher-Value Customers
13751,288,1,296.25,0.6931471805599453,5.694573535570891,0,Lower-Value Customers
13752,124,7,1579.83,2.0794415416798357,7.365705304546322,1,Higher-Value Customers
13753,288,4,2094.57,1.6094379124341003,7.647580871722489,1,Higher-Value Customers
13754,152,3,447.05,1.3862943611198906,6.104904833330228,0,Lower-Value Customers
13755,4,9,2108.06,2.302585092994046,7.653997629576229,1,Higher-Value Customers
13756,2,23,8655.95,3.1780538303479458,9.06611774552623,1,Higher-Value Customers
13757,675,1,195.55,0.6931471805599453,5.280916851867869,0,Lower-Value Customers
13758,12,15,8698.13,2.772588722239781,9.070978299642341,1,Higher-Value Customers
13759,33,2,659.41,1.0986122886681098,6.492860854269306,0,Lower-Value Customers
13760,54,5,1363.64,1.791759469228055,7.218645936570799,1,Higher-Value Customers
13761,50,6,1952.17,1.9459101490553132,7.577208972659349,1,Higher-Value Customers
13762,219,5,2472.48,1.791759469228055,7.813381344926563,1,Higher-Value Customers
13763,63,3,5217.44,1.3862943611198906,8.559953785637239,1,Higher-Value Customers
13764,71,6,2919.62,1.9459101490553132,7.979551201490889,1,Higher-Value Customers
13765,653,1,352.82,0.6931471805599453,5.868788309240467,0,Lower-Value Customers
13766,495,1,190.35,0.6931471805599453,5.254104211871711,0,Lower-Value Customers
13767,2,73,33903.57,4.30406509320417,10.431305092542312,1,Higher-Value Customers
13768,727,2,875.97,1.0986122886681098,6.776472784261436,0,Lower-Value Customers
13769,2,20,5478.12,3.044522437723423,8.608699783105473,1,Higher-Value Customers
13770,422,4,785.37,1.6094379124341003,6.66742741958036,0,Lower-Value Customers
13771,64,9,5728.82,2.302585092994046,8.653439395602803,1,Higher-Value Customers
13772,34,8,3100.02,2.1972245773362196,8.03948636861206,1,Higher-Value Customers
13773,397,2,301.54,1.0986122886681098,5.7122135001340535,0,Lower-Value Customers
13774,82,1,345.0,0.6931471805599453,5.846438775057725,0,Lower-Value Customers
13775,591,1,1049.66,0.6931471805599453,6.9571738171118644,0,Lower-Value Customers
13776,428,2,623.98,1.0986122886681098,6.43771964922439,0,Lower-Value Customers
13777,1,61,49638.26,4.127134385045092,10.812537331874632,1,Higher-Value Customers
13778,103,4,1124.49,1.6094379124341003,7.025973775367289,1,Higher-Value Customers
13779,516,1,161.13,0.6931471805599453,5.088398482561978,0,Lower-Value Customers
13780,7,3,732.07,1.3862943611198906,6.597241195280628,1,Higher-Value Customers
13781,251,3,778.83,1.3862943611198906,6.659075947211416,0,Lower-Value Customers
13782,13,13,1786.08,2.6390573296152584,7.488338281924589,1,Higher-Value Customers
13783,488,4,1542.09,1.6094379124341003,7.341542178594752,0,Lower-Value Customers
13784,10,14,2910.23,2.70805020110221,7.976330951273708,1,Higher-Value Customers
13785,429,4,542.49,1.6094379124341003,6.298011307127966,0,Lower-Value Customers
13786,367,6,3127.99,1.9459101490553132,8.048465547754539,1,Higher-Value Customers
13787,76,6,1222.5,1.9459101490553132,7.109470882882726,1,Higher-Value Customers
13788,505,1,3.75,0.6931471805599453,1.55814461804655,0,Lower-Value Customers
13789,388,1,239.46,0.6931471805599453,5.482553755546763,0,Lower-Value Customers
13790,4,1,348.8,0.6931471805599453,5.857361562584502,0,Lower-Value Customers
13791,128,2,1516.0,1.0986122886681098,7.324489979348532,0,Lower-Value Customers
13792,66,3,383.95,1.3862943611198906,5.953113455724059,0,Lower-Value Customers
13793,647,1,96.0,0.6931471805599453,4.574710978503383,0,Lower-Value Customers
13794,547,1,126.03,0.6931471805599453,4.844423279035369,0,Lower-Value Customers
13795,388,4,836.3,1.6094379124341003,6.7301824292103865,0,Lower-Value Customers
13796,499,1,289.7,0.6931471805599453,5.6722918075648305,0,Lower-Value Customers
13797,437,3,1179.45,1.3862943611198906,7.073651000694222,0,Lower-Value Customers
13798,1,110,75428.87,4.709530201312334,11.230958629393983,1,Higher-Value Customers
13799,117,9,2803.57,2.302585092994046,7.939005508522796,1,Higher-Value Customers
13800,310,3,1679.56,1.3862943611198906,7.426882350187425,0,Lower-Value Customers
13801,67,1,324.8,0.6931471805599453,5.786283696167945,0,Lower-Value Customers
13802,139,19,26259.11,2.995732273553991,10.17580633672844,1,Higher-Value Customers
13803,255,3,1338.91,1.3862943611198906,7.200357726510238,0,Lower-Value Customers
13804,31,9,3161.12,2.302585092994046,8.058997967713445,1,Higher-Value Customers
13805,52,2,924.6,1.0986122886681098,6.830442175879467,0,Lower-Value Customers
13806,64,1,256.38,0.6931471805599453,5.550553592065519,0,Lower-Value Customers
13807,367,3,422.2,1.3862943611198906,6.04784488054409,0,Lower-Value Customers
13808,6,5,1747.66,1.791759469228055,7.466605059322925,1,Higher-Value Customers
13809,305,3,679.7,1.3862943611198906,6.523121680453905,0,Lower-Value Customers
13810,29,3,1499.01,1.3862943611198906,7.313227053734746,1,Higher-Value Customers
13811,184,3,814.5,1.3862943611198906,6.703801422061068,0,Lower-Value Customers
13812,42,3,539.0,1.3862943611198906,6.29156913955832,0,Lower-Value Customers
13813,40,8,2765.47,2.1972245773362196,7.9253274182526185,1,Higher-Value Customers
13814,92,3,2257.32,1.3862943611198906,7.7223764530033225,1,Higher-Value Customers
13815,22,8,7475.74,2.1972245773362196,8.919552147090508,1,Higher-Value Customers
13816,24,2,571.67,1.0986122886681098,6.3503096345809205,0,Lower-Value Customers
13817,29,2,382.98,1.0986122886681098,5.950590467898009,0,Lower-Value Customers
13818,430,1,61.28,0.6931471805599453,4.131640346965797,0,Lower-Value Customers
13819,302,6,2642.35,1.9459101490553132,7.879802331111146,1,Higher-Value Customers
13820,418,3,652.75,1.3862943611198906,6.482725015379133,0,Lower-Value Customers
13821,145,6,1379.08,1.9459101490553132,7.229896747485489,1,Higher-Value Customers
13822,6,2,632.0,1.0986122886681098,6.450470422144176,0,Lower-Value Customers
13823,19,7,3403.45,2.0794415416798357,8.132838678370762,1,Higher-Value Customers
13824,33,12,3314.76,2.5649493574615367,8.106442137278835,1,Higher-Value Customers
13825,622,2,255.59,1.0986122886681098,5.5474794802608,0,Lower-Value Customers
13826,176,1,189.5,0.6931471805599453,5.249652194566756,0,Lower-Value Customers
13827,58,3,409.8,1.3862943611198906,6.018106478054404,0,Lower-Value Customers
13828,22,1,209.49,0.6931471805599453,5.349438146055751,0,Lower-Value Customers
13829,421,1,102.0,0.6931471805599453,4.634728988229636,0,Lower-Value Customers
13830,582,1,156.85,0.6931471805599453,5.061645215004001,0,Lower-Value Customers
13831,16,18,6585.54,2.9444389791664403,8.792783451679604,1,Higher-Value Customers
13832,19,2,609.89,1.0986122886681098,6.4149169102305335,0,Lower-Value Customers
13833,159,2,700.41,1.0986122886681098,6.553092594804331,0,Lower-Value Customers
13834,577,2,324.19,1.0986122886681098,5.7844096268933525,0,Lower-Value Customers
13835,25,7,1095.27,2.0794415416798357,6.999668787533656,1,Higher-Value Customers
13836,399,2,620.37,1.0986122886681098,6.4319267177117725,0,Lower-Value Customers
13837,212,2,266.59,1.0986122886681098,5.589455958348054,0,Lower-Value Customers
13838,6,10,1690.07,2.3978952727983707,7.433116743665696,1,Higher-Value Customers
13839,486,1,139.95,0.6931471805599453,4.948405217560121,0,Lower-Value Customers
13840,416,1,651.4,0.6931471805599453,6.4806578707468585,0,Lower-Value Customers
13841,253,1,85.0,0.6931471805599453,4.454347296253507,0,Lower-Value Customers
13842,59,18,5319.34,2.9444389791664403,8.579292490067983,1,Higher-Value Customers
13843,381,1,319.75,0.6931471805599453,5.770662003495746,0,Lower-Value Customers
13844,11,1,361.62,0.6931471805599453,5.893355453997663,0,Lower-Value Customers
13845,65,1,312.98,0.6931471805599453,5.749329289612172,0,Lower-Value Customers
13846,25,4,1307.79,1.6094379124341003,7.176858325232496,1,Higher-Value Customers
13847,720,1,310.72,0.6931471805599453,5.74210534897536,0,Lower-Value Customers
13848,92,8,3015.0,2.1972245773362196,8.011686729127847,1,Higher-Value Customers
13849,52,5,3469.3,1.791759469228055,8.15199632453527,1,Higher-Value Customers
13850,129,1,1595.48,0.6931471805599453,7.375556484672672,0,Lower-Value Customers
13851,96,8,4606.46,2.1972245773362196,8.435432008008735,1,Higher-Value Customers
13852,611,1,187.35,0.6931471805599453,5.23830193413805,0,Lower-Value Customers
13853,57,1,1090.14,0.6931471805599453,6.994978300240205,0,Lower-Value Customers
13854,9,39,11944.56,3.6888794541139363,9.388114940201397,1,Higher-Value Customers
13855,501,4,1310.34,1.6094379124341003,7.178804794152059,0,Lower-Value Customers
13856,169,11,1142.03,2.4849066497880004,7.041437910169532,1,Higher-Value Customers
13857,393,6,1001.01,1.9459101490553132,6.90976326163493,0,Lower-Value Customers
13858,57,1,216.17,0.6931471805599453,5.38068045697316,0,Lower-Value Customers
13859,326,2,515.86,1.0986122886681098,6.247772044800624,0,Lower-Value Customers
13860,1,5,1245.9,1.791759469228055,7.1284157500025405,1,Higher-Value Customers
13861,429,2,273.26,1.0986122886681098,5.614076561571708,0,Lower-Value Customers
13862,18,9,2556.09,2.302585092994046,7.846625172168836,1,Higher-Value Customers
13863,248,4,1239.55,1.6094379124341003,7.123310108647671,0,Lower-Value Customers
13864,387,1,662.4,0.6931471805599453,6.497378126512952,0,Lower-Value Customers
13865,58,4,501.56,1.6094379124341003,6.219715035790337,1,Higher-Value Customers
13866,74,1,145.67,0.6931471805599453,4.988185165258664,0,Lower-Value Customers
13867,31,3,1005.09,1.3862943611198906,6.913826809878765,1,Higher-Value Customers
13868,7,2,3192.54,1.0986122886681098,8.068885298365506,1,Higher-Value Customers
13869,123,10,7996.87,2.3978952727983707,8.98693053521115,1,Higher-Value Customers
13870,2,15,5712.08,2.772588722239781,8.650513561777128,1,Higher-Value Customers
13871,23,17,7885.85,2.8903717578961645,8.972952094578869,1,Higher-Value Customers
13872,527,3,919.57,1.3862943611198906,6.8249930434091866,0,Lower-Value Customers
13873,120,8,1038.92,2.1972245773362196,6.946899066099764,1,Higher-Value Customers
13874,358,7,2049.15,2.0794415416798357,7.625668240187314,1,Higher-Value Customers
13875,54,14,4814.37,2.70805020110221,8.479568164478277,1,Higher-Value Customers
13876,64,1,122.7,0.6931471805599453,4.8178592793984425,0,Lower-Value Customers
13877,86,3,449.68,1.3862943611198906,6.110757553295965,0,Lower-Value Customers
13878,55,4,2416.9,1.6094379124341003,7.790654673826565,1,Higher-Value Customers
13879,646,1,395.5,0.6931471805599453,5.982676041074902,0,Lower-Value Customers
13880,21,17,4293.86,2.8903717578961645,8.365174237845183,1,Higher-Value Customers
13881,4,43,45179.1,3.784189633918261,10.718412003388291,1,Higher-Value Customers
13882,3,5,1191.13,1.791759469228055,7.083496902081326,1,Higher-Value Customers
13883,11,15,6560.02,2.772588722239781,8.788901357656037,1,Higher-Value Customers
13884,7,10,1825.03,2.3978952727983707,7.509899490373732,1,Higher-Value Customers
13885,189,2,506.8,1.0986122886681098,6.230087669270578,0,Lower-Value Customers
13886,71,1,243.56,0.6931471805599453,5.499460677582579,0,Lower-Value Customers
13887,204,1,349.55,0.6931471805599453,5.859503349652977,0,Lower-Value Customers
13888,120,7,2001.59,2.0794415416798357,7.602196621752796,1,Higher-Value Customers
13889,93,6,1991.23,1.9459101490553132,7.597009893326727,1,Higher-Value Customers
13890,1,14,2927.38,2.70805020110221,7.982204648081087,1,Higher-Value Customers
13891,378,3,859.21,1.3862943611198906,6.757176545485505,0,Lower-Value Customers
13892,27,6,1267.65,1.9459101490553132,7.145708621949827,1,Higher-Value Customers
13893,298,1,821.1,0.6931471805599453,6.711862042158088,0,Lower-Value Customers
13894,24,3,564.62,1.3862943611198906,6.337922474636114,0,Lower-Value Customers
13895,28,6,4008.52,1.9459101490553132,8.296426812387779,1,Higher-Value Customers
13896,626,1,388.55,0.6931471805599453,5.964992226776867,0,Lower-Value Customers
13897,50,3,1160.72,1.3862943611198906,7.05765694451998,1,Higher-Value Customers
13898,326,2,686.4,1.0986122886681098,6.532916364415733,0,Lower-Value Customers
13899,16,2,388.52,1.0986122886681098,5.9649152118744455,0,Lower-Value Customers
13900,183,6,1610.59,1.9459101490553132,7.38497654828429,1,Higher-Value Customers
13901,72,15,5676.34,2.772588722239781,8.644238092164732,1,Higher-Value Customers
13902,632,5,34095.26,1.791759469228055,10.436942979837246,1,Higher-Value Customers
13903,400,1,165.45,0.6931471805599453,5.114694964021034,0,Lower-Value Customers
13904,37,2,332.64,1.0986122886681098,5.810062567373411,0,Lower-Value Customers
13905,733,1,312.65,0.6931471805599453,5.748277714542752,0,Lower-Value Customers
13906,409,1,42.0,0.6931471805599453,3.7612001156935624,0,Lower-Value Customers
13907,692,1,136.8,0.6931471805599453,4.925803358579558,0,Lower-Value Customers
13908,80,4,2369.55,1.6094379124341003,7.770877274716226,1,Higher-Value Customers
13909,423,2,282.85,1.0986122886681098,5.648445929616735,0,Lower-Value Customers
13911,57,20,4234.99,3.044522437723423,8.351372346000852,1,Higher-Value Customers
13912,424,1,124.95,0.6931471805599453,4.835885002798619,0,Lower-Value Customers
13913,507,1,42.22,0.6931471805599453,3.76630335107874,0,Lower-Value Customers
13914,12,2,626.45,1.0986122886681098,6.441663986556317,0,Lower-Value Customers
13915,394,1,70.8,0.6931471805599453,4.273884476054178,0,Lower-Value Customers
13916,464,4,1275.81,1.6094379124341003,7.152120058745075,0,Lower-Value Customers
13917,50,2,272.04,1.0986122886681098,5.609618304598452,0,Lower-Value Customers
13918,50,2,1212.84,1.0986122886681098,7.101544167216986,1,Higher-Value Customers
13919,59,4,1360.68,1.6094379124341003,7.216474510499718,1,Higher-Value Customers
13920,432,4,1774.68,1.6094379124341003,7.481938727137536,0,Lower-Value Customers
13921,402,4,730.7,1.6094379124341003,6.595370593889984,0,Lower-Value Customers
13922,352,3,865.2,1.3862943611198906,6.764115828780526,0,Lower-Value Customers
13923,54,1,351.13,0.6931471805599453,5.864000425598742,0,Lower-Value Customers
13924,2,6,1838.85,1.9459101490553132,7.517439325540823,1,Higher-Value Customers
13925,93,4,678.25,1.6094379124341003,6.520989248306457,1,Higher-Value Customers
13926,23,1,223.85,0.6931471805599453,5.415433513216716,0,Lower-Value Customers
13927,75,2,708.26,1.0986122886681098,6.56422217299034,0,Lower-Value Customers
13928,11,4,464.57,1.6094379124341003,6.143262461351643,1,Higher-Value Customers
13929,169,11,3494.1,2.4849066497880004,8.159117266561877,1,Higher-Value Customers
13930,58,2,337.34,1.0986122886681098,5.824051307047146,0,Lower-Value Customers
13931,96,11,5257.38,2.4849066497880004,8.567578273503825,1,Higher-Value Customers
13932,295,1,307.4,0.6931471805599453,5.731397641689174,0,Lower-Value Customers
13933,109,2,608.79,1.0986122886681098,6.413114635600407,0,Lower-Value Customers
13934,264,1,922.1,0.6931471805599453,6.8277375709961055,0,Lower-Value Customers
13935,597,3,6116.92,1.3862943611198906,8.718977448456672,0,Lower-Value Customers
13936,180,3,939.66,1.3862943611198906,6.846581756547317,0,Lower-Value Customers
13937,169,2,880.13,1.0986122886681098,6.781205174641707,0,Lower-Value Customers
13938,35,1,71.66,0.6931471805599453,4.2857910267930555,0,Lower-Value Customers
13939,23,7,1560.96,2.0794415416798357,7.353696721877114,1,Higher-Value Customers
13940,17,4,839.14,1.6094379124341003,6.73356854461668,1,Higher-Value Customers
13941,22,15,10027.18,2.772588722239781,9.213154408857815,1,Higher-Value Customers
13942,535,1,320.0,0.6931471805599453,5.771441123130016,0,Lower-Value Customers
13943,578,1,246.54,0.6931471805599453,5.511572185111876,0,Lower-Value Customers
13944,653,1,200.43,0.6931471805599453,5.3054419264903325,0,Lower-Value Customers
13945,395,2,854.15,1.0986122886681098,6.7512768921457,0,Lower-Value Customers
13946,79,6,1876.23,1.9459101490553132,7.537552565041232,1,Higher-Value Customers
13947,65,1,90.6,0.6931471805599453,4.517431271680085,0,Lower-Value Customers
13948,361,4,548.76,1.6094379124341003,6.3094818193558355,0,Lower-Value Customers
13949,3,6,2427.32,1.9459101490553132,7.794954939211736,1,Higher-Value Customers
13950,11,4,745.06,1.6094379124341003,6.61480602592395,1,Higher-Value Customers
13951,176,3,674.45,1.3862943611198906,6.5153791354156905,0,Lower-Value Customers
13952,218,14,12823.52,2.70805020110221,9.459114242437982,1,Higher-Value Customers
13953,7,12,6640.68,2.5649493574615367,8.801120222516522,1,Higher-Value Customers
13954,2,2,439.92,1.0986122886681098,6.088863453095115,0,Lower-Value Customers
13955,154,3,544.07,1.3862943611198906,6.300914226782459,0,Lower-Value Customers
13956,5,5,1019.27,1.791759469228055,6.927822577132249,1,Higher-Value Customers
13957,418,3,458.25,1.3862943611198906,6.129594724095235,0,Lower-Value Customers
13958,380,8,4709.23,2.1972245773362196,8.457492018089969,1,Higher-Value Customers
13959,79,6,1064.77,1.9459101490553132,6.971452821596379,1,Higher-Value Customers
13960,21,2,230.22,1.0986122886681098,5.443369638247176,0,Lower-Value Customers
13961,392,1,538.4,0.6931471805599453,6.2904574107056295,0,Lower-Value Customers
13962,22,3,362.8,1.3862943611198906,5.896604266084022,0,Lower-Value Customers
13963,308,17,2860.57,2.8903717578961645,7.959125704244341,1,Higher-Value Customers
13964,387,2,438.9,1.0986122886681098,6.086547428354674,0,Lower-Value Customers
13965,477,3,996.61,1.3862943611198906,6.905362418373325,0,Lower-Value Customers
13966,435,1,384.26,0.6931471805599453,5.953918431034012,0,Lower-Value Customers
13967,146,2,166.3,1.0986122886681098,5.119788607992779,0,Lower-Value Customers
13968,423,1,123.66,0.6931471805599453,4.825590031380704,0,Lower-Value Customers
13969,7,35,12973.46,3.58351893845611,9.470738088670906,1,Higher-Value Customers
13970,386,2,846.55,1.0986122886681098,6.742349834564496,0,Lower-Value Customers
13971,19,14,4667.57,2.70805020110221,8.448608093921028,1,Higher-Value Customers
13972,71,2,190.25,1.0986122886681098,5.253581472706645,0,Lower-Value Customers
13973,287,1,264.7,0.6931471805599453,5.582367852765768,0,Lower-Value Customers
13974,49,2,677.72,1.0986122886681098,6.520208671376317,0,Lower-Value Customers
13975,31,12,5256.4,2.5649493574615367,8.567391886948982,1,Higher-Value Customers
13976,207,4,1192.36,1.6094379124341003,7.084528136845675,1,Higher-Value Customers
13977,411,1,519.81,0.6931471805599453,6.255385291938897,0,Lower-Value Customers
13978,15,2,196.79,1.0986122886681098,5.287205861793318,0,Lower-Value Customers
13979,73,7,3379.93,2.0794415416798357,8.12590609855981,1,Higher-Value Customers
13980,60,5,768.82,1.791759469228055,6.646156721286379,1,Higher-Value Customers
13981,416,1,331.14,0.6931471805599453,5.805556566778607,0,Lower-Value Customers
13982,39,9,3954.29,2.302585092994046,8.282809202418798,1,Higher-Value Customers
13983,30,21,6753.89,3.091042453358316,8.818021966027809,1,Higher-Value Customers
13984,27,12,1893.8,2.5649493574615367,7.546868571049597,1,Higher-Value Customers
13985,4,22,10020.86,3.1354942159291497,9.212523986154487,1,Higher-Value Customers
13986,17,1,320.46,0.6931471805599453,5.7728731191409945,0,Lower-Value Customers
13987,380,2,682.54,1.0986122886681098,6.527285176763272,0,Lower-Value Customers
13988,20,8,4757.8,2.1972245773362196,8.46775081460237,1,Higher-Value Customers
13989,66,5,2026.06,1.791759469228055,7.614341746408589,1,Higher-Value Customers
13990,213,1,311.3,0.6931471805599453,5.7439642642890325,0,Lower-Value Customers
13991,12,6,852.88,1.9459101490553132,6.749790668692898,1,Higher-Value Customers
13992,30,3,219.5,1.3862943611198906,5.395897694886901,0,Lower-Value Customers
13993,43,19,6775.71,2.995732273553991,8.821247012424738,1,Higher-Value Customers
13994,4,6,2274.14,1.9459101490553132,7.729796867953175,1,Higher-Value Customers
13995,15,14,3902.01,2.70805020110221,8.269503329309027,1,Higher-Value Customers
13996,386,2,895.76,1.0986122886681098,6.798788267730199,0,Lower-Value Customers
13997,519,3,376.46,1.3862943611198906,5.933464602809993,0,Lower-Value Customers
13998,447,3,566.7,1.3862943611198906,6.341593110176681,0,Lower-Value Customers
13999,10,29,9502.26,3.4011973816621555,9.159390176618166,1,Higher-Value Customers
14000,211,5,2046.34,1.791759469228055,7.624296668595673,1,Higher-Value Customers
14001,46,9,4228.85,2.302585092994046,8.34992181041866,1,Higher-Value Customers
14002,134,2,529.73,1.0986122886681098,6.274253417348632,0,Lower-Value Customers
14003,733,1,209.41,0.6931471805599453,5.3490580082512205,0,Lower-Value Customers
14004,43,11,6258.45,2.4849066497880004,8.74184760080936,1,Higher-Value Customers
14005,10,5,2874.72,1.791759469228055,7.964058356660503,1,Higher-Value Customers
14006,116,7,2196.67,2.0794415416798357,7.69515298720424,1,Higher-Value Customers
14007,513,1,79.48,0.6931471805599453,4.388008706351429,0,Lower-Value Customers
14008,432,1,509.04,0.6931471805599453,6.234489154015341,0,Lower-Value Customers
14009,198,3,1099.91,1.3862943611198906,7.0038923895122585,0,Lower-Value Customers
14010,565,2,445.15,1.0986122886681098,6.10065521834616,0,Lower-Value Customers
14011,480,2,457.82,1.0986122886681098,6.128657976284189,0,Lower-Value Customers
14012,278,1,328.8,0.6931471805599453,5.7984864101254985,0,Lower-Value Customers
14013,110,5,1084.57,1.791759469228055,6.989860473650979,1,Higher-Value Customers
14014,77,3,1948.21,1.3862943611198906,7.575179441266062,1,Higher-Value Customers
14015,53,1,917.34,0.6931471805599453,6.8225676924206855,0,Lower-Value Customers
14016,162,11,11403.41,2.4849066497880004,9.341755401683734,1,Higher-Value Customers
14017,571,1,229.75,0.6931471805599453,5.441334873382962,0,Lower-Value Customers
14018,645,1,367.15,0.6931471805599453,5.908490463814726,0,Lower-Value Customers
14019,47,3,1421.61,1.3862943611198906,7.260248491657529,1,Higher-Value Customers
14020,17,4,1249.01,1.6094379124341003,7.130906830264347,1,Higher-Value Customers
14021,155,7,1716.58,2.0794415416798357,7.448671602342143,1,Higher-Value Customers
14022,225,2,792.15,1.0986122886681098,6.676012358854464,0,Lower-Value Customers
14023,7,2,584.07,1.0986122886681098,6.371731498193053,0,Lower-Value Customers
14024,122,3,645.74,1.3862943611198906,6.471944359021592,0,Lower-Value Customers
14025,465,8,4057.9,2.1972245773362196,8.308667279925409,1,Higher-Value Customers
14026,471,2,713.11,1.0986122886681098,6.571037012097961,0,Lower-Value Customers
14027,61,1,104.82,0.6931471805599453,4.661739537475985,0,Lower-Value Customers
14028,550,3,10396.5,1.3862943611198906,9.249320671617067,1,Higher-Value Customers
14029,63,2,467.66,1.0986122886681098,6.149877558850261,0,Lower-Value Customers
14030,18,20,7521.8,3.044522437723423,8.925693688067923,1,Higher-Value Customers
14031,7,44,39019.51,3.8066624897703196,10.571842684312088,1,Higher-Value Customers
14032,2,16,4546.41,2.833213344056216,8.422313119102423,1,Higher-Value Customers
14033,555,1,109.44,0.6931471805599453,4.704472387061954,0,Lower-Value Customers
14034,22,3,648.89,1.3862943611198906,6.476803117799309,1,Higher-Value Customers
14035,29,9,2794.75,2.302585092994046,7.935855685908297,1,Higher-Value Customers
14036,285,1,626.65,0.6931471805599453,6.441982686264217,0,Lower-Value Customers
14037,176,6,836.95,1.9459101490553132,6.7309584328308825,1,Higher-Value Customers
14038,78,5,3069.88,1.791759469228055,8.029719444457568,1,Higher-Value Customers
14039,33,2,267.28,1.0986122886681098,5.592031211231537,0,Lower-Value Customers
14040,41,35,12523.81,3.58351893845611,9.435466756177327,1,Higher-Value Customers
14041,266,1,141.41,0.6931471805599453,4.958710221231336,0,Lower-Value Customers
14042,725,1,431.98,0.6931471805599453,6.070691537559284,0,Lower-Value Customers
14043,491,2,302.6,1.0986122886681098,5.715711045521475,0,Lower-Value Customers
14044,27,10,3077.7,2.3978952727983707,8.032262708945584,1,Higher-Value Customers
14045,109,16,10986.63,2.833213344056216,9.304525373550288,1,Higher-Value Customers
14046,284,1,154.99,0.6931471805599453,5.049791902630777,0,Lower-Value Customers
14047,9,14,3968.11,2.70805020110221,8.286297167188637,1,Higher-Value Customers
14048,305,3,748.69,1.3862943611198906,6.619659787751255,0,Lower-Value Customers
14049,17,13,13023.4,2.6390573296152584,9.474579800301415,1,Higher-Value Customers
14050,32,2,746.36,1.0986122886681098,6.616546996753798,0,Lower-Value Customers
14051,1,37,21770.98,3.6375861597263857,9.988379100942609,1,Higher-Value Customers
14052,20,2,466.66,1.0986122886681098,6.147741536165247,0,Lower-Value Customers
14053,124,4,572.3,1.6094379124341003,6.351409139914337,0,Lower-Value Customers
14054,65,1,92.46,0.6931471805599453,4.53753353727228,0,Lower-Value Customers
14055,106,3,1520.96,1.3862943611198906,7.327754256867339,1,Higher-Value Customers
14056,1,23,8152.71,3.1780538303479458,9.006228317380044,1,Higher-Value Customers
14057,24,22,8346.66,3.1354942159291497,9.02973653904951,1,Higher-Value Customers
14058,463,2,469.19,1.0986122886681098,6.153136868334086,0,Lower-Value Customers
14059,267,1,183.6,0.6931471805599453,5.218191322068752,0,Lower-Value Customers
14060,5,30,8898.24,3.4339872044851463,9.093721158815592,1,Higher-Value Customers
14061,507,3,917.43,1.3862943611198906,6.822665690537022,0,Lower-Value Customers
14062,10,24,25585.65,3.2188758248682006,10.149826010072386,1,Higher-Value Customers
14063,438,9,22710.2,2.302585092994046,10.030613473862132,1,Higher-Value Customers
14064,29,15,3260.24,2.772588722239781,8.089862770137307,1,Higher-Value Customers
14065,389,3,891.02,1.3862943611198906,6.793488553853314,0,Lower-Value Customers
14066,267,1,152.55,0.6931471805599453,5.034026246886832,0,Lower-Value Customers
14067,64,2,374.7,1.0986122886681098,5.928790952579924,0,Lower-Value Customers
14068,320,4,1516.72,1.6094379124341003,7.3249644877140545,0,Lower-Value Customers
14069,515,2,225.81,1.0986122886681098,5.424112662592345,0,Lower-Value Customers
14070,685,1,321.6,0.6931471805599453,5.776413165691109,0,Lower-Value Customers
14071,4,8,1437.57,2.1972245773362196,7.271404843608142,1,Higher-Value Customers
14072,667,1,390.85,0.6931471805599453,5.9708791134988735,0,Lower-Value Customers
14073,32,1,151.04,0.6931471805599453,5.024143644121048,0,Lower-Value Customers
14074,623,1,219.4,0.6931471805599453,5.39544407727876,0,Lower-Value Customers
14075,5,6,1734.87,1.9459101490553132,7.459264007623663,1,Higher-Value Customers
14076,129,1,118.67,0.6931471805599453,4.784737954585425,0,Lower-Value Customers
14077,41,6,615.08,1.9459101490553132,6.423376825230995,1,Higher-Value Customers
14078,102,9,1553.47,2.302585092994046,7.348889930502677,1,Higher-Value Customers
14079,125,2,618.73,1.0986122886681098,6.4292838993175305,0,Lower-Value Customers
14080,33,5,1115.68,1.791759469228055,7.018115276378225,1,Higher-Value Customers
14081,302,10,4867.57,2.3978952727983707,8.490555538460665,1,Higher-Value Customers
14082,365,2,413.36,1.0986122886681098,6.026735161189901,0,Lower-Value Customers
14083,4,11,1082.19,2.4849066497880004,6.987665670209931,1,Higher-Value Customers
14084,512,1,150.5,0.6931471805599453,5.020585624949423,0,Lower-Value Customers
14085,2,33,9720.67,3.5263605246161616,9.182112693396306,1,Higher-Value Customers
14086,463,1,39.95,0.6931471805599453,3.7123518102990785,0,Lower-Value Customers
14087,3,3,829.47,1.3862943611198906,6.721991805583325,1,Higher-Value Customers
14088,10,16,64036.8,2.833213344056216,11.06722881299151,1,Higher-Value Customers
14089,57,1,158.75,0.6931471805599453,5.073610093257644,0,Lower-Value Customers
14090,325,1,76.32,0.6931471805599453,4.34795265434013,0,Lower-Value Customers
14091,654,2,9530.08,1.0986122886681098,9.162313316565184,0,Lower-Value Customers
14092,8,24,7229.45,3.2188758248682006,8.886056553879842,1,Higher-Value Customers
14093,12,1,433.86,0.6931471805599453,6.075024140206913,0,Lower-Value Customers
14094,440,1,311.77,0.6931471805599453,5.745468096143307,0,Lower-Value Customers
14095,723,1,2.95,0.6931471805599453,1.3737155789130306,0,Lower-Value Customers
14096,4,17,65164.79,2.8903717578961645,11.084689916963537,1,Higher-Value Customers
14097,481,2,422.86,1.0986122886681098,6.0494032120284285,0,Lower-Value Customers
14098,37,1,147.35,0.6931471805599453,4.999574346736831,0,Lower-Value Customers
14099,16,20,5750.91,3.044522437723423,8.6572872525469,1,Higher-Value Customers
14100,138,1,191.95,0.6931471805599453,5.262431087983628,0,Lower-Value Customers
14101,74,13,9961.93,2.6390573296152584,9.206626484023987,1,Higher-Value Customers
14102,5,5,1105.88,1.791759469228055,7.009300525748804,1,Higher-Value Customers
14104,155,5,743.53,1.791759469228055,6.612753146812557,1,Higher-Value Customers
14105,239,5,5988.83,1.791759469228055,8.697818310072366,1,Higher-Value Customers
14106,737,1,214.8,0.6931471805599453,5.374352052824034,0,Lower-Value Customers
14107,52,11,4877.3,2.4849066497880004,8.492552077499786,1,Higher-Value Customers
14108,31,4,1044.96,1.6094379124341003,6.952690402975883,1,Higher-Value Customers
14109,73,1,144.2,0.6931471805599453,4.978112102390695,0,Lower-Value Customers
14110,4,33,12987.95,3.5263605246161616,9.471854274988836,1,Higher-Value Customers
14111,14,4,692.85,1.6094379124341003,6.54225579881702,1,Higher-Value Customers
14112,23,13,5834.59,2.6390573296152584,8.671730653576422,1,Higher-Value Customers
14113,4,16,7092.61,2.833213344056216,8.866949657786243,1,Higher-Value Customers
14114,274,7,1364.09,2.0794415416798357,7.218975639511439,1,Higher-Value Customers
14115,502,2,622.67,1.0986122886681098,6.435621382327132,0,Lower-Value Customers
14116,20,5,1382.74,1.791759469228055,7.2325452572578,1,Higher-Value Customers
14117,144,1,90.0,0.6931471805599453,4.51085950651685,0,Lower-Value Customers
14118,429,1,458.45,0.6931471805599453,6.130030121946894,0,Lower-Value Customers
14119,376,2,183.37,1.0986122886681098,5.216944608082299,0,Lower-Value Customers
14121,4,4,2780.15,1.6094379124341003,7.930619790211972,1,Higher-Value Customers
14122,406,3,362.42,1.3862943611198906,5.895559190220911,0,Lower-Value Customers
14123,733,1,436.18,0.6931471805599453,6.0803450096018565,0,Lower-Value Customers
14124,84,1,419.58,0.6931471805599453,6.041634711020558,0,Lower-Value Customers
14125,11,3,2720.63,1.3862943611198906,7.908986244508535,1,Higher-Value Customers
14126,8,4,1172.46,1.6094379124341003,7.067711928642815,1,Higher-Value Customers
14127,123,6,1900.08,1.9459101490553132,7.55017742471711,1,Higher-Value Customers
14128,61,3,924.21,1.3862943611198906,6.830020738772716,1,Higher-Value Customers
14129,2,9,2591.34,2.302585092994046,7.860316221709267,1,Higher-Value Customers
14130,319,4,1858.77,1.6094379124341003,7.528208103147246,0,Lower-Value Customers
14131,649,1,168.22,0.6931471805599453,5.1311996434963545,0,Lower-Value Customers
14132,2,11,3586.03,2.4849066497880004,8.185079841032296,1,Higher-Value Customers
14133,130,4,911.14,1.6094379124341003,6.815793487064996,1,Higher-Value Customers
14134,383,15,11123.35,2.772588722239781,9.316891678361227,1,Higher-Value Customers
14135,2,24,8839.67,3.2188758248682006,9.087117944614835,1,Higher-Value Customers
14136,401,5,1570.81,1.791759469228055,7.359983100544423,0,Lower-Value Customers
14137,696,1,332.7,0.6931471805599453,5.810242385757328,0,Lower-Value Customers
14138,2,2,965.88,1.0986122886681098,6.874074392613249,1,Higher-Value Customers
14139,46,4,1086.8,1.6094379124341003,6.99191258698886,1,Higher-Value Customers
14140,4,2,935.05,1.0986122886681098,6.841668893854277,1,Higher-Value Customers
14141,3,4,915.13,1.6094379124341003,6.820158276001622,1,Higher-Value Customers
14142,373,2,671.34,1.0986122886681098,6.510764164953352,0,Lower-Value Customers
14143,134,1,115.8,0.6931471805599453,4.760463070394127,0,Lower-Value Customers
14144,486,1,30.6,0.6931471805599453,3.4531571205928664,0,Lower-Value Customers
14145,47,7,7600.05,2.0794415416798357,8.936041674626237,1,Higher-Value Customers
14146,9,12,9450.3,2.5649493574615367,9.153907577164,1,Higher-Value Customers
14147,78,9,2590.2,2.302585092994046,7.85987636785712,1,Higher-Value Customers
14148,234,2,466.29,1.0986122886681098,6.146950049948197,0,Lower-Value Customers
14149,221,1,446.62,0.6931471805599453,6.103944658191983,0,Lower-Value Customers
14150,36,2,658.64,1.0986122886681098,6.49169423166057,0,Lower-Value Customers
14151,673,2,679.45,1.0986122886681098,6.5227543440063265,0,Lower-Value Customers
14152,75,7,1997.34,2.0794415416798357,7.600072114901368,1,Higher-Value Customers
14153,483,1,233.4,0.6931471805599453,5.457029057702858,0,Lower-Value Customers
14154,239,8,6460.7,2.1972245773362196,8.77364772005142,1,Higher-Value Customers
14155,266,1,118.75,0.6931471805599453,4.785406236291025,0,Lower-Value Customers
14156,10,156,313437.62,5.056245805348308,12.655358830412167,1,Higher-Value Customers
14157,20,5,978.69,1.791759469228055,6.887236195092215,1,Higher-Value Customers
14158,40,1,507.66,0.6931471805599453,6.231779816930511,0,Lower-Value Customers
14159,20,20,7860.8,3.044522437723423,8.969770866838594,1,Higher-Value Customers
14160,610,7,8421.47,2.0794415416798357,9.038658413386564,1,Higher-Value Customers
14161,216,7,2996.93,2.0794415416798357,8.005677329490688,1,Higher-Value Customers
14162,174,2,289.36,1.0986122886681098,5.67112153241664,0,Lower-Value Customers
14163,87,5,2594.62,1.791759469228055,7.861580688064839,1,Higher-Value Customers
14164,71,2,1631.77,1.0986122886681098,7.398033237980444,1,Higher-Value Customers
14165,276,1,120.44,0.6931471805599453,4.79942031364732,0,Lower-Value Customers
14166,505,2,251.15,1.0986122886681098,5.530024148522735,0,Lower-Value Customers
14167,39,8,1274.29,2.1972245773362196,7.1509288827098665,1,Higher-Value Customers
14168,421,2,370.45,1.0986122886681098,5.917414265597815,0,Lower-Value Customers
14169,431,2,621.51,1.0986122886681098,6.433759692466862,0,Lower-Value Customers
14170,375,3,570.18,1.3862943611198906,6.347704396406768,0,Lower-Value Customers
14171,98,2,498.79,1.0986122886681098,6.214188010197488,0,Lower-Value Customers
14172,605,3,369.02,1.3862943611198906,5.913557058231456,0,Lower-Value Customers
14173,11,6,586.0,1.9459101490553132,6.375024819828097,1,Higher-Value Customers
14174,33,1,134.46,0.6931471805599453,4.908676393786758,0,Lower-Value Customers
14175,60,8,7678.88,2.1972245773362196,8.946359201019646,1,Higher-Value Customers
14176,297,5,756.46,1.791759469228055,6.629970730708748,0,Lower-Value Customers
14177,86,13,2209.69,2.6390573296152584,7.701059962976723,1,Higher-Value Customers
14178,9,7,1600.26,2.0794415416798357,7.378546098312443,1,Higher-Value Customers
14179,41,2,701.57,1.0986122886681098,6.554745040371868,0,Lower-Value Customers
14180,11,33,6117.5,3.5263605246161616,8.719072247425723,1,Higher-Value Customers
14181,411,2,308.35,1.0986122886681098,5.734473321976997,0,Lower-Value Customers
14182,444,4,678.77,1.6094379124341003,6.521754505661576,0,Lower-Value Customers
14183,411,2,278.34,1.0986122886681098,5.632429677877625,0,Lower-Value Customers
14184,67,1,452.89,0.6931471805599453,6.1178548779353035,0,Lower-Value Customers
14185,331,1,197.65,0.6931471805599453,5.291544482260608,0,Lower-Value Customers
14186,427,5,1550.63,1.791759469228055,7.34706127025902,0,Lower-Value Customers
14187,474,1,123.5,0.6931471805599453,4.824305715904762,0,Lower-Value Customers
14188,31,6,2054.36,1.9459101490553132,7.628206294069428,1,Higher-Value Customers
14189,2,16,5503.15,2.833213344056216,8.613257632148802,1,Higher-Value Customers
14190,666,1,79.9,0.6931471805599453,4.393213824064446,0,Lower-Value Customers
14191,2,15,4817.66,2.772588722239781,8.48025116009442,1,Higher-Value Customers
14192,388,1,293.74,0.6931471805599453,5.686093611785117,0,Lower-Value Customers
14193,68,3,1210.19,1.3862943611198906,7.0993586263743325,1,Higher-Value Customers
14194,5,36,18670.59,3.6109179126442243,9.83475839627326,1,Higher-Value Customers
14195,202,6,2615.6,1.9459101490553132,7.869631044076776,1,Higher-Value Customers
14196,107,1,335.52,0.6931471805599453,5.818657582682612,0,Lower-Value Customers
14197,411,1,390.05,0.6931471805599453,5.968835429047621,0,Lower-Value Customers
14198,18,9,1569.73,2.302585092994046,7.359295758431025,1,Higher-Value Customers
14199,218,4,1091.7,1.6094379124341003,6.9964069765767,0,Lower-Value Customers
14200,617,1,379.2,0.6931471805599453,5.940697430054329,0,Lower-Value Customers
14201,60,10,1193.54,2.3978952727983707,7.0855164530197605,1,Higher-Value Customers
14202,381,3,847.76,1.3862943611198906,6.743776460835899,0,Lower-Value Customers
14203,397,1,339.34,0.6931471805599453,5.82994511794329,0,Lower-Value Customers
14204,2,4,1024.83,1.6094379124341003,6.93325731999448,1,Higher-Value Customers
14205,17,9,2414.2,2.302585092994046,7.789537378392629,1,Higher-Value Customers
14206,239,3,1185.01,1.3862943611198906,7.078350011225329,0,Lower-Value Customers
14207,688,1,157.8,0.6931471805599453,5.067645548813036,0,Lower-Value Customers
14208,95,2,567.05,1.0986122886681098,6.342209443015913,0,Lower-Value Customers
14209,11,15,4993.27,2.772588722239781,8.51604653425612,1,Higher-Value Customers
14210,106,16,5556.57,2.833213344056216,8.622916241350572,1,Higher-Value Customers
14211,53,18,4402.29,2.9444389791664403,8.390107267770315,1,Higher-Value Customers
14212,90,2,2190.14,1.0986122886681098,7.692177235317669,1,Higher-Value Customers
14213,405,1,1192.2,0.6931471805599453,7.084394052640594,0,Lower-Value Customers
14214,31,5,1004.38,1.791759469228055,6.913120858480547,1,Higher-Value Customers
14215,12,9,3250.33,2.302585092994046,8.086819422380941,1,Higher-Value Customers
14216,3,5,2150.04,1.791759469228055,7.673706725096686,1,Higher-Value Customers
14217,2,23,3298.59,3.1780538303479458,8.101553497311599,1,Higher-Value Customers
14218,43,1,169.48,0.6931471805599453,5.1386179877903615,0,Lower-Value Customers
14219,4,3,633.83,1.3862943611198906,6.4533572465147895,1,Higher-Value Customers
14220,247,4,1515.0,1.6094379124341003,7.323830566202317,1,Higher-Value Customers
14221,42,17,6517.49,2.8903717578961645,8.78239803300639,1,Higher-Value Customers
14222,177,1,683.17,0.6931471805599453,6.528206424753791,0,Lower-Value Customers
14223,92,3,991.13,1.3862943611198906,6.89985414708588,1,Higher-Value Customers
14224,110,9,1841.71,2.302585092994046,7.518992593145431,1,Higher-Value Customers
14225,435,4,2031.07,1.6094379124341003,7.616810256923923,0,Lower-Value Customers
14226,29,6,2985.13,1.9459101490553132,8.001733513655134,1,Higher-Value Customers
14227,26,15,6368.71,2.772588722239781,8.759309221627205,1,Higher-Value Customers
14228,438,3,745.5,1.3862943611198906,6.615395616979245,0,Lower-Value Customers
14229,52,7,2594.04,2.0794415416798357,7.86135720973938,1,Higher-Value Customers
14230,436,3,979.8,1.3862943611198906,6.888368565181947,0,Lower-Value Customers
14231,184,4,1235.62,1.6094379124341003,7.120137130372299,1,Higher-Value Customers
14232,43,5,2048.07,1.791759469228055,7.625141310661702,1,Higher-Value Customers
14233,49,7,2904.27,2.0794415416798357,7.974281608168437,1,Higher-Value Customers
14234,22,4,754.12,1.6094379124341003,6.626876677016689,1,Higher-Value Customers
14235,75,9,4717.99,2.302585092994046,8.459350072631114,1,Higher-Value Customers
14236,81,5,1555.34,1.791759469228055,7.350092189866152,1,Higher-Value Customers
14237,373,2,471.14,1.0986122886681098,6.157275551774947,0,Lower-Value Customers
14238,326,3,434.23,1.3862943611198906,6.075874626989435,0,Lower-Value Customers
14239,43,21,4263.17,3.091042453358316,8.358002833718864,1,Higher-Value Customers
14240,30,3,1247.49,1.3862943611198906,7.129690100076217,1,Higher-Value Customers
14241,184,2,333.7,1.0986122886681098,5.8132346082172806,0,Lower-Value Customers
14242,235,2,280.55,1.0986122886681098,5.640310051700627,0,Lower-Value Customers
14243,9,17,7217.75,2.8903717578961645,8.884437086704205,1,Higher-Value Customers
14244,661,1,366.42,0.6931471805599453,5.906505607880791,0,Lower-Value Customers
14245,220,2,1693.45,1.0986122886681098,7.435113483382488,0,Lower-Value Customers
14246,111,3,1474.06,1.3862943611198906,7.296453945912696,1,Higher-Value Customers
14247,278,5,753.56,1.791759469228055,6.626134797908952,0,Lower-Value Customers
14248,318,3,1032.95,1.3862943611198906,6.941141697999771,0,Lower-Value Customers
14249,411,12,5400.46,2.5649493574615367,8.594424566379255,1,Higher-Value Customers
14250,7,3,1904.05,1.3862943611198906,7.552263533935522,1,Higher-Value Customers
14251,2,5,2879.7,1.791759469228055,7.965788599152331,1,Higher-Value Customers
14252,381,1,350.99,0.6931471805599453,5.863602766103642,0,Lower-Value Customers
14253,493,2,363.4,1.0986122886681098,5.898252165385803,0,Lower-Value Customers
14254,433,1,601.03,0.6931471805599453,6.400307277954197,0,Lower-Value Customers
14255,546,1,1000.63,0.6931471805599453,6.909383951973957,0,Lower-Value Customers
14256,260,5,2460.79,1.791759469228055,7.80864400659954,1,Higher-Value Customers
14257,64,9,5954.45,2.302585092994046,8.692062045685008,1,Higher-Value Customers
14258,9,25,32051.34,3.258096538021482,10.375125470604086,1,Higher-Value Customers
14259,142,1,120.0,0.6931471805599453,4.795790545596741,0,Lower-Value Customers
14260,471,3,824.28,1.3862943611198906,6.71572272269298,0,Lower-Value Customers
14261,51,2,1163.45,1.0986122886681098,7.060004151519799,1,Higher-Value Customers
14262,8,8,2618.23,2.1972245773362196,7.870635660430322,1,Higher-Value Customers
14263,423,1,322.93,0.6931471805599453,5.780527443067584,0,Lower-Value Customers
14264,155,6,1517.36,1.9459101490553132,7.325386083989173,1,Higher-Value Customers
14265,109,4,1373.35,1.6094379124341003,7.225736171057181,1,Higher-Value Customers
14266,428,1,40.56,0.6931471805599453,3.727138166231027,0,Lower-Value Customers
14267,163,3,1516.24,1.3862943611198906,7.3246481738226015,1,Higher-Value Customers
14268,471,1,354.85,0.6931471805599453,5.87450929374528,0,Lower-Value Customers
14269,439,1,295.73,0.6931471805599453,5.692822634419859,0,Lower-Value Customers
14270,332,1,492.65,0.6931471805599453,6.201826764057459,0,Lower-Value Customers
14271,226,2,214.18,1.0986122886681098,5.371474887165763,0,Lower-Value Customers
14272,74,4,920.81,1.6094379124341003,6.826339128567769,1,Higher-Value Customers
14273,51,4,559.97,1.6094379124341003,6.329667428156979,1,Higher-Value Customers
14274,686,1,256.6,0.6931471805599453,5.551407994230199,0,Lower-Value Customers
14275,396,6,1189.38,1.9459101490553132,7.082027862862419,0,Lower-Value Customers
14276,99,7,2102.68,2.0794415416798357,7.6514434710358,1,Higher-Value Customers
14277,15,9,17197.61,2.302585092994046,9.752583845582432,1,Higher-Value Customers
14278,410,1,205.83,0.6931471805599453,5.331897199811232,0,Lower-Value Customers
14279,521,2,191.86,1.0986122886681098,5.261964537082238,0,Lower-Value Customers
14280,197,1,134.04,0.6931471805599453,4.905571030847647,0,Lower-Value Customers
14281,408,1,245.15,0.6931471805599453,5.50594110620421,0,Lower-Value Customers
14282,3,25,7250.76,3.258096538021482,8.888999477008303,1,Higher-Value Customers
14283,463,4,628.44,1.6094379124341003,6.444830535200694,0,Lower-Value Customers
14284,31,3,1299.65,1.3862943611198906,7.170619418491279,1,Higher-Value Customers
14285,21,8,3284.42,2.1972245773362196,8.097249776627379,1,Higher-Value Customers
14286,24,7,8479.76,2.0794415416798357,9.04555534741159,1,Higher-Value Customers
14287,8,3,176.63,1.3862943611198906,5.179702735211794,0,Lower-Value Customers
14288,213,1,426.6,0.6931471805599453,6.05818817915089,0,Lower-Value Customers
14289,9,6,911.26,1.9459101490553132,6.815925037163848,1,Higher-Value Customers
14290,11,8,4516.56,2.1972245773362196,8.41572730406053,1,Higher-Value Customers
14291,2,23,7904.1,3.1780538303479458,8.975263399784938,1,Higher-Value Customers
14292,8,16,9226.25,2.833213344056216,9.129916341608387,1,Higher-Value Customers
14293,3,9,2903.01,2.302585092994046,7.973847819464929,1,Higher-Value Customers
14294,407,1,375.34,0.6931471805599453,5.930492990116498,0,Lower-Value Customers
14295,40,5,2362.91,1.791759469228055,7.768072306735277,1,Higher-Value Customers
14296,421,2,456.4,1.0986122886681098,6.125558281588681,0,Lower-Value Customers
14297,18,4,1305.33,1.6094379124341003,7.174976957856922,1,Higher-Value Customers
14298,8,82,91194.49,4.418840607796598,11.420760723085259,1,Higher-Value Customers
14299,8,27,14070.25,3.332204510175204,9.551888987669013,1,Higher-Value Customers
14300,19,1,43.2,0.6931471805599453,3.7887247890836524,0,Lower-Value Customers
14301,117,4,1992.18,1.6094379124341003,7.597486632240913,1,Higher-Value Customers
14302,431,3,742.9,1.3862943611198906,6.611906617197295,0,Lower-Value Customers
14303,407,2,277.94,1.0986122886681098,5.630996704930548,0,Lower-Value Customers
14304,223,3,1725.01,1.3862943611198906,7.453567665369348,1,Higher-Value Customers
14305,71,3,1858.96,1.3862943611198906,7.528310261099659,1,Higher-Value Customers
14306,51,6,3151.4,1.9459101490553132,8.055919346479495,1,Higher-Value Customers
14307,89,10,4287.92,2.3978952727983707,8.363790231976404,1,Higher-Value Customers
14308,549,2,1147.02,1.0986122886681098,7.045793998330545,0,Lower-Value Customers
14309,8,11,3780.81,2.4849066497880004,8.237958009987105,1,Higher-Value Customers
14310,433,1,492.1,0.6931471805599453,6.2007119932300805,0,Lower-Value Customers
14311,243,2,516.45,1.0986122886681098,6.248912902114182,0,Lower-Value Customers
14312,47,11,3090.29,2.4849066497880004,8.0363437585012,1,Higher-Value Customers
14314,107,2,229.8,1.0986122886681098,5.441551534633945,0,Lower-Value Customers
14315,45,8,3197.82,2.1972245773362196,8.070537270782818,1,Higher-Value Customers
14316,422,5,1370.34,1.791759469228055,7.223543642981688,0,Lower-Value Customers
14317,65,1,508.58,0.6931471805599453,6.233586857019973,0,Lower-Value Customers
14318,460,1,158.02,0.6931471805599453,5.069029980473338,0,Lower-Value Customers
14319,424,1,494.85,0.6931471805599453,6.206273461632134,0,Lower-Value Customers
14320,207,5,1346.75,1.791759469228055,7.2061918143317785,1,Higher-Value Customers
14321,11,7,2218.06,2.0794415416798357,7.704838961773891,1,Higher-Value Customers
14322,429,4,474.1,1.6094379124341003,6.163525308192876,0,Lower-Value Customers
14323,115,2,605.06,1.0986122886681098,6.406978991069148,0,Lower-Value Customers
14324,410,2,701.61,1.0986122886681098,6.554801972579857,0,Lower-Value Customers
14325,570,1,245.48,0.6931471805599453,5.507280854288412,0,Lower-Value Customers
14326,242,3,940.98,1.3862943611198906,6.847984042928468,0,Lower-Value Customers
14327,163,6,1894.93,1.9459101490553132,7.54746476230219,1,Higher-Value Customers
14328,438,1,445.05,0.6931471805599453,6.1004310533597925,0,Lower-Value Customers
14329,17,15,9887.62,2.772588722239781,9.199139879997139,1,Higher-Value Customers
14330,624,1,200.63,0.6931471805599453,5.3064343346499845,0,Lower-Value Customers
14331,124,2,462.66,1.0986122886681098,6.139151525006747,0,Lower-Value Customers
14332,23,5,1917.41,1.791759469228055,7.5592519969368945,1,Higher-Value Customers
14333,68,1,415.2,0.6931471805599453,6.031165913959534,0,Lower-Value Customers
14334,17,12,4318.48,2.5649493574615367,8.37089030362269,1,Higher-Value Customers
14335,16,2,454.86,1.0986122886681098,6.1221857448309915,0,Lower-Value Customers
14336,17,4,1614.91,1.6094379124341003,7.387653544460817,1,Higher-Value Customers
14338,161,3,928.1,1.3862943611198906,6.834216375647267,0,Lower-Value Customers
14339,243,2,620.27,1.0986122886681098,6.431765770051603,0,Lower-Value Customers
14340,219,1,134.7,0.6931471805599453,4.9104465668408235,0,Lower-Value Customers
14341,45,18,4452.02,2.9444389791664403,8.401337796665759,1,Higher-Value Customers
14342,21,6,918.44,1.9459101490553132,6.823764789060503,1,Higher-Value Customers
14343,421,4,1079.66,1.6094379124341003,6.985327244577022,0,Lower-Value Customers
14344,127,20,2993.05,3.044522437723423,8.00438226490693,1,Higher-Value Customers
14345,39,1,108.98,0.6931471805599453,4.700298531079668,0,Lower-Value Customers
14346,121,5,2315.75,1.791759469228055,7.747920620466801,1,Higher-Value Customers
14347,737,1,82.6,0.6931471805599453,4.426043520090656,0,Lower-Value Customers
14348,260,1,409.57,0.6931471805599453,6.017546438106483,0,Lower-Value Customers
14349,10,1,133.5,0.6931471805599453,4.901564199041894,0,Lower-Value Customers
14350,274,3,972.03,1.3862943611198906,6.880414914187569,0,Lower-Value Customers
14351,165,1,51.0,0.6931471805599453,3.9512437185814275,0,Lower-Value Customers
14352,157,4,1078.96,1.6094379124341003,6.984679282395341,1,Higher-Value Customers
14353,215,3,376.5,1.3862943611198906,5.933570568689079,0,Lower-Value Customers
14354,6,2,163.62,1.0986122886681098,5.103639787544498,0,Lower-Value Customers
14355,366,3,840.05,1.3862943611198906,6.734651111237791,0,Lower-Value Customers
14356,80,2,701.23,1.0986122886681098,6.5542609856927125,0,Lower-Value Customers
14357,43,1,225.12,0.6931471805599453,5.42106583180709,0,Lower-Value Customers
14358,389,2,400.06,1.0986122886681098,5.994111042048887,0,Lower-Value Customers
14359,19,3,912.18,1.3862943611198906,6.816933013408364,1,Higher-Value Customers
14360,32,4,2118.03,1.6094379124341003,7.658713715789601,1,Higher-Value Customers
14361,579,1,214.71,0.6931471805599453,5.373934913006625,0,Lower-Value Customers
14362,22,1,151.5,0.6931471805599453,5.0271645960474665,0,Lower-Value Customers
14363,402,2,227.47,1.0986122886681098,5.431404910686392,0,Lower-Value Customers
14364,109,8,3717.35,2.1972245773362196,8.221035300483413,1,Higher-Value Customers
14365,395,2,634.68,1.0986122886681098,6.454695292066289,0,Lower-Value Customers
14366,525,1,136.0,0.6931471805599453,4.919980925828125,0,Lower-Value Customers
14367,8,16,9227.82,2.833213344056216,9.13008647533716,1,Higher-Value Customers
14368,320,1,155.0,0.6931471805599453,5.049856007249537,0,Lower-Value Customers
14369,642,2,469.13,1.0986122886681098,6.153009252203234,0,Lower-Value Customers
14370,451,6,1175.78,1.9459101490553132,7.070537173901474,0,Lower-Value Customers
14371,295,1,100.5,0.6931471805599453,4.620058798481842,0,Lower-Value Customers
14372,443,2,860.08,1.0986122886681098,6.758187415326246,0,Lower-Value Customers
14373,358,1,76.55,0.6931471805599453,4.350922889622548,0,Lower-Value Customers
14374,541,1,108.0,0.6931471805599453,4.6913478822291435,0,Lower-Value Customers
14375,185,3,1106.82,1.3862943611198906,7.010149399236361,0,Lower-Value Customers
14376,683,1,215.46,0.6931471805599453,5.377405772867,0,Lower-Value Customers
14377,191,2,617.05,1.0986122886681098,6.426569360333832,0,Lower-Value Customers
14378,622,1,131.25,0.6931471805599453,4.8846940707384086,0,Lower-Value Customers
14379,44,4,1265.16,1.6094379124341003,7.143743977025028,1,Higher-Value Customers
14380,682,1,48.96,0.6931471805599453,3.911222685257377,0,Lower-Value Customers
14381,52,2,625.94,1.0986122886681098,6.440850842274075,0,Lower-Value Customers
14382,26,2,1193.63,1.0986122886681098,7.085591792991417,1,Higher-Value Customers
14383,38,3,1247.69,1.3862943611198906,7.129850280760371,1,Higher-Value Customers
14384,501,1,58.5,0.6931471805599453,4.085976312551584,0,Lower-Value Customers
14385,9,3,202.11,1.3862943611198906,5.3137477042033945,0,Lower-Value Customers
14386,297,1,142.4,0.6931471805599453,4.96563792816552,0,Lower-Value Customers
14387,33,3,1727.6,1.3862943611198906,7.455067111318538,1,Higher-Value Customers
14388,10,16,6388.2,2.833213344056216,8.762364343915802,1,Higher-Value Customers
14389,65,5,1898.01,1.791759469228055,7.549087976727858,1,Higher-Value Customers
14390,10,13,6150.03,2.6390573296152584,8.724374826452205,1,Higher-Value Customers
14391,577,1,135.6,0.6931471805599453,4.91705694713669,0,Lower-Value Customers
14392,432,1,266.4,0.6931471805599453,5.588745664667843,0,Lower-Value Customers
14393,218,1,67.95,0.6931471805599453,4.233381604239311,0,Lower-Value Customers
14394,565,1,93.8,0.6931471805599453,4.551769409260976,0,Lower-Value Customers
14395,2,20,7801.93,3.044522437723423,8.962254583167898,1,Higher-Value Customers
14396,65,7,1969.38,2.0794415416798357,7.585981696531509,1,Higher-Value Customers
14397,3,19,2612.96,2.995732273553991,7.868621591848266,1,Higher-Value Customers
14398,401,2,707.79,1.0986122886681098,6.563559290839203,0,Lower-Value Customers
14399,394,8,2108.21,2.1972245773362196,7.654068748779155,1,Higher-Value Customers
14400,149,3,1732.47,1.3862943611198906,7.45788045894706,1,Higher-Value Customers
14401,4,22,6795.9,3.1354942159291497,8.824221904865304,1,Higher-Value Customers
14402,652,1,285.6,0.6931471805599453,5.6580875153940715,0,Lower-Value Customers
14403,130,6,1880.51,1.9459101490553132,7.539829924927686,1,Higher-Value Customers
14404,34,13,2724.13,2.6390573296152584,7.910271412381448,1,Higher-Value Customers
14405,387,1,195.0,0.6931471805599453,5.278114659230517,0,Lower-Value Customers
14406,119,1,156.75,0.6931471805599453,5.061011501421323,0,Lower-Value Customers
14407,107,6,2157.73,1.9459101490553132,7.677275364797242,1,Higher-Value Customers
14408,11,11,4102.27,2.4849066497880004,8.319539495785264,1,Higher-Value Customers
14409,71,9,3427.29,2.302585092994046,8.139816873572414,1,Higher-Value Customers
14410,92,11,2631.9,2.4849066497880004,7.875841179283995,1,Higher-Value Customers
14411,311,1,1063.0,0.6931471805599453,6.96979066990159,0,Lower-Value Customers
14412,43,3,1426.19,1.3862943611198906,7.26346275507474,1,Higher-Value Customers
14413,362,4,764.52,1.6094379124341003,6.640555341471007,0,Lower-Value Customers
14414,92,8,2399.33,2.1972245773362196,7.783361506883779,1,Higher-Value Customers
14415,1,23,11980.09,3.1780538303479458,9.391084852505516,1,Higher-Value Customers
14416,22,2,490.22,1.0986122886681098,6.1968920926164115,0,Lower-Value Customers
14417,388,1,524.65,0.6931471805599453,6.26463559202184,0,Lower-Value Customers
14418,4,3,1937.25,1.3862943611198906,7.569540783099068,1,Higher-Value Customers
14419,11,7,1254.64,2.0794415416798357,7.135400681739754,1,Higher-Value Customers
14420,99,4,1639.17,1.6094379124341003,7.4025551739826545,1,Higher-Value Customers
14421,57,6,2469.37,1.9459101490553132,7.812123215974338,1,Higher-Value Customers
14422,1,19,10271.52,2.995732273553991,9.237227647701399,1,Higher-Value Customers
14423,218,3,916.61,1.3862943611198906,6.8217724637505475,0,Lower-Value Customers
14424,18,1,322.08,0.6931471805599453,5.777899970574095,0,Lower-Value Customers
14425,435,3,661.39,1.3862943611198906,6.495854506338738,0,Lower-Value Customers
14426,24,17,11727.94,2.8903717578961645,9.3698145709828,1,Higher-Value Customers
14427,50,4,1263.52,1.6094379124341003,7.142447882513212,1,Higher-Value Customers
14428,7,5,1224.06,1.791759469228055,7.110745101371203,1,Higher-Value Customers
14429,404,1,516.28,0.6931471805599453,6.248584313977123,0,Lower-Value Customers
14430,512,3,1220.9,1.3862943611198906,7.108162303322477,0,Lower-Value Customers
14431,303,4,2614.2,1.6094379124341003,7.869095855410001,1,Higher-Value Customers
14432,10,6,2248.5,1.9459101490553132,7.7184632482812265,1,Higher-Value Customers
14433,466,1,280.7,0.6931471805599453,5.640842674882327,0,Lower-Value Customers
14434,22,6,1372.8,1.9459101490553132,7.225335901779781,1,Higher-Value Customers
14435,502,1,90.42,0.6931471805599453,4.515464272903598,0,Lower-Value Customers
14436,99,2,271.7,1.0986122886681098,5.608372289851543,0,Lower-Value Customers
14437,366,5,873.34,1.791759469228055,6.773469316026729,0,Lower-Value Customers
14438,306,1,131.9,0.6931471805599453,4.8895969657192,0,Lower-Value Customers
14439,320,5,9443.04,1.791759469228055,9.15313913368987,1,Higher-Value Customers
14440,8,13,5982.03,2.6390573296152584,8.69668240758438,1,Higher-Value Customers
14441,1,11,4611.69,2.4849066497880004,8.436566479912322,1,Higher-Value Customers
14442,205,7,5367.02,2.0794415416798357,8.588214404426992,1,Higher-Value Customers
14443,54,5,2082.97,1.791759469228055,7.642030007376169,1,Higher-Value Customers
14444,456,1,120.44,0.6931471805599453,4.79942031364732,0,Lower-Value Customers
14445,456,1,221.65,0.6931471805599453,5.405601031767711,0,Lower-Value Customers
14446,1,5,1200.28,1.791759469228055,7.091142933958089,1,Higher-Value Customers
14447,19,6,1711.73,1.9459101490553132,7.445843867687404,1,Higher-Value Customers
14448,9,2,375.35,1.0986122886681098,5.930519561480541,0,Lower-Value Customers
14449,19,8,2230.96,2.1972245773362196,7.710635402193662,1,Higher-Value Customers
14450,181,7,1128.44,2.0794415416798357,7.029477213647162,1,Higher-Value Customers
14451,60,12,3258.68,2.5649493574615367,8.08938431003359,1,Higher-Value Customers
14452,11,4,658.95,1.6094379124341003,6.492164074574964,1,Higher-Value Customers
14453,190,1,119.93,0.6931471805599453,4.795211865797184,0,Lower-Value Customers
14454,376,5,977.3,1.791759469228055,6.885816371463383,0,Lower-Value Customers
14455,432,4,617.72,1.6094379124341003,6.427652827858987,0,Lower-Value Customers
14456,5,9,3017.28,2.302585092994046,8.012442411697599,1,Higher-Value Customers
14457,311,1,113.64,0.6931471805599453,4.741796783519916,0,Lower-Value Customers
14458,381,1,228.07,0.6931471805599453,5.434027633700484,0,Lower-Value Customers
14459,155,2,5375.74,1.0986122886681098,8.589837521539781,1,Higher-Value Customers
14460,110,9,1093.5,2.302585092994046,6.9980529169629175,1,Higher-Value Customers
14461,148,13,6676.91,2.6390573296152584,8.806560343323834,1,Higher-Value Customers
14462,66,12,2242.81,2.5649493574615367,7.7159305928261315,1,Higher-Value Customers
14463,98,4,786.57,1.6094379124341003,6.668952255638294,1,Higher-Value Customers
14464,568,2,111.0,1.0986122886681098,4.718498871295094,0,Lower-Value Customers
14465,247,11,3925.85,2.4849066497880004,8.27559285675146,1,Higher-Value Customers
14466,29,13,4267.15,2.6390573296152584,8.358935757071167,1,Higher-Value Customers
14467,18,12,2203.24,2.5649493574615367,7.698138057266362,1,Higher-Value Customers
14468,734,1,204.24,0.6931471805599453,5.324180026073764,0,Lower-Value Customers
14469,416,4,2093.46,1.6094379124341003,7.64705104256806,0,Lower-Value Customers
14470,12,3,712.04,1.3862943611198906,6.569537519822462,1,Higher-Value Customers
14471,591,2,400.95,1.0986122886681098,5.99632770277397,0,Lower-Value Customers
14472,104,9,2118.72,2.302585092994046,7.6590392834716265,1,Higher-Value Customers
14473,74,2,234.34,1.0986122886681098,5.461031277035783,0,Lower-Value Customers
14474,46,2,1258.89,1.0986122886681098,7.138779694547217,1,Higher-Value Customers
14475,72,4,1151.15,1.6094379124341003,7.0493850411128,1,Higher-Value Customers
14476,257,1,193.0,0.6931471805599453,5.267858159063328,0,Lower-Value Customers
14477,20,7,1969.6,2.0794415416798357,7.586093343888374,1,Higher-Value Customers
14478,382,4,1276.66,1.6094379124341003,7.152785558853802,0,Lower-Value Customers
14479,254,4,1124.71,1.6094379124341003,7.026169226682765,0,Lower-Value Customers
14480,11,4,1299.52,1.6094379124341003,7.170519463470955,1,Higher-Value Customers
14481,165,5,2284.69,1.791759469228055,7.73442322711016,1,Higher-Value Customers
14482,18,12,4306.72,2.5649493574615367,8.368164040806516,1,Higher-Value Customers
14483,282,2,257.1,1.0986122886681098,5.553347106724568,0,Lower-Value Customers
14484,50,4,1070.98,1.6094379124341003,6.977262684740291,1,Higher-Value Customers
14485,39,1,162.8,0.6931471805599453,5.098646171418969,0,Lower-Value Customers
14486,512,2,175.5,1.0986122886681098,5.173320876373351,0,Lower-Value Customers
14487,27,7,1266.27,2.0794415416798357,7.144620259433484,1,Higher-Value Customers
14488,68,1,1064.28,0.6931471805599453,6.97099295438666,0,Lower-Value Customers
14489,207,4,1574.93,1.6094379124341003,7.362600853187739,1,Higher-Value Customers
14490,406,2,1273.47,1.0986122886681098,7.150285684896527,0,Lower-Value Customers
14491,175,2,340.93,1.0986122886681098,5.834606037750557,0,Lower-Value Customers
14492,430,7,1921.91,2.0794415416798357,7.561594942621463,1,Higher-Value Customers
14493,7,10,5087.86,2.3978952727983707,8.53480911589405,1,Higher-Value Customers
14494,26,3,401.46,1.3862943611198906,5.997595713038222,0,Lower-Value Customers
14495,51,3,174.8,1.3862943611198906,5.169346985251076,0,Lower-Value Customers
14496,312,7,2363.89,2.0794415416798357,7.768486788216427,1,Higher-Value Customers
14497,309,2,697.06,1.0986122886681098,6.54830505895342,0,Lower-Value Customers
14498,43,10,3900.83,2.3978952727983707,8.269200952832637,1,Higher-Value Customers
14499,26,7,2101.79,2.0794415416798357,7.651020313369975,1,Higher-Value Customers
14500,88,3,356.85,1.3862943611198906,5.880113904184607,0,Lower-Value Customers
14501,184,2,251.21,1.0986122886681098,5.530262073815315,0,Lower-Value Customers
14502,20,11,2429.83,2.4849066497880004,7.795988041800972,1,Higher-Value Customers
14503,3,6,3543.26,1.9459101490553132,8.173084672465158,1,Higher-Value Customers
14504,47,4,673.26,1.6094379124341003,6.513615793203887,1,Higher-Value Customers
14505,17,19,11879.08,2.995732273553991,9.382618326900696,1,Higher-Value Customers
14506,17,7,2960.25,2.0794415416798357,7.993366755472995,1,Higher-Value Customers
14507,24,11,3216.74,2.4849066497880004,8.076434528763023,1,Higher-Value Customers
14508,22,5,822.92,1.791759469228055,6.714073437817547,1,Higher-Value Customers
14509,534,1,110.95,0.6931471805599453,4.718052343044764,0,Lower-Value Customers
14510,376,3,979.85,1.3862943611198906,6.888419542675394,0,Lower-Value Customers
14511,11,5,1314.81,1.791759469228055,7.182207724562218,1,Higher-Value Customers
14512,188,7,1215.97,2.0794415416798357,7.104119441903084,1,Higher-Value Customers
14513,101,6,788.01,1.9459101490553132,6.670778995036786,1,Higher-Value Customers
14514,61,9,4380.04,2.302585092994046,8.385041418107757,1,Higher-Value Customers
14515,18,12,3724.06,2.5649493574615367,8.222838238066487,1,Higher-Value Customers
14516,516,1,151.17,0.6931471805599453,5.024998316932023,0,Lower-Value Customers
14517,33,2,330.45,1.0986122886681098,5.8034769686874,0,Lower-Value Customers
14518,64,1,174.37,0.6931471805599453,5.166898027681201,0,Lower-Value Customers
14519,684,2,203.14,1.0986122886681098,5.318806032975353,0,Lower-Value Customers
14520,2,2,270.6,1.0986122886681098,5.604330395684541,0,Lower-Value Customers
14521,491,1,199.45,0.6931471805599453,5.300564839088516,0,Lower-Value Customers
14522,24,8,1748.42,2.1972245773362196,7.467039583411544,1,Higher-Value Customers
14523,108,1,241.09,0.6931471805599453,5.489309557845162,0,Lower-Value Customers
14524,32,13,2909.86,2.6390573296152584,7.976203849150416,1,Higher-Value Customers
14525,20,17,8026.54,2.8903717578961645,8.990633408822633,1,Higher-Value Customers
14526,389,1,258.65,0.6931471805599453,5.559334570290328,0,Lower-Value Customers
14527,3,122,27246.88,4.812184355372417,10.212730998899819,1,Higher-Value Customers
14528,37,1,364.22,0.6931471805599453,5.900499911733888,0,Lower-Value Customers
14529,60,3,578.61,1.3862943611198906,6.362355463575814,0,Lower-Value Customers
14530,26,16,6088.87,2.833213344056216,8.714382014006482,1,Higher-Value Customers
14531,480,1,376.34,0.6931471805599453,5.933146637783467,0,Lower-Value Customers
14532,236,11,3845.78,2.4849066497880004,8.254991713698265,1,Higher-Value Customers
14533,25,11,3466.37,2.4849066497880004,8.151151660498439,1,Higher-Value Customers
14534,3,26,6187.66,3.295836866004329,8.730473864053225,1,Higher-Value Customers
14535,60,9,5973.23,2.302585092994046,8.695210498202334,1,Higher-Value Customers
14536,260,1,170.95,0.6931471805599453,5.147203736878275,0,Lower-Value Customers
14537,58,2,641.4,1.0986122886681098,6.465211162632552,0,Lower-Value Customers
14538,65,5,1370.84,1.791759469228055,7.223908183409613,1,Higher-Value Customers
14539,16,2,537.48,1.0986122886681098,6.288750355702458,0,Lower-Value Customers
14540,10,11,3709.64,2.4849066497880004,8.218959647462448,1,Higher-Value Customers
14541,59,14,2491.38,2.70805020110221,7.820993356243713,1,Higher-Value Customers
14542,186,1,103.25,0.6931471805599453,4.646791860678911,0,Lower-Value Customers
14543,29,39,14587.87,3.6888794541139363,9.588014188208971,1,Higher-Value Customers
14544,24,3,2938.53,1.3862943611198906,7.986004983607547,1,Higher-Value Customers
14545,674,1,349.25,0.6931471805599453,5.858647185217117,0,Lower-Value Customers
14546,5,11,5184.84,2.4849066497880004,8.553687113328028,1,Higher-Value Customers
14547,4,8,3974.75,2.1972245773362196,8.287968688536026,1,Higher-Value Customers
14548,151,9,2541.29,2.302585092994046,7.840820528641282,1,Higher-Value Customers
14549,311,4,913.6,1.6094379124341003,6.818486811223955,0,Lower-Value Customers
14550,11,4,1345.06,1.6094379124341003,7.2049370857342,1,Higher-Value Customers
14551,18,7,878.09,2.0794415416798357,6.778887281522271,1,Higher-Value Customers
14552,152,3,507.93,1.3862943611198906,6.232310482535197,0,Lower-Value Customers
14553,19,9,1818.6,2.302585092994046,7.506371975695849,1,Higher-Value Customers
14554,10,4,2279.49,1.6094379124341003,7.7321456111388525,1,Higher-Value Customers
14555,57,6,2304.03,1.9459101490553132,7.742848970530434,1,Higher-Value Customers
14556,596,3,815.69,1.3862943611198906,6.705259585891079,0,Lower-Value Customers
14557,85,1,788.38,0.6931471805599453,6.671247827209794,0,Lower-Value Customers
14558,654,3,655.5,1.3862943611198906,6.486922693742851,0,Lower-Value Customers
14559,390,1,75.6,0.6931471805599453,4.338597076746545,0,Lower-Value Customers
14560,7,44,6114.03,3.8066624897703196,8.718504954078167,1,Higher-Value Customers
14561,76,3,1080.76,1.3862943611198906,6.986344623342368,1,Higher-Value Customers
14562,4,26,6638.15,3.295836866004329,8.800739222228046,1,Higher-Value Customers
14563,510,2,640.54,1.0986122886681098,6.463871535969915,0,Lower-Value Customers
14564,435,2,2605.62,1.0986122886681098,7.86580964189769,0,Lower-Value Customers
14565,96,5,3859.22,1.791759469228055,8.258479455653386,1,Higher-Value Customers
14566,111,4,4092.0,1.6094379124341003,8.317033476492403,1,Higher-Value Customers
14567,57,2,1530.36,1.0986122886681098,7.3339115084475965,1,Higher-Value Customers
14568,435,1,919.7,0.6931471805599453,6.8251342502938,0,Lower-Value Customers
14569,1,4,597.33,1.6094379124341003,6.3941424412081105,1,Higher-Value Customers
14570,281,3,613.75,1.3862943611198906,6.421215681096302,0,Lower-Value Customers
14571,425,1,160.0,0.6931471805599453,5.081404364984463,0,Lower-Value Customers
14572,3,11,5526.88,2.4849066497880004,8.617559657541847,1,Higher-Value Customers
14573,180,13,2163.12,2.6390573296152584,7.679769091293983,1,Higher-Value Customers
14574,733,1,143.7,0.6931471805599453,4.974662633637438,0,Lower-Value Customers
14575,488,1,420.22,0.6931471805599453,6.043155262513337,0,Lower-Value Customers
14576,372,1,35.4,0.6931471805599453,3.594568774642695,0,Lower-Value Customers
14577,13,7,1364.15,2.0794415416798357,7.219019591691475,1,Higher-Value Customers
14578,3,1,168.63,0.6931471805599453,5.133619594507631,0,Lower-Value Customers
14579,432,1,105.56,0.6931471805599453,4.668708206792079,0,Lower-Value Customers
14580,518,1,14.85,0.6931471805599453,2.7631695003232895,0,Lower-Value Customers
14581,17,2,409.65,1.0986122886681098,6.017741270186201,0,Lower-Value Customers
14582,41,1,114.11,0.6931471805599453,4.74588819292697,0,Lower-Value Customers
14583,6,8,1660.29,2.1972245773362196,7.415349687991905,1,Higher-Value Customers
14584,169,8,1738.16,2.1972245773362196,7.461157517022425,1,Higher-Value Customers
14585,50,5,1143.27,1.791759469228055,7.042522158078838,1,Higher-Value Customers
14586,277,1,237.36,0.6931471805599453,5.473782135878778,0,Lower-Value Customers
14587,19,9,1580.29,2.302585092994046,7.365996248598568,1,Higher-Value Customers
14588,578,1,135.39,0.6931471805599453,4.915518428938784,0,Lower-Value Customers
14589,372,1,39.75,0.6931471805599453,3.7074558396868715,0,Lower-Value Customers
14590,425,20,2993.37,3.044522437723423,8.004489137838455,1,Higher-Value Customers
14591,15,4,1320.21,1.6094379124341003,7.18630326236477,1,Higher-Value Customers
14592,35,3,557.94,1.3862943611198906,6.326042132868397,0,Lower-Value Customers
14593,22,12,3665.53,2.5649493574615367,8.20700098969048,1,Higher-Value Customers
14594,7,2,363.33,1.0986122886681098,5.898060050335743,0,Lower-Value Customers
14595,20,8,2164.45,2.1972245773362196,7.680383471032311,1,Higher-Value Customers
14596,627,1,222.22,0.6931471805599453,5.408157832227569,0,Lower-Value Customers
14597,11,6,2184.63,1.9459101490553132,7.689659395490174,1,Higher-Value Customers
14598,44,2,384.04,1.0986122886681098,5.953347224994854,0,Lower-Value Customers
14599,390,2,457.89,1.0986122886681098,6.128810529923434,0,Lower-Value Customers
14600,306,2,865.17,1.0986122886681098,6.764081194147044,0,Lower-Value Customers
14601,11,1,213.96,0.6931471805599453,5.370451964307236,0,Lower-Value Customers
14602,656,1,205.36,0.6931471805599453,5.329622216376449,0,Lower-Value Customers
14603,275,1,660.0,0.6931471805599453,6.493753839851686,0,Lower-Value Customers
14604,633,1,143.86,0.6931471805599453,4.97576775876718,0,Lower-Value Customers
14605,374,4,921.56,1.6094379124341003,6.827152414450038,0,Lower-Value Customers
14606,1,192,29951.37,5.262690188904886,10.30736373229931,1,Higher-Value Customers
14607,16,22,23763.13,3.1354942159291497,10.075932579920188,1,Higher-Value Customers
14608,4,11,3352.94,2.4849066497880004,8.117891053135486,1,Higher-Value Customers
14609,72,10,1486.2,2.3978952727983707,7.304650436407234,1,Higher-Value Customers
14610,396,2,24.35,1.0986122886681098,3.232778730037192,0,Lower-Value Customers
14611,444,2,604.33,1.0986122886681098,6.405773763870038,0,Lower-Value Customers
14612,415,1,877.7,0.6931471805599453,6.7784435425017975,0,Lower-Value Customers
14613,680,1,76.32,0.6931471805599453,4.34795265434013,0,Lower-Value Customers
14614,386,1,295.13,0.6931471805599453,5.690798547097907,0,Lower-Value Customers
14615,394,5,951.76,1.791759469228055,6.859363035631714,0,Lower-Value Customers
14616,243,5,527.78,1.791759469228055,6.270572466339624,0,Lower-Value Customers
14617,403,2,190.47,1.0986122886681098,5.254731138385114,0,Lower-Value Customers
14618,9,7,1342.32,2.0794415416798357,7.202899440665048,1,Higher-Value Customers
14619,246,2,1291.24,1.0986122886681098,7.164132425605502,0,Lower-Value Customers
14620,206,2,412.78,1.0986122886681098,6.0253344316155975,0,Lower-Value Customers
14621,1,9,3000.57,2.302585092994046,8.006890764092448,1,Higher-Value Customers
14622,185,1,320.58,0.6931471805599453,5.773246346316266,0,Lower-Value Customers
14623,32,10,2016.98,2.3978952727983707,7.609852290061667,1,Higher-Value Customers
14624,57,6,814.07,1.9459101490553132,6.703273999123117,1,Higher-Value Customers
14625,196,11,4497.88,2.4849066497880004,8.411583755891543,1,Higher-Value Customers
14626,24,11,5410.92,2.4849066497880004,8.596359207215423,1,Higher-Value Customers
14627,379,1,462.75,0.6931471805599453,6.139345613921645,0,Lower-Value Customers
14628,91,5,1998.0,1.791759469228055,7.6004023345004,1,Higher-Value Customers
14629,4,2,955.26,1.0986122886681098,6.863029842602406,1,Higher-Value Customers
14630,484,1,338.65,0.6931471805599453,5.8279156756373105,0,Lower-Value Customers
14631,51,6,2025.69,1.9459101490553132,7.614159199383722,1,Higher-Value Customers
14632,263,1,114.56,0.6931471805599453,4.749789875598035,0,Lower-Value Customers
14633,266,1,344.9,0.6931471805599453,5.846149715943123,0,Lower-Value Customers
14634,438,4,2124.46,1.6094379124341003,7.661743528520375,0,Lower-Value Customers
14635,454,1,215.22,0.6931471805599453,5.376296407864626,0,Lower-Value Customers
14636,36,2,609.85,1.0986122886681098,6.414851429850069,0,Lower-Value Customers
14637,677,1,106.68,0.6931471805599453,4.679163865896418,0,Lower-Value Customers
14638,51,1,443.6,0.6931471805599453,6.097175001530096,0,Lower-Value Customers
14639,52,9,4978.96,2.302585092994046,8.513177137857927,1,Higher-Value Customers
14640,24,10,3649.36,2.3978952727983707,8.202581071849892,1,Higher-Value Customers
14641,22,1,110.46,0.6931471805599453,4.7136657821413905,0,Lower-Value Customers
14642,59,1,96.12,0.6931471805599453,4.575947327311188,0,Lower-Value Customers
14643,170,5,1679.89,1.791759469228055,7.4270786940277675,1,Higher-Value Customers
14644,68,7,2247.72,2.0794415416798357,7.718116444430896,1,Higher-Value Customers
14645,157,3,876.89,1.3862943611198906,6.777521301048287,0,Lower-Value Customers
14646,2,151,528602.52,5.0238805208462765,13.177993940229662,1,Higher-Value Customers
14647,201,2,506.04,1.0986122886681098,6.22858989594261,0,Lower-Value Customers
14648,416,15,4466.65,2.772588722239781,8.404617822295334,1,Higher-Value Customers
14649,5,9,3651.19,2.302585092994046,8.203082266648504,1,Higher-Value Customers
14650,589,1,62.5,0.6931471805599453,4.151039905898646,0,Lower-Value Customers
14651,67,9,2025.52,2.302585092994046,7.61407531525233,1,Higher-Value Customers
14652,77,1,114.18,0.6931471805599453,4.7464961220785264,0,Lower-Value Customers
14653,1,12,3593.06,2.5649493574615367,8.18703776169497,1,Higher-Value Customers
14654,738,1,246.86,0.6931471805599453,5.512864070636728,0,Lower-Value Customers
14655,8,7,3878.51,2.0794415416798357,8.26346413598244,1,Higher-Value Customers
14656,169,5,790.0,1.791759469228055,6.673297967767654,1,Higher-Value Customers
14657,18,6,1450.19,1.9459101490553132,7.280139188488177,1,Higher-Value Customers
14658,5,2,247.15,1.0986122886681098,5.51403340203345,0,Lower-Value Customers
14659,9,9,2529.93,2.302585092994046,7.836342103110113,1,Higher-Value Customers
14660,87,2,285.74,1.0986122886681098,5.6585758818181215,0,Lower-Value Customers
14661,27,1,107.95,0.6931471805599453,4.690889061390629,0,Lower-Value Customers
14662,29,7,1376.43,2.0794415416798357,7.227974723038943,1,Higher-Value Customers
14663,430,2,490.6,1.0986122886681098,6.19766537769188,0,Lower-Value Customers
14664,20,2,636.24,1.0986122886681098,6.4571463507046944,0,Lower-Value Customers
14665,61,7,2749.65,2.0794415416798357,7.919592526367497,1,Higher-Value Customers
14666,24,1,195.25,0.6931471805599453,5.279389356662517,0,Lower-Value Customers
14667,11,54,20395.34,4.007333185232471,9.923110751971386,1,Higher-Value Customers
14668,445,1,111.63,0.6931471805599453,4.724108110059605,0,Lower-Value Customers
14669,242,7,3216.78,2.0794415416798357,8.07644695977093,1,Higher-Value Customers
14670,280,3,583.33,1.3862943611198906,6.370465891730294,0,Lower-Value Customers
14671,549,2,1127.45,1.0986122886681098,7.02860028867434,0,Lower-Value Customers
14672,235,4,1113.14,1.6094379124341003,7.015838085840559,0,Lower-Value Customers
14673,3,7,3037.32,2.0794415416798357,8.019060010064207,1,Higher-Value Customers
14674,509,1,173.66,0.6931471805599453,5.162841226985587,0,Lower-Value Customers
14675,16,2,1015.58,1.0986122886681098,6.92419933139807,1,Higher-Value Customers
14676,31,12,8356.79,2.5649493574615367,9.030949317064065,1,Higher-Value Customers
14677,593,1,184.91,0.6931471805599453,5.225262685642126,0,Lower-Value Customers
14678,579,1,403.39,0.6931471805599453,6.0023797588484875,0,Lower-Value Customers
14679,382,3,1289.44,1.3862943611198906,7.1627385244706785,0,Lower-Value Customers
14680,25,58,55688.5,4.07753744390572,10.92754689827083,1,Higher-Value Customers
14681,71,6,875.15,1.9459101490553132,6.775537309154428,1,Higher-Value Customers
14682,188,6,1514.81,1.9459101490553132,7.323705228532576,1,Higher-Value Customers
14683,588,1,146.56,0.6931471805599453,4.994234872728475,0,Lower-Value Customers
14684,26,6,1430.03,1.9459101490553132,7.266149743697289,1,Higher-Value Customers
14685,576,8,4536.64,2.1972245773362196,8.420162332091621,1,Higher-Value Customers
14686,414,5,852.53,1.791759469228055,6.749380691001656,0,Lower-Value Customers
14687,107,3,1402.06,1.3862943611198906,7.246410844690537,1,Higher-Value Customers
14688,8,28,7190.42,3.367295829986474,8.88064392773817,1,Higher-Value Customers
14689,209,1,112.8,0.6931471805599453,4.73444252169223,0,Lower-Value Customers
14690,44,4,777.68,1.6094379124341003,6.657600178421077,1,Higher-Value Customers
14691,31,5,2114.33,1.791759469228055,7.656966107678013,1,Higher-Value Customers
14692,137,12,1715.14,2.5649493574615367,7.4478328618016105,1,Higher-Value Customers
14693,265,7,1165.36,2.0794415416798357,7.061643067113544,1,Higher-Value Customers
14694,617,1,244.31,0.6931471805599453,5.5025227168419955,0,Lower-Value Customers
14695,519,3,1534.22,1.3862943611198906,7.336428972227183,0,Lower-Value Customers
14696,4,8,2473.28,2.1972245773362196,7.813704723589624,1,Higher-Value Customers
14697,218,2,188.61,1.0986122886681098,5.2449693310461125,0,Lower-Value Customers
14698,2,5,1217.27,1.791759469228055,7.105187098580444,1,Higher-Value Customers
14699,214,4,702.6,1.6094379124341003,6.556210012863403,0,Lower-Value Customers
14700,32,5,3076.06,1.791759469228055,8.03172987464444,1,Higher-Value Customers
14701,11,15,4487.11,2.772588722239781,8.409186956706094,1,Higher-Value Customers
14702,1,29,6368.78,3.4011973816621555,8.759320211078117,1,Higher-Value Customers
14703,15,1,318.17,0.6931471805599453,5.765723876196384,0,Lower-Value Customers
14704,11,11,1752.92,2.4849066497880004,7.4696085618577515,1,Higher-Value Customers
14705,199,1,179.0,0.6931471805599453,5.19295685089021,0,Lower-Value Customers
14706,619,1,367.54,0.6931471805599453,5.9095492539067145,0,Lower-Value Customers
14707,436,2,139.2,1.0986122886681098,4.94306997460049,0,Lower-Value Customers
14708,3,5,1793.22,1.791759469228055,7.4923256660923725,1,Higher-Value Customers
14709,15,25,8886.33,3.258096538021482,9.092381945939806,1,Higher-Value Customers
14710,14,13,1899.79,2.6390573296152584,7.550024868211726,1,Higher-Value Customers
14711,10,11,2839.62,2.4849066497880004,7.951777617188277,1,Higher-Value Customers
14712,29,4,1328.07,1.6094379124341003,7.192234728507507,1,Higher-Value Customers
14713,9,21,5115.76,3.091042453358316,8.540276705223214,1,Higher-Value Customers
14714,24,4,906.24,1.6094379124341003,6.810407023712235,1,Higher-Value Customers
14715,25,8,1825.45,2.1972245773362196,7.5101294711001705,1,Higher-Value Customers
14716,43,3,543.28,1.3862943611198906,6.299463820322658,0,Lower-Value Customers
14717,733,1,81.3,0.6931471805599453,4.410371107683024,0,Lower-Value Customers
14718,410,1,226.42,0.6931471805599453,5.426798528196577,0,Lower-Value Customers
14719,2,5,1581.84,1.791759469228055,7.366975980862403,1,Higher-Value Customers
14720,6,3,663.81,1.3862943611198906,6.499501285546037,1,Higher-Value Customers
14721,379,1,109.07,0.6931471805599453,4.701116527035301,0,Lower-Value Customers
14722,147,3,489.52,1.3862943611198906,6.195466052893825,0,Lower-Value Customers
14723,10,11,1803.06,2.4849066497880004,7.49779495949299,1,Higher-Value Customers
14724,590,1,341.9,0.6931471805599453,5.837438859468874,0,Lower-Value Customers
14725,25,4,1252.74,1.6094379124341003,7.133886363172552,1,Higher-Value Customers
14726,655,1,116.5,0.6931471805599453,4.7664383335842135,0,Lower-Value Customers
14727,274,3,463.73,1.3862943611198906,6.1414565917863815,0,Lower-Value Customers
14728,413,1,190.58,0.6931471805599453,5.255305475954746,0,Lower-Value Customers
14729,374,3,586.24,1.3862943611198906,6.37543359487126,0,Lower-Value Customers
14730,1,8,1897.57,2.1972245773362196,7.548856250206247,1,Higher-Value Customers
14731,47,3,380.02,1.3862943611198906,5.942851867187289,0,Lower-Value Customers
14732,8,19,5517.07,2.995732273553991,8.615783440452477,1,Higher-Value Customers
14733,16,15,14335.15,2.772588722239781,9.570539598329615,1,Higher-Value Customers
14734,426,4,1056.42,1.6094379124341003,6.963587257940615,0,Lower-Value Customers
14735,4,56,12240.16,4.04305126783455,9.412559322817637,1,Higher-Value Customers
14736,485,2,374.05,1.0986122886681098,5.927059350415646,0,Lower-Value Customers
14737,4,4,3554.17,1.6094379124341003,8.176158161065873,1,Higher-Value Customers
14738,43,9,1821.9,2.302585092994046,7.508183918538876,1,Higher-Value Customers
14739,4,25,11573.62,3.258096538021482,9.356570049041888,1,Higher-Value Customers
14740,197,11,4161.06,2.4849066497880004,8.333765422995752,1,Higher-Value Customers
14741,12,7,1713.09,2.0794415416798357,7.446637606530647,1,Higher-Value Customers
14742,435,1,579.85,0.6931471805599453,6.364492547959484,0,Lower-Value Customers
14743,593,1,50.48,0.6931471805599453,3.941193382727926,0,Lower-Value Customers
14744,16,14,3660.08,2.70805020110221,8.205513464834503,1,Higher-Value Customers
14745,113,12,2551.41,2.5649493574615367,7.844793289867726,1,Higher-Value Customers
14746,406,4,593.5,1.6094379124341003,6.387720716130836,0,Lower-Value Customers
14747,249,1,328.2,0.6931471805599453,5.796665468802915,0,Lower-Value Customers
14748,29,10,2681.9,2.3978952727983707,7.894653578020245,1,Higher-Value Customers
14749,480,1,310.15,0.6931471805599453,5.740275111015227,0,Lower-Value Customers
14750,736,1,112.03,0.6931471805599453,4.72765327020264,0,Lower-Value Customers
14751,684,2,126.45,1.0986122886681098,4.847724130822124,0,Lower-Value Customers
14752,44,1,389.64,0.6931471805599453,5.967786419753405,0,Lower-Value Customers
14753,87,2,869.51,1.0986122886681098,6.769079246793036,0,Lower-Value Customers
14754,45,6,1547.93,1.9459101490553132,7.345319648950301,1,Higher-Value Customers
14755,10,25,9972.55,3.258096538021482,9.207691867783259,1,Higher-Value Customers
14756,15,3,2653.76,1.3862943611198906,7.8841095341098955,1,Higher-Value Customers
14757,75,1,420.5,0.6931471805599453,6.04381977744191,0,Lower-Value Customers
14758,145,7,2864.97,2.0794415416798357,7.9606621407827385,1,Higher-Value Customers
14759,5,3,1625.97,1.3862943611198906,7.394474668204541,1,Higher-Value Customers
14760,297,1,89.2,0.6931471805599453,4.502029427068578,0,Lower-Value Customers
14761,59,3,447.92,1.3862943611198906,6.1068446981480555,0,Lower-Value Customers
14762,264,2,417.57,1.0986122886681098,6.036844139980692,0,Lower-Value Customers
14764,47,1,278.3,0.6931471805599453,5.632286472951131,0,Lower-Value Customers
14765,29,3,254.11,1.3862943611198906,5.541694824693056,0,Lower-Value Customers
14766,8,11,6375.73,2.4849066497880004,8.760410705760776,1,Higher-Value Customers
14767,474,1,382.81,0.6931471805599453,5.950147638471271,0,Lower-Value Customers
14768,17,2,192.6,1.0986122886681098,5.265794174842477,0,Lower-Value Customers
14769,3,17,15514.11,2.8903717578961645,9.649569666770335,1,Higher-Value Customers
14770,232,8,3637.64,2.1972245773362196,8.199365264441436,1,Higher-Value Customers
14771,621,2,594.62,1.0986122886681098,6.3896028798296856,0,Lower-Value Customers
14772,112,1,139.26,0.6931471805599453,4.943497843108764,0,Lower-Value Customers
14773,593,1,140.55,0.6931471805599453,4.952653011557909,0,Lower-Value Customers
14774,529,1,241.45,0.6931471805599453,5.490795503551361,0,Lower-Value Customers
14775,58,3,1011.9,1.3862943611198906,6.9205727826927514,1,Higher-Value Customers
14776,51,15,3708.3,2.772588722239781,8.21859845855403,1,Higher-Value Customers
14777,404,1,307.56,0.6931471805599453,5.731916313899973,0,Lower-Value Customers
14778,127,2,730.86,1.0986122886681098,6.595589238838791,0,Lower-Value Customers
14779,281,3,386.15,1.3862943611198906,5.958812214832733,0,Lower-Value Customers
14780,55,2,447.68,1.0986122886681098,6.106309938777023,0,Lower-Value Customers
14782,320,1,200.1,0.6931471805599453,5.303802296778606,0,Lower-Value Customers
14783,659,1,307.3,0.6931471805599453,5.731073334892105,0,Lower-Value Customers
14784,26,3,449.93,1.3862943611198906,6.111312116813244,0,Lower-Value Customers
14785,10,2,77.4,1.0986122886681098,4.361823927356363,0,Lower-Value Customers
14786,550,1,90.96,0.6931471805599453,4.521353699894981,0,Lower-Value Customers
14787,471,1,110.65,0.6931471805599453,4.7153689782861665,0,Lower-Value Customers
14788,7,3,1156.32,1.3862943611198906,7.05386226630844,1,Higher-Value Customers
14789,29,1,197.64,0.6931471805599453,5.2914941411999115,0,Lower-Value Customers
14790,17,10,2526.62,2.3978952727983707,7.835033427512401,1,Higher-Value Customers
14791,607,1,303.63,0.6931471805599453,5.719097925433975,0,Lower-Value Customers
14792,64,1,6.2,0.6931471805599453,1.9740810260220096,0,Lower-Value Customers
14793,21,2,625.9,1.0986122886681098,6.440787038279923,0,Lower-Value Customers
14794,3,10,1953.9,2.3978952727983707,7.578094320216074,1,Higher-Value Customers
14795,166,1,131.45,0.6931471805599453,4.886205215718078,0,Lower-Value Customers
14796,1,27,10169.33,3.332204510175204,9.22722993689375,1,Higher-Value Customers
14797,507,1,300.31,0.6931471805599453,5.70813963509761,0,Lower-Value Customers
14798,53,8,724.31,2.1972245773362196,6.586599149672639,1,Higher-Value Customers
14799,51,2,338.15,1.0986122886681098,5.826442487392089,0,Lower-Value Customers
14800,48,17,7191.33,2.8903717578961645,8.880770459414709,1,Higher-Value Customers
14801,61,1,189.34,0.6931471805599453,5.248811946644198,0,Lower-Value Customers
14802,438,2,1502.98,1.0986122886681098,7.315870206549027,0,Lower-Value Customers
14803,162,3,845.55,1.3862943611198906,6.741169266574241,0,Lower-Value Customers
14804,9,1,353.27,0.6931471805599453,5.8700593342813,0,Lower-Value Customers
14805,15,7,1082.55,2.0794415416798357,6.98799796665834,1,Higher-Value Customers
14806,75,2,303.43,1.0986122886681098,5.718441175664861,0,Lower-Value Customers
14807,391,2,504.14,1.0986122886681098,6.224835618577628,0,Lower-Value Customers
14808,40,8,2718.6,2.1972245773362196,7.908240089652304,1,Higher-Value Customers
14809,621,2,686.76,1.0986122886681098,6.533439939866189,0,Lower-Value Customers
14810,41,13,2354.03,2.6390573296152584,7.764308745222883,1,Higher-Value Customers
14811,387,1,170.5,0.6931471805599453,5.144583266605995,0,Lower-Value Customers
14812,599,1,178.85,0.6931471805599453,5.192123170141633,0,Lower-Value Customers
14813,370,4,888.91,1.6094379124341003,6.791120334017345,0,Lower-Value Customers
14814,581,1,154.21,0.6931471805599453,5.044779038663093,0,Lower-Value Customers
14815,37,2,778.5,1.0986122886681098,6.658652688497831,0,Lower-Value Customers
14816,197,1,271.85,0.6931471805599453,5.608922193632241,0,Lower-Value Customers
14817,200,7,3959.86,2.0794415416798357,8.284216452387334,1,Higher-Value Customers
14818,74,6,1153.56,1.9459101490553132,7.051474597994149,1,Higher-Value Customers
14819,64,4,456.41,1.6094379124341003,6.125580144051925,0,Lower-Value Customers
14820,21,9,1274.76,2.302585092994046,7.151297358439717,1,Higher-Value Customers
14821,367,7,1230.15,2.0794415416798357,7.115703970913804,1,Higher-Value Customers
14822,485,1,157.7,0.6931471805599453,5.0670156275323635,0,Lower-Value Customers
14823,180,3,321.43,1.3862943611198906,5.775886058412575,0,Lower-Value Customers
14824,10,10,4022.91,2.3978952727983707,8.300009345724288,1,Higher-Value Customers
14825,4,24,4735.08,3.2188758248682006,8.462965068313068,1,Higher-Value Customers
14826,582,2,385.2,1.0986122886681098,5.956355369994414,0,Lower-Value Customers
14828,197,13,9839.46,2.6390573296152584,9.194257736921127,1,Higher-Value Customers
14829,29,7,1455.87,2.0794415416798357,7.2840455777807005,1,Higher-Value Customers
14830,53,1,188.88,0.6931471805599453,5.246392293683117,0,Lower-Value Customers
14831,680,3,1676.57,1.3862943611198906,7.425101596738257,0,Lower-Value Customers
14832,630,1,322.69,0.6931471805599453,5.779786267653029,0,Lower-Value Customers
14833,499,1,94.8,0.6931471805599453,4.562262684976814,0,Lower-Value Customers
14834,18,7,2206.16,2.0794415416798357,7.699461900230706,1,Higher-Value Customers
14835,529,2,297.0,1.0986122886681098,5.697093486505405,0,Lower-Value Customers
14836,10,3,102.45,1.3862943611198906,4.639088404191552,0,Lower-Value Customers
14837,90,9,3460.32,2.302585092994046,8.149405298188219,1,Higher-Value Customers
14838,423,2,769.92,1.0986122886681098,6.647584606830851,0,Lower-Value Customers
14839,418,3,915.28,1.3862943611198906,6.8203219948203735,0,Lower-Value Customers
14840,268,2,362.71,1.0986122886681098,5.896356846803299,0,Lower-Value Customers
14841,53,14,7163.0,2.70805020110221,8.876823763180603,1,Higher-Value Customers
14842,44,4,2824.69,1.6094379124341003,7.946507861544517,1,Higher-Value Customers
14843,437,1,211.8,0.6931471805599453,5.360352757467489,0,Lower-Value Customers
14844,64,10,6702.43,2.3978952727983707,8.810374614680837,1,Higher-Value Customers
14845,600,1,150.0,0.6931471805599453,5.017279836814924,0,Lower-Value Customers
14846,427,1,437.4,0.6931471805599453,6.083131735633806,0,Lower-Value Customers
14847,149,3,1348.95,1.3862943611198906,7.2078228337095505,1,Higher-Value Customers
14848,405,1,310.56,0.6931471805599453,5.741591936051748,0,Lower-Value Customers
14849,22,43,15407.61,3.784189633918261,9.642681723077718,1,Higher-Value Customers
14850,312,7,1770.96,2.0794415416798357,7.479841557546813,1,Higher-Value Customers
14851,23,3,829.41,1.3862943611198906,6.721919554728325,1,Higher-Value Customers
14852,58,18,6132.43,2.9444389791664403,8.721509415674332,1,Higher-Value Customers
14853,24,5,1376.87,1.791759469228055,7.2282941075007,1,Higher-Value Customers
14854,78,11,4303.06,2.4849066497880004,8.367314042264898,1,Higher-Value Customers
14855,119,7,6520.3,2.0794415416798357,8.782829021548919,1,Higher-Value Customers
14856,36,3,1290.53,1.3862943611198906,7.163582841069827,1,Higher-Value Customers
14857,60,7,3651.85,2.0794415416798357,8.203262963811504,1,Higher-Value Customers
14858,506,1,180.75,0.6931471805599453,5.202632116413628,0,Lower-Value Customers
14859,13,5,1705.64,1.791759469228055,7.442281804243372,1,Higher-Value Customers
14860,19,1,170.32,0.6931471805599453,5.14353315274717,0,Lower-Value Customers
14861,52,10,1380.73,2.3978952727983707,7.231091616210209,1,Higher-Value Customers
14862,26,2,841.2,1.0986122886681098,6.736017515727827,0,Lower-Value Customers
14863,29,1,266.76,0.6931471805599453,5.590091056903071,0,Lower-Value Customers
14865,7,4,92.52,1.6094379124341003,4.538175317163813,0,Lower-Value Customers
14866,11,19,20746.54,2.995732273553991,9.94018296441387,1,Higher-Value Customers
14867,186,16,2952.06,2.833213344056216,7.99059719985786,1,Higher-Value Customers
14868,3,12,4184.01,2.5649493574615367,8.339264372406982,1,Higher-Value Customers
14869,9,6,2778.14,1.9459101490553132,7.929896806307337,1,Higher-Value Customers
14870,262,6,1838.95,1.9459101490553132,7.51749367632077,1,Higher-Value Customers
14871,3,9,1228.17,2.302585092994046,7.114094423840696,1,Higher-Value Customers
14872,484,3,816.6,1.3862943611198906,6.70637321944944,0,Lower-Value Customers
14873,210,2,854.13,1.0986122886681098,6.751253504162445,0,Lower-Value Customers
14874,535,1,116.18,0.6931471805599453,4.7637112141166424,0,Lower-Value Customers
14875,108,3,2862.4,1.3862943611198906,7.959765008926227,1,Higher-Value Customers
14876,521,2,256.7,1.0986122886681098,5.551796117658319,0,Lower-Value Customers
14877,418,2,425.85,1.0986122886681098,6.056432663456316,0,Lower-Value Customers
14878,13,25,4076.5,3.258096538021482,8.313239334495169,1,Higher-Value Customers
14879,685,1,185.06,0.6931471805599453,5.226069202340413,0,Lower-Value Customers
14880,77,3,690.59,1.3862943611198906,6.5389932944796145,0,Lower-Value Customers
14881,20,1,255.4,0.6931471805599453,5.546738725046515,0,Lower-Value Customers
14882,27,14,3546.65,2.70805020110221,8.174040691438382,1,Higher-Value Customers
14883,19,6,761.59,1.9459101490553132,6.636720534303131,1,Higher-Value Customers
14884,669,1,120.6,0.6931471805599453,4.800736969532067,0,Lower-Value Customers
14885,132,3,1598.12,1.3862943611198906,7.377208756922391,1,Higher-Value Customers
14886,253,1,364.8,0.6931471805599453,5.9020867359567655,0,Lower-Value Customers
14887,79,1,1862.0,0.6931471805599453,7.529943370601589,0,Lower-Value Customers
14888,207,1,369.2,0.6931471805599453,5.914043400139397,0,Lower-Value Customers
14889,336,1,135.9,0.6931471805599453,4.919250732294404,0,Lower-Value Customers
14890,254,3,817.25,1.3862943611198906,6.70716791338129,0,Lower-Value Customers
14891,148,4,1106.73,1.6094379124341003,7.0100681553014015,1,Higher-Value Customers
14892,691,1,202.35,0.6931471805599453,5.314928632353234,0,Lower-Value Customers
14893,10,3,1809.61,1.3862943611198906,7.501419084057128,1,Higher-Value Customers
14894,85,3,1492.81,1.3862943611198906,7.30908518223715,1,Higher-Value Customers
14895,8,38,25119.54,3.6635616461296463,10.131441117166368,1,Higher-Value Customers
14896,205,8,1826.0,2.1972245773362196,7.510430556378006,1,Higher-Value Customers
14897,8,8,3140.54,2.1972245773362196,8.05246840453291,1,Higher-Value Customers
14898,23,14,3365.95,2.70805020110221,8.121762569035962,1,Higher-Value Customers
14899,395,1,1331.38,0.6931471805599453,7.194722095699511,0,Lower-Value Customers
14900,522,1,13.92,0.6931471805599453,2.702702594775615,0,Lower-Value Customers
14901,11,12,1919.0,2.5649493574615367,7.560080465021827,1,Higher-Value Customers
14902,26,3,1035.62,1.3862943611198906,6.943720699414746,1,Higher-Value Customers
14903,21,5,2795.33,1.791759469228055,7.936063122140283,1,Higher-Value Customers
14904,2,4,1630.49,1.6094379124341003,7.397248986685752,1,Higher-Value Customers
14905,158,8,1971.39,2.1972245773362196,7.587001284371595,1,Higher-Value Customers
14906,445,1,68.44,0.6931471805599453,4.240463070352095,0,Lower-Value Customers
14907,3,16,5547.72,2.833213344056216,8.621322549510516,1,Higher-Value Customers
14908,74,2,381.9,1.0986122886681098,5.947773858483249,0,Lower-Value Customers
14909,437,3,1404.68,1.3862943611198906,7.248276450449636,0,Lower-Value Customers
14910,3,4,434.35,1.6094379124341003,6.076150305274624,1,Higher-Value Customers
14911,1,398,291420.81,5.988961416889864,12.582527015515547,1,Higher-Value Customers
14912,17,6,1889.25,1.9459101490553132,7.5444643744383795,1,Higher-Value Customers
14913,36,8,4073.13,2.1972245773362196,8.312412505948734,1,Higher-Value Customers
14915,91,11,1811.25,2.4849066497880004,7.502324446180987,1,Higher-Value Customers
14916,71,8,3042.95,2.1972245773362196,8.020911293091087,1,Higher-Value Customers
14917,597,2,1123.75,1.0986122886681098,7.025316067721282,0,Lower-Value Customers
14918,116,9,5955.81,2.302585092994046,8.692290381870738,1,Higher-Value Customers
14919,539,1,359.35,0.6931471805599453,5.88707578137045,0,Lower-Value Customers
14920,213,3,1607.17,1.3862943611198906,7.3828521655438335,0,Lower-Value Customers
14921,30,2,1316.07,1.0986122886681098,7.1831648514317985,1,Higher-Value Customers
14922,394,2,843.74,1.0986122886681098,6.739028887702491,0,Lower-Value Customers
14923,51,1,749.1,0.6931471805599453,6.620206530975591,0,Lower-Value Customers
14924,246,3,931.01,1.3862943611198906,6.837343544241763,0,Lower-Value Customers
14926,382,2,359.4,1.0986122886681098,5.887214525734183,0,Lower-Value Customers
14927,397,1,308.2,0.6931471805599453,5.733988316713267,0,Lower-Value Customers
14928,628,1,223.91,0.6931471805599453,5.41570032218308,0,Lower-Value Customers
14929,32,2,836.69,1.0986122886681098,6.730648103640738,0,Lower-Value Customers
14930,109,6,5236.73,1.9459101490553132,8.563643477347343,1,Higher-Value Customers
14931,5,5,1257.68,1.791759469228055,7.137818831761513,1,Higher-Value Customers
14932,366,2,666.13,1.0986122886681098,6.502984929473315,0,Lower-Value Customers
14933,444,4,1770.0,1.6094379124341003,7.479299637782834,0,Lower-Value Customers
14934,82,5,3503.5,1.791759469228055,8.16180313594038,1,Higher-Value Customers
14935,297,2,2849.83,1.0986122886681098,7.955365458934208,0,Lower-Value Customers
14936,34,12,12410.81,2.5649493574615367,9.426403717684428,1,Higher-Value Customers
14937,57,3,1621.88,1.3862943611198906,7.3919576276276855,1,Higher-Value Customers
14938,562,2,2322.43,1.0986122886681098,7.750799821107575,0,Lower-Value Customers
14940,418,2,531.49,1.0986122886681098,6.277564118064523,0,Lower-Value Customers
14941,579,1,182.1,0.6931471805599453,5.210032451680465,0,Lower-Value Customers
14942,402,4,746.56,1.6094379124341003,6.616814569602102,0,Lower-Value Customers
14943,663,1,107.62,0.6931471805599453,4.687855552606699,0,Lower-Value Customers
14944,30,19,9784.67,2.995732273553991,9.188674349637317,1,Higher-Value Customers
14945,414,1,179.4,0.6931471805599453,5.1951766076285235,0,Lower-Value Customers
14946,14,1,100.9,0.6931471805599453,4.623991940228679,0,Lower-Value Customers
14947,72,6,1049.79,1.9459101490553132,6.957297541207289,1,Higher-Value Customers
14948,23,6,1101.97,1.9459101490553132,7.005761820334205,1,Higher-Value Customers
14949,469,4,515.0,1.6094379124341003,6.246106765481563,0,Lower-Value Customers
14950,19,1,371.2,0.6931471805599453,5.91943134420815,0,Lower-Value Customers
14951,79,1,311.69,0.6931471805599453,5.745212284419341,0,Lower-Value Customers
14952,60,32,17629.35,3.4965075614664802,9.777377127718964,1,Higher-Value Customers
14953,25,4,971.32,1.6094379124341003,6.879684968387045,1,Higher-Value Customers
14954,12,2,462.12,1.0986122886681098,6.137986199770749,0,Lower-Value Customers
14955,733,1,163.77,0.6931471805599453,5.10455056206934,0,Lower-Value Customers
14956,421,1,1325.0,0.6931471805599453,7.189922170745808,0,Lower-Value Customers
14957,253,2,261.69,1.0986122886681098,5.570974629731707,0,Lower-Value Customers
14958,147,6,941.99,1.9459101490553132,6.849055678123359,1,Higher-Value Customers
14959,64,4,695.42,1.6094379124341003,6.545952926608586,1,Higher-Value Customers
14960,8,2,221.27,1.0986122886681098,5.4038928590966755,0,Lower-Value Customers
14961,11,22,16410.15,3.1354942159291497,9.70571626084869,1,Higher-Value Customers
14962,271,4,366.91,1.6094379124341003,5.90783834304059,0,Lower-Value Customers
14963,10,12,3123.57,2.5649493574615367,8.047051952702754,1,Higher-Value Customers
14964,247,1,206.21,0.6931471805599453,5.333732771768991,0,Lower-Value Customers
14965,96,2,596.09,1.0986122886681098,6.3920678557992385,0,Lower-Value Customers
14966,15,6,1064.26,1.9459101490553132,6.97097417980369,1,Higher-Value Customers
14967,50,6,1982.61,1.9459101490553132,7.592673695941251,1,Higher-Value Customers
14968,30,2,501.24,1.0986122886681098,6.219078093093644,0,Lower-Value Customers
14969,704,1,906.23,0.6931471805599453,6.810396001209797,0,Lower-Value Customers
14970,68,12,4919.35,2.5649493574615367,8.501134945167534,1,Higher-Value Customers
14971,35,3,1097.98,1.3862943611198906,7.002137755875882,1,Higher-Value Customers
14972,128,2,145.07,1.0986122886681098,4.984085958862719,0,Lower-Value Customers
14973,107,3,1314.45,1.3862943611198906,7.181934091396172,1,Higher-Value Customers
14974,37,1,89.94,0.6931471805599453,4.510199948396864,0,Lower-Value Customers
14975,57,2,472.39,1.0986122886681098,6.159919573071391,0,Lower-Value Customers
14976,57,7,790.86,2.0794415416798357,6.674384608512411,1,Higher-Value Customers
14977,726,1,31.93,0.6931471805599453,3.494384096388273,0,Lower-Value Customers
14978,72,10,3112.19,2.3978952727983707,8.043403202951074,1,Higher-Value Customers
14979,735,1,429.66,0.6931471805599453,6.065318915678462,0,Lower-Value Customers
14980,737,1,150.68,0.6931471805599453,5.021773038506712,0,Lower-Value Customers
14981,246,2,372.92,1.0986122886681098,5.924041870790548,0,Lower-Value Customers
14982,572,1,237.78,0.6931471805599453,5.475542625917242,0,Lower-Value Customers
14983,689,1,183.2,0.6931471805599453,5.216022123821206,0,Lower-Value Customers
14984,19,6,1260.51,1.9459101490553132,7.140064695120641,1,Higher-Value Customers
14985,198,2,292.01,1.0986122886681098,5.680206738127495,0,Lower-Value Customers
14986,376,2,563.1,1.0986122886681098,6.33523154074593,0,Lower-Value Customers
14987,16,8,1550.65,2.1972245773362196,7.347074159846811,1,Higher-Value Customers
14988,212,7,2038.65,2.0794415416798357,7.620533503491231,1,Higher-Value Customers
14989,662,1,342.4,0.6931471805599453,5.838895948463375,0,Lower-Value Customers
14990,612,2,304.17,1.0986122886681098,5.7208689983797,0,Lower-Value Customers
14991,430,1,314.67,0.6931471805599453,5.754697364124307,0,Lower-Value Customers
14992,442,1,210.5,0.6931471805599453,5.354224998486333,0,Lower-Value Customers
14993,564,1,36.13,0.6931471805599453,3.6144252681889886,0,Lower-Value Customers
14994,382,5,946.72,1.791759469228055,6.854059099978276,0,Lower-Value Customers
14995,39,2,231.98,1.0986122886681098,5.450952612971631,0,Lower-Value Customers
14996,481,2,442.29,1.0986122886681098,6.094224183409496,0,Lower-Value Customers
14997,46,4,776.6,1.6094379124341003,6.656212253146229,1,Higher-Value Customers
14998,170,4,753.18,1.6094379124341003,6.625631066307701,0,Lower-Value Customers
14999,593,1,129.48,0.6931471805599453,4.871219958312758,0,Lower-Value Customers
15000,48,1,490.52,0.6931471805599453,6.197502630519253,0,Lower-Value Customers
15001,394,2,199.11,1.0986122886681098,5.298867215353472,0,Lower-Value Customers
15002,116,9,4138.08,2.302585092994046,8.32822881990212,1,Higher-Value Customers
15003,473,6,1027.03,1.9459101490553132,6.935399628468676,0,Lower-Value Customers
15004,147,1,1220.77,0.6931471805599453,7.108055905977399,0,Lower-Value Customers
15005,16,56,13754.58,4.04305126783455,9.529199838954609,1,Higher-Value Customers
15006,51,2,757.78,1.0986122886681098,6.631711880307066,0,Lower-Value Customers
15007,159,1,156.91,0.6931471805599453,5.062025250478552,0,Lower-Value Customers
15008,480,2,360.0,1.0986122886681098,5.8888779583328805,0,Lower-Value Customers
15009,12,3,1259.43,1.3862943611198906,7.139208211567486,1,Higher-Value Customers
15010,36,1,308.94,0.6931471805599453,5.736378730359189,0,Lower-Value Customers
15011,396,2,416.6,1.0986122886681098,6.034524036568429,0,Lower-Value Customers
15012,54,3,646.26,1.3862943611198906,6.472748068492985,0,Lower-Value Customers
15013,488,10,1610.82,2.3978952727983707,7.3851192543008315,1,Higher-Value Customers
15014,43,2,257.67,1.0986122886681098,5.555553118030016,0,Lower-Value Customers
15015,501,13,2354.97,2.6390573296152584,7.764707811243887,1,Higher-Value Customers
15016,173,5,620.89,1.791759469228055,6.432763228224975,0,Lower-Value Customers
15017,34,1,125.58,0.6931471805599453,4.840874519347159,0,Lower-Value Customers
15018,39,3,496.21,1.3862943611198906,6.209012472065032,0,Lower-Value Customers
15019,267,1,252.81,0.6931471805599453,5.536585955607315,0,Lower-Value Customers
15020,379,1,198.47,0.6931471805599453,5.295663849082473,0,Lower-Value Customers
15021,9,12,2500.59,2.5649493574615367,7.824681808694004,1,Higher-Value Customers
15022,12,5,1133.44,1.791759469228055,7.0338944160871,1,Higher-Value Customers
15023,3,20,11578.65,3.044522437723423,9.357004526145174,1,Higher-Value Customers
15024,10,16,3559.39,2.833213344056216,8.17762536840765,1,Higher-Value Customers
15025,33,2,979.79,1.0986122886681098,6.888358369371406,0,Lower-Value Customers
15026,80,5,1048.89,1.791759469228055,6.956440675758896,1,Higher-Value Customers
15027,31,10,3195.6,2.3978952727983707,8.069843023934553,1,Higher-Value Customers
15028,8,6,962.94,1.9459101490553132,6.8710290520096144,1,Higher-Value Customers
15029,620,1,365.1,0.6931471805599453,5.902906520126191,0,Lower-Value Customers
15030,72,8,1979.91,2.1972245773362196,7.591311614066303,1,Higher-Value Customers
15031,4,14,3102.94,2.70805020110221,8.040427551219377,1,Higher-Value Customers
15032,256,8,11010.05,2.1972245773362196,9.306654593016914,1,Higher-Value Customers
15033,5,10,2557.18,2.3978952727983707,7.847051347137703,1,Higher-Value Customers
15034,16,14,8231.2,2.70805020110221,9.015808572651215,1,Higher-Value Customers
15035,90,1,252.73,0.6931471805599453,5.536270709515726,0,Lower-Value Customers
15036,72,3,429.56,1.3862943611198906,6.065086686978596,0,Lower-Value Customers
15037,376,2,397.76,1.0986122886681098,5.988359732154503,0,Lower-Value Customers
15038,59,9,1146.53,2.302585092994046,7.045367085383807,1,Higher-Value Customers
15039,10,93,39141.48,4.543294782270004,10.57496360123198,1,Higher-Value Customers
15040,542,1,7.49,0.6931471805599453,2.138889000323256,0,Lower-Value Customers
15041,170,2,289.4,1.0986122886681098,5.671259282950641,0,Lower-Value Customers
15042,199,2,315.45,1.0986122886681098,5.7571652512213145,0,Lower-Value Customers
15043,31,6,2870.32,1.9459101490553132,7.9625271333317285,1,Higher-Value Customers
15044,19,35,16024.15,3.58351893845611,9.681914642119478,1,Higher-Value Customers
15045,152,2,735.66,1.0986122886681098,6.602126456028984,0,Lower-Value Customers
15046,9,25,7623.79,3.258096538021482,8.939160060112746,1,Higher-Value Customers
15047,270,1,343.62,0.6931471805599453,5.842442360714953,0,Lower-Value Customers
15048,65,4,381.0,1.6094379124341003,5.945420608606575,0,Lower-Value Customers
15049,274,1,121.17,0.6931471805599453,4.8054135174159684,0,Lower-Value Customers
15050,25,5,4087.19,1.791759469228055,8.315857608298602,1,Higher-Value Customers
15051,23,9,3926.91,2.302585092994046,8.275862756788237,1,Higher-Value Customers
15052,319,1,207.73,0.6931471805599453,5.341041550757815,0,Lower-Value Customers
15053,5,3,693.95,1.3862943611198906,6.5438399005307675,1,Higher-Value Customers
15054,12,2,302.1,1.0986122886681098,5.714062784063757,0,Lower-Value Customers
15055,475,3,549.12,1.3862943611198906,6.310136436246507,0,Lower-Value Customers
15056,520,1,113.65,0.6931471805599453,4.741884009303914,0,Lower-Value Customers
15057,275,5,3255.96,1.791759469228055,8.088549523960413,1,Higher-Value Customers
15058,25,16,3387.58,2.833213344056216,8.12816623356411,1,Higher-Value Customers
15059,41,19,3491.2,2.995732273553991,8.158287189088027,1,Higher-Value Customers
15060,8,4,294.25,1.6094379124341003,5.687822455077471,0,Lower-Value Customers
15061,4,127,126389.02,4.852030263919617,11.747127801881527,1,Higher-Value Customers
15062,71,8,2585.62,2.1972245773362196,7.858107283109296,1,Higher-Value Customers
15063,213,1,370.8,0.6931471805599453,5.918356075287344,0,Lower-Value Customers
15064,410,4,1254.41,1.6094379124341003,7.135217491440363,0,Lower-Value Customers
15065,38,5,3326.86,1.791759469228055,8.110084733748552,1,Higher-Value Customers
15066,53,1,893.59,0.6931471805599453,6.796365512756079,0,Lower-Value Customers
15067,78,5,3862.88,1.791759469228055,8.259427138949544,1,Higher-Value Customers
15068,46,4,1174.9,1.6094379124341003,7.06978909082937,1,Higher-Value Customers
15069,179,1,1109.53,0.6931471805599453,7.012592657827759,0,Lower-Value Customers
15070,373,3,737.05,1.3862943611198906,6.604011572983006,0,Lower-Value Customers
15071,94,4,1455.56,1.6094379124341003,7.283832770195709,1,Higher-Value Customers
15072,479,1,187.52,0.6931471805599453,5.23920410205553,0,Lower-Value Customers
15073,10,8,2788.02,2.1972245773362196,7.93344555863082,1,Higher-Value Customers
15074,105,3,1553.13,1.3862943611198906,7.348671182512357,1,Higher-Value Customers
15075,78,1,773.03,0.6931471805599453,6.651610632528512,0,Lower-Value Customers
15076,173,3,1447.74,1.3862943611198906,7.278449492127982,1,Higher-Value Customers
15077,495,2,2428.08,1.0986122886681098,7.795267863824162,0,Lower-Value Customers
15078,7,53,17286.73,3.9889840465642745,9.757752280295213,1,Higher-Value Customers
15079,213,11,3625.4,2.4849066497880004,8.19599569962664,1,Higher-Value Customers
15080,428,2,546.25,1.0986122886681098,6.304905736402972,0,Lower-Value Customers
15081,22,12,1854.57,2.5649493574615367,7.525947205469466,1,Higher-Value Customers
15082,669,1,93.35,0.6931471805599453,4.547011271814559,0,Lower-Value Customers
15083,257,1,88.2,0.6931471805599453,4.490881039585964,0,Lower-Value Customers
15084,380,2,965.2,1.0986122886681098,6.873370852120306,0,Lower-Value Customers
15085,730,1,347.54,0.6931471805599453,5.853753001232496,0,Lower-Value Customers
15086,565,2,218.53,1.0986122886681098,5.391488897435831,0,Lower-Value Customers
15087,282,1,306.94,0.6931471805599453,5.7299049588017725,0,Lower-Value Customers
15088,21,2,1160.07,1.0986122886681098,7.057097272731341,1,Higher-Value Customers
15089,10,6,2420.84,1.9459101490553132,7.7922828608243835,1,Higher-Value Customers
15090,308,1,381.32,0.6931471805599453,5.946257954269902,0,Lower-Value Customers
15091,68,3,1046.61,1.3862943611198906,6.9542666582161,1,Higher-Value Customers
15092,215,3,776.46,1.3862943611198906,6.656032195784612,0,Lower-Value Customers
15093,18,23,13702.38,3.1780538303479458,9.525397796715461,1,Higher-Value Customers
15094,463,2,83.0,1.0986122886681098,4.430816798843313,0,Lower-Value Customers
15095,104,10,3141.64,2.3978952727983707,8.052818489989162,1,Higher-Value Customers
15096,43,1,219.39,0.6931471805599453,5.3953987041986,0,Lower-Value Customers
15097,4,3,908.35,1.3862943611198906,6.812730058573027,1,Higher-Value Customers
15098,182,3,39916.5,1.3862943611198906,10.594570103213856,1,Higher-Value Customers
15099,84,1,410.48,0.6931471805599453,6.019760416262829,0,Lower-Value Customers
15100,334,7,2193.9,2.0794415416798357,7.69389176638491,1,Higher-Value Customers
15101,9,6,1477.94,1.9459101490553132,7.29908089393658,1,Higher-Value Customers
15102,531,2,554.67,1.0986122886681098,6.320174592864931,0,Lower-Value Customers
15103,31,2,703.36,1.0986122886681098,6.557289589092577,0,Lower-Value Customers
15104,197,2,993.54,1.0986122886681098,6.902280318701867,0,Lower-Value Customers
15105,18,9,3094.91,2.302585092994046,8.037837164519642,1,Higher-Value Customers
15106,18,5,1422.52,1.791759469228055,7.2608879564964575,1,Higher-Value Customers
15107,311,9,824.35,2.302585092994046,6.71580753879355,1,Higher-Value Customers
15108,142,4,1300.25,1.6094379124341003,7.171080619929179,1,Higher-Value Customers
15109,246,3,983.1,1.3862943611198906,6.89172751790494,0,Lower-Value Customers
15110,24,6,1505.85,1.9459101490553132,7.317776658171513,1,Higher-Value Customers
15111,29,5,2442.37,1.791759469228055,7.801133512921268,1,Higher-Value Customers
15112,611,1,209.4,0.6931471805599453,5.349010480863555,0,Lower-Value Customers
15113,10,3,3509.43,1.3862943611198906,8.163493816079034,1,Higher-Value Customers
15114,30,12,3400.12,2.5649493574615367,8.131860068124816,1,Higher-Value Customers
15115,18,2,531.85,1.0986122886681098,6.2782399586669655,0,Lower-Value Customers
15116,18,4,1352.75,1.6094379124341003,7.2106337983152,1,Higher-Value Customers
15117,15,8,2485.97,2.1972245773362196,7.818820381004473,1,Higher-Value Customers
15118,134,1,244.8,0.6931471805599453,5.504518197131935,0,Lower-Value Customers
15119,246,1,266.4,0.6931471805599453,5.588745664667843,0,Lower-Value Customers
15120,134,1,358.82,0.6931471805599453,5.885603906408473,0,Lower-Value Customers
15121,50,2,457.72,1.0986122886681098,6.12844000213506,0,Lower-Value Customers
15122,114,11,4487.27,2.4849066497880004,8.409222605820775,1,Higher-Value Customers
15123,7,5,4656.17,1.791759469228055,8.44616324650336,1,Higher-Value Customers
15124,23,4,450.82,1.6094379124341003,6.113283870429076,1,Higher-Value Customers
15125,25,24,17024.87,3.2188758248682006,9.742489231033671,1,Higher-Value Customers
15126,537,2,449.49,1.0986122886681098,6.110335879243754,0,Lower-Value Customers
15127,66,2,711.5,1.0986122886681098,6.568779912142806,0,Lower-Value Customers
15128,60,5,1783.68,1.791759469228055,7.486994406433962,1,Higher-Value Customers
15129,50,23,6860.18,3.1780538303479458,8.83363471758943,1,Higher-Value Customers
15130,170,1,330.11,0.6931471805599453,5.802450646452902,0,Lower-Value Customers
15131,395,1,80.28,0.6931471805599453,4.397899983830172,0,Lower-Value Customers
15132,18,5,977.93,1.791759469228055,6.886460138441978,1,Higher-Value Customers
15133,128,5,1806.9,1.791759469228055,7.499921229687969,1,Higher-Value Customers
15134,15,10,1596.29,2.3978952727983707,7.376063722211611,1,Higher-Value Customers
15135,239,2,305.68,1.0986122886681098,5.725804858690694,0,Lower-Value Customers
15136,3,4,1286.7,1.6094379124341003,7.160612960279738,1,Higher-Value Customers
15137,521,2,823.4,1.0986122886681098,6.714655849016304,0,Lower-Value Customers
15138,394,1,502.52,0.6931471805599453,6.221623433316097,0,Lower-Value Customers
15139,240,2,178.96,1.0986122886681098,5.192734603972972,0,Lower-Value Customers
15140,52,8,3243.69,2.1972245773362196,8.0847750929877,1,Higher-Value Customers
15141,458,7,1388.47,2.0794415416798357,7.236677658449301,0,Lower-Value Customers
15142,46,6,2619.92,1.9459101490553132,7.87128068015632,1,Higher-Value Customers
15143,226,2,563.63,1.0986122886681098,6.336170649370582,0,Lower-Value Customers
15144,8,29,12160.31,3.4011973816621555,9.406014879980829,1,Higher-Value Customers
15145,4,4,1194.73,1.6094379124341003,7.0865121565162825,1,Higher-Value Customers
15146,165,2,1327.16,1.0986122886681098,7.1915498047067254,0,Lower-Value Customers
15147,240,1,623.5,0.6931471805599453,6.436951329565632,0,Lower-Value Customers
15148,11,1,301.29,0.6931471805599453,5.711386821516136,0,Lower-Value Customers
15149,134,5,1554.61,1.791759469228055,7.349623030648691,1,Higher-Value Customers
15150,17,13,8977.94,2.6390573296152584,9.10263711423988,1,Higher-Value Customers
15151,423,2,2085.61,1.0986122886681098,7.643296018507768,0,Lower-Value Customers
15152,10,14,5263.83,2.70805020110221,8.568804135347829,1,Higher-Value Customers
15153,31,1,329.25,0.6931471805599453,5.799849943402434,0,Lower-Value Customers
15154,75,3,1343.72,1.3862943611198906,7.203941091925139,1,Higher-Value Customers
15155,383,1,383.97,0.6931471805599453,5.95316540917378,0,Lower-Value Customers
15156,1,3,961.49,1.3862943611198906,6.869523676497577,1,Higher-Value Customers
15157,4,5,2654.11,1.791759469228055,7.884241364079559,1,Higher-Value Customers
15158,45,2,606.02,1.0986122886681098,6.408561739445854,0,Lower-Value Customers
15159,2,34,22116.73,3.5553480614894135,10.004134828308784,1,Higher-Value Customers
15160,357,4,589.27,1.6094379124341003,6.380580059339054,0,Lower-Value Customers
15161,388,1,119.92,0.6931471805599453,4.795129169911258,0,Lower-Value Customers
15162,731,1,312.9,0.6931471805599453,5.749074463847908,0,Lower-Value Customers
15163,18,2,304.47,1.0986122886681098,5.721851574117079,0,Lower-Value Customers
15164,69,9,2028.11,2.302585092994046,7.615352552254767,1,Higher-Value Customers
15165,373,1,487.75,0.6931471805599453,6.1918511112995755,0,Lower-Value Customers
15166,468,1,167.16,0.6931471805599453,5.124915907128641,0,Lower-Value Customers
15167,321,5,1627.62,1.791759469228055,7.395488309443934,1,Higher-Value Customers
15168,26,1,106.56,0.6931471805599453,4.678048831400664,0,Lower-Value Customers
15169,382,2,569.22,1.0986122886681098,6.3460222512755795,0,Lower-Value Customers
15170,407,1,81.15,0.6931471805599453,4.408546844483277,0,Lower-Value Customers
15171,331,1,1289.5,0.6931471805599453,7.162785019158669,0,Lower-Value Customers
15172,9,5,1624.05,1.791759469228055,7.393293863521244,1,Higher-Value Customers
15173,381,7,1494.6,2.0794415416798357,7.310282743102959,1,Higher-Value Customers
15174,323,2,481.46,1.0986122886681098,6.178898015788112,0,Lower-Value Customers
15175,72,1,224.14,0.6931471805599453,5.416722430926658,0,Lower-Value Customers
15176,668,1,988.04,0.6931471805599453,6.896734775698672,0,Lower-Value Customers
15177,426,1,948.93,0.6931471805599453,6.856388297669246,0,Lower-Value Customers
15178,260,1,40.5,0.6931471805599453,3.7256934272366524,0,Lower-Value Customers
15179,18,13,7491.92,2.6390573296152584,8.921713853675792,1,Higher-Value Customers
15180,367,3,816.93,1.3862943611198906,6.706776758368907,0,Lower-Value Customers
15181,66,5,1200.2,1.791759469228055,7.091076336109175,1,Higher-Value Customers
15182,154,11,2998.95,2.4849066497880004,8.006350900844689,1,Higher-Value Customers
15183,548,3,639.93,1.3862943611198906,6.462920246589264,0,Lower-Value Customers
15184,29,4,685.39,1.6094379124341003,6.531445979303058,1,Higher-Value Customers
15185,70,1,310.62,0.6931471805599453,5.741784496789209,0,Lower-Value Customers
15186,14,5,1403.2,1.791759469228055,7.247223024583149,1,Higher-Value Customers
15187,2,16,4777.18,2.833213344056216,8.471814999842545,1,Higher-Value Customers
15188,725,1,310.43,0.6931471805599453,5.7411745938732635,0,Lower-Value Customers
15189,1,46,17524.38,3.8501476017100584,9.771405394977268,1,Higher-Value Customers
15190,434,1,834.44,0.6931471805599453,6.727958532171293,0,Lower-Value Customers
15191,463,3,588.05,1.3862943611198906,6.378511069692128,0,Lower-Value Customers
15192,120,5,1666.39,1.791759469228055,7.4190148085973675,1,Higher-Value Customers
15193,61,1,499.32,0.6931471805599453,6.215247893709531,0,Lower-Value Customers
15194,3,28,12021.53,3.367295829986474,9.394537668469978,1,Higher-Value Customers
15195,3,1,3861.0,0.6931471805599453,8.258940462988459,1,Higher-Value Customers
15196,433,2,313.7,1.0986122886681098,5.751619804070361,0,Lower-Value Customers
15197,11,6,1877.51,1.9459101490553132,7.538234188396181,1,Higher-Value Customers
15198,92,5,571.35,1.791759469228055,6.349750692364485,1,Higher-Value Customers
15199,59,10,3122.4,2.3978952727983707,8.046677431053746,1,Higher-Value Customers
15200,495,1,549.05,0.6931471805599453,6.310009183185445,0,Lower-Value Customers
15201,87,7,1842.95,2.0794415416798357,7.51966528878146,1,Higher-Value Customers
15202,420,3,6001.49,1.3862943611198906,8.699929662121509,1,Higher-Value Customers
15203,26,15,4400.18,2.772588722239781,8.389627965770218,1,Higher-Value Customers
15204,357,1,316.58,0.6931471805599453,5.760729755097951,0,Lower-Value Customers
15205,85,2,653.24,1.0986122886681098,6.483474256616332,0,Lower-Value Customers
15206,10,4,420.3,1.6094379124341003,6.043345168984971,1,Higher-Value Customers
15207,416,3,683.92,1.3862943611198906,6.5293020431207704,0,Lower-Value Customers
15208,1,6,970.52,1.9459101490553132,6.878861855327155,1,Higher-Value Customers
15209,730,1,178.98,0.6931471805599453,5.192845733605802,0,Lower-Value Customers
15210,225,3,1176.19,1.3862943611198906,7.070885521589972,0,Lower-Value Customers
15211,60,2,894.41,1.0986122886681098,6.797281713937488,0,Lower-Value Customers
15212,241,2,208.28,1.0986122886681098,5.343673068268834,0,Lower-Value Customers
15213,319,2,328.35,1.0986122886681098,5.797121015086702,0,Lower-Value Customers
15214,2,8,1661.44,2.1972245773362196,7.416041681653177,1,Higher-Value Customers
15215,47,7,2422.43,2.0794415416798357,7.792939171022606,1,Higher-Value Customers
15216,88,2,486.09,1.0986122886681098,6.188448910936394,0,Lower-Value Customers
15217,563,1,426.24,0.6931471805599453,6.057345916221495,0,Lower-Value Customers
15218,11,22,11468.83,3.1354942159291497,9.347475388740694,1,Higher-Value Customers
15219,176,2,685.45,1.0986122886681098,6.531533389343614,0,Lower-Value Customers
15220,52,6,1778.96,1.9459101490553132,7.484346171123521,1,Higher-Value Customers
15221,366,4,2062.2,1.6094379124341003,7.632013454567135,0,Lower-Value Customers
15222,319,11,3550.91,2.4849066497880004,8.175240765953214,1,Higher-Value Customers
15223,226,5,1417.95,1.791759469228055,7.2576724404574895,1,Higher-Value Customers
15224,358,5,871.36,1.791759469228055,6.771202182749025,0,Lower-Value Customers
15225,234,1,409.4,0.6931471805599453,6.01713229385656,0,Lower-Value Customers
15226,311,1,154.41,0.6931471805599453,5.04606678592752,0,Lower-Value Customers
15227,37,9,2488.49,2.302585092994046,7.819833149203312,1,Higher-Value Customers
15228,66,6,5580.27,1.9459101490553132,8.62717162804504,1,Higher-Value Customers
15229,586,1,160.5,0.6931471805599453,5.084505142662711,0,Lower-Value Customers
15230,239,2,429.6,1.0986122886681098,6.065179584930263,0,Lower-Value Customers
15231,621,1,250.26,0.6931471805599453,5.526488259576272,0,Lower-Value Customers
15232,113,2,612.06,1.0986122886681098,6.418462810428566,0,Lower-Value Customers
15233,401,1,59.4,0.6931471805599453,4.100989104940769,0,Lower-Value Customers
15234,277,1,197.0,0.6931471805599453,5.288267030694535,0,Lower-Value Customers
15235,218,16,2772.76,2.833213344056216,7.927959079467885,1,Higher-Value Customers
15236,299,1,321.05,0.6931471805599453,5.7747068129929,0,Lower-Value Customers
15237,2,4,1412.32,1.6094379124341003,7.253696825551129,1,Higher-Value Customers
15238,29,3,1071.99,1.3862943611198906,6.978204422922778,1,Higher-Value Customers
15239,10,2,780.59,1.0986122886681098,6.661330306378558,0,Lower-Value Customers
15240,45,12,4459.98,2.5649493574615367,8.403123751818507,1,Higher-Value Customers
15241,67,11,3050.16,2.4849066497880004,8.023277125163998,1,Higher-Value Customers
15242,422,1,302.04,0.6931471805599453,5.713864809997713,0,Lower-Value Customers
15243,74,2,927.28,1.0986122886681098,6.833333411414558,0,Lower-Value Customers
15244,65,3,912.08,1.3862943611198906,6.816823499976432,1,Higher-Value Customers
15245,134,8,4610.84,2.1972245773362196,8.43638218867962,1,Higher-Value Customers
15246,238,3,780.4,1.3862943611198906,6.66108718262097,0,Lower-Value Customers
15247,122,3,976.06,1.3862943611198906,6.884548062644319,0,Lower-Value Customers
15248,411,3,1893.93,1.3862943611198906,7.546937177520269,0,Lower-Value Customers
15249,32,18,9266.0,2.9444389791664403,9.134214981586691,1,Higher-Value Customers
15250,641,1,60.0,0.6931471805599453,4.110873864173311,0,Lower-Value Customers
15251,9,21,20324.54,3.091042453358316,9.919633502328765,1,Higher-Value Customers
15252,36,5,2103.41,1.791759469228055,7.6517904217936605,1,Higher-Value Customers
15253,16,8,2055.09,2.1972245773362196,7.628561399936054,1,Higher-Value Customers
15254,127,3,1088.35,1.3862943611198906,6.993336467072343,1,Higher-Value Customers
15255,67,9,3706.02,2.302585092994046,8.217983598334452,1,Higher-Value Customers
15256,149,2,170.4,1.0986122886681098,5.1440000061636795,0,Lower-Value Customers
15257,283,2,685.9,1.0986122886681098,6.5321887212198355,0,Lower-Value Customers
15258,169,2,623.16,1.0986122886681098,6.4364067457583465,0,Lower-Value Customers
15259,513,4,1182.38,1.6094379124341003,7.076130029643467,0,Lower-Value Customers
15260,100,25,8767.73,3.258096538021482,9.07894726302137,1,Higher-Value Customers
15261,135,4,1508.0,1.6094379124341003,7.319202458767849,1,Higher-Value Customers
15262,324,3,418.82,1.3862943611198906,6.03982604798586,0,Lower-Value Customers
15263,107,1,156.51,0.6931471805599453,5.059488948313644,0,Lower-Value Customers
15264,64,2,848.4,1.0986122886681098,6.744530217879171,0,Lower-Value Customers
15265,151,4,3345.64,1.6094379124341003,8.115712136418376,1,Higher-Value Customers
15266,338,5,852.21,1.791759469228055,6.749005707109851,0,Lower-Value Customers
15267,22,5,1717.36,1.791759469228055,7.449125626576209,1,Higher-Value Customers
15268,479,3,961.9,1.3862943611198906,6.869949564246238,0,Lower-Value Customers
15269,24,3,1225.36,1.3862943611198906,7.111805711239658,1,Higher-Value Customers
15270,16,21,8524.86,3.091042453358316,9.050859176829093,1,Higher-Value Customers
15271,7,24,4528.54,3.2188758248682006,8.418375668067148,1,Higher-Value Customers
15272,57,6,2030.95,1.9459101490553132,7.61675120209642,1,Higher-Value Customers
15273,600,1,228.96,0.6931471805599453,5.43790538075509,0,Lower-Value Customers
15274,4,2,716.57,1.0986122886681098,6.5758705038506235,0,Lower-Value Customers
15275,38,1,615.14,0.6931471805599453,6.4234742104382585,0,Lower-Value Customers
15276,66,4,619.8,1.6094379124341003,6.431008968869009,1,Higher-Value Customers
15277,47,2,476.34,1.0986122886681098,6.168229025235398,0,Lower-Value Customers
15278,562,4,496.16,1.6094379124341003,6.208911905877311,0,Lower-Value Customers
15279,355,5,1580.54,1.791759469228055,7.366154334869737,0,Lower-Value Customers
15280,172,3,397.52,1.3862943611198906,5.987757685176655,0,Lower-Value Customers
15281,59,16,8543.57,2.833213344056216,9.053051272457877,1,Higher-Value Customers
15282,570,1,348.59,0.6931471805599453,5.856761039253281,0,Lower-Value Customers
15283,390,3,148.33,1.3862943611198906,5.006158622069178,0,Lower-Value Customers
15284,500,1,24.75,0.6931471805599453,3.248434627109745,0,Lower-Value Customers
15285,408,1,94.92,0.6931471805599453,4.5635145107192585,0,Lower-Value Customers
15286,50,1,240.55,0.6931471805599453,5.4870764910004155,0,Lower-Value Customers
15287,22,5,856.03,1.791759469228055,6.753472923819396,1,Higher-Value Customers
15288,43,10,3715.38,2.3978952727983707,8.220505355200638,1,Higher-Value Customers
15289,29,5,1593.09,1.791759469228055,7.37405831948775,1,Higher-Value Customers
15290,5,26,10496.28,3.295836866004329,9.258871454967936,1,Higher-Value Customers
15291,26,40,13517.76,3.713572066704308,9.511833629414456,1,Higher-Value Customers
15292,201,1,178.39,0.6931471805599453,5.189562206710999,0,Lower-Value Customers
15293,666,1,247.5,0.6931471805599453,5.5154428455366835,0,Lower-Value Customers
15294,411,1,233.35,0.6931471805599453,5.456815724368715,0,Lower-Value Customers
15295,654,1,207.04,0.6931471805599453,5.337730368904872,0,Lower-Value Customers
15296,51,12,10323.03,2.5649493574615367,9.242229466684728,1,Higher-Value Customers
15297,10,3,641.94,1.3862943611198906,6.466051407286527,1,Higher-Value Customers
15298,2,23,9061.77,3.1780538303479458,9.111930091822574,1,Higher-Value Customers
15299,67,10,6156.53,2.3978952727983707,8.72543100209001,1,Higher-Value Customers
15300,64,1,496.44,0.6931471805599453,6.2094749463104435,0,Lower-Value Customers
15301,51,17,6909.67,2.8903717578961645,8.840821872987503,1,Higher-Value Customers
15302,730,1,308.0,0.6931471805599453,5.733341276897746,0,Lower-Value Customers
15303,290,3,1224.18,1.3862943611198906,7.110843050959893,0,Lower-Value Customers
15304,61,9,796.4,2.302585092994046,6.681356434947254,1,Higher-Value Customers
15305,555,1,93.6,0.6931471805599453,4.549657476057832,0,Lower-Value Customers
15306,64,9,3484.73,2.302585092994046,8.15643277041254,1,Higher-Value Customers
15307,96,1,205.3,0.6931471805599453,5.329331420077207,0,Lower-Value Customers
15308,274,1,310.47,0.6931471805599453,5.741303025403381,0,Lower-Value Customers
15309,611,4,797.96,1.6094379124341003,6.683310881934879,0,Lower-Value Customers
15310,479,1,1634.64,0.6931471805599453,7.399789444048626,0,Lower-Value Customers
15311,1,208,114966.42,5.342334251964811,11.652404062859302,1,Higher-Value Customers
15312,75,12,2930.19,2.5649493574615367,7.983163762901939,1,Higher-Value Customers
15313,110,1,52.0,0.6931471805599453,3.970291913552122,0,Lower-Value Customers
15314,199,3,820.45,1.3862943611198906,6.711071071352346,0,Lower-Value Customers
15315,64,2,570.5,1.0986122886681098,6.348264483234865,0,Lower-Value Customers
15316,327,1,165.0,0.6931471805599453,5.111987788356544,0,Lower-Value Customers
15317,677,1,129.75,0.6931471805599453,4.873287102945032,0,Lower-Value Customers
15318,4,1,312.62,0.6931471805599453,5.748182061952885,0,Lower-Value Customers
15319,284,1,204.5,0.6931471805599453,5.32544603393629,0,Lower-Value Customers
15320,44,1,267.13,0.6931471805599453,5.591471937527057,0,Lower-Value Customers
15321,71,12,6709.73,2.5649493574615367,8.811463016894713,1,Higher-Value Customers
15322,86,2,1390.86,1.0986122886681098,7.238396261123746,1,Higher-Value Customers
15323,563,3,434.6,1.3862943611198906,6.076724391058805,0,Lower-Value Customers
15324,701,1,140.22,0.6931471805599453,4.950318958088201,0,Lower-Value Customers
15325,104,8,1601.46,2.1972245773362196,7.379295227484854,1,Higher-Value Customers
15326,334,5,1700.52,1.791759469228055,7.43927724820629,1,Higher-Value Customers
15327,53,1,208.75,0.6931471805599453,5.345916345347316,0,Lower-Value Customers
15328,408,1,107.24,0.6931471805599453,4.684350983862532,0,Lower-Value Customers
15329,39,11,2958.83,2.4849066497880004,7.992887113236368,1,Higher-Value Customers
15330,32,2,714.96,1.0986122886681098,6.5736242994783,0,Lower-Value Customers
15331,500,3,767.91,1.3862943611198906,6.644973927545967,0,Lower-Value Customers
15332,366,6,4892.68,1.9459101490553132,8.49569985567768,1,Higher-Value Customers
15333,208,1,1028.56,0.6931471805599453,6.936886805488385,0,Lower-Value Customers
15334,157,3,350.82,1.3862943611198906,5.863119681170759,0,Lower-Value Customers
15335,54,1,170.22,0.6931471805599453,5.142949279314339,0,Lower-Value Customers
15336,402,1,240.5,0.6931471805599453,5.486869473092628,0,Lower-Value Customers
15337,411,1,373.02,0.6931471805599453,5.924309271920574,0,Lower-Value Customers
15338,677,1,277.93,0.6931471805599453,5.630960854284337,0,Lower-Value Customers
15339,66,7,1821.02,2.0794415416798357,7.507701054708066,1,Higher-Value Customers
15340,562,1,105.5,0.6931471805599453,4.66814498514948,0,Lower-Value Customers
15341,81,2,2402.72,1.0986122886681098,7.784772816325887,1,Higher-Value Customers
15342,130,1,406.09,0.6931471805599453,6.0090342912180414,0,Lower-Value Customers
15343,87,1,364.5,0.6931471805599453,5.901266279189834,0,Lower-Value Customers
15344,1,3,563.94,1.3862943611198906,6.3367195308171205,1,Higher-Value Customers
15345,46,1,393.54,0.6931471805599453,5.9777205293157225,0,Lower-Value Customers
15346,333,3,596.12,1.3862943611198906,6.3921180982189245,0,Lower-Value Customers
15347,366,4,1162.0,1.6094379124341003,7.0587581525186645,0,Lower-Value Customers
15348,72,1,158.04,0.6931471805599453,5.069155742908264,0,Lower-Value Customers
15349,158,2,463.91,1.0986122886681098,6.141843838467353,0,Lower-Value Customers
15350,373,2,547.6,1.0986122886681098,6.307369578503503,0,Lower-Value Customers
15351,12,10,3430.22,2.3978952727983707,8.14067116205022,1,Higher-Value Customers
15352,549,1,111.15,0.6931471805599453,4.719837260966218,0,Lower-Value Customers
15353,255,7,2794.47,2.0794415416798357,7.935755528876296,1,Higher-Value Customers
15354,603,3,284.4,1.3862943611198906,5.653891705042736,0,Lower-Value Customers
15355,29,2,277.05,1.0986122886681098,5.627800953633573,0,Lower-Value Customers
15356,31,13,3239.57,2.6390573296152584,8.08350451923915,1,Higher-Value Customers
15358,5,42,16425.86,3.7612001156935624,9.706673078950551,1,Higher-Value Customers
15359,663,8,181.35,2.1972245773362196,5.205927917254689,0,Lower-Value Customers
15360,40,1,427.93,0.6931471805599453,6.061293735451147,0,Lower-Value Customers
15361,362,4,689.07,1.6094379124341003,6.536793041721038,0,Lower-Value Customers
15362,449,2,613.08,1.0986122886681098,6.420125212819335,0,Lower-Value Customers
15363,373,2,678.11,1.0986122886681098,6.520783117383144,0,Lower-Value Customers
15364,96,2,913.19,1.0986122886681098,6.818038427312331,0,Lower-Value Customers
15365,26,13,4557.13,2.6390573296152584,8.42466773068017,1,Higher-Value Customers
15366,75,7,2389.08,2.0794415416798357,7.779082117168702,1,Higher-Value Customers
15367,57,11,5081.33,2.4849066497880004,8.533525096836854,1,Higher-Value Customers
15368,21,2,722.74,1.0986122886681098,6.584432211866017,0,Lower-Value Customers
15369,492,11,6251.26,2.4849066497880004,8.740698277368923,1,Higher-Value Customers
15370,41,8,3739.01,2.1972245773362196,8.226843564201795,1,Higher-Value Customers
15371,662,1,59.4,0.6931471805599453,4.100989104940769,0,Lower-Value Customers
15372,137,8,6017.06,2.1972245773362196,8.702520227230021,1,Higher-Value Customers
15373,8,17,3084.54,2.8903717578961645,8.034481961540322,1,Higher-Value Customers
15374,129,2,307.32,1.0986122886681098,5.731138204666056,0,Lower-Value Customers
15375,690,1,60.96,0.6931471805599453,4.1264890155486675,0,Lower-Value Customers
15376,40,3,1221.56,1.3862943611198906,7.108702299899257,1,Higher-Value Customers
15377,383,4,1211.75,1.6094379124341003,7.100645787125326,0,Lower-Value Customers
15378,463,2,246.5,1.0986122886681098,5.511410582008745,0,Lower-Value Customers
15379,169,8,4877.84,2.1972245773362196,8.492662765672868,1,Higher-Value Customers
15380,9,11,3248.96,2.4849066497880004,8.086397967555735,1,Higher-Value Customers
15381,214,5,1890.57,1.791759469228055,7.545162451054191,1,Higher-Value Customers
15382,15,12,13733.55,2.5649493574615367,9.527669834978457,1,Higher-Value Customers
15384,170,4,2027.79,1.6094379124341003,7.615194835208677,1,Higher-Value Customers
15385,40,3,942.08,1.3862943611198906,6.849151114666084,1,Higher-Value Customers
15386,186,1,394.14,0.6931471805599453,5.979240132485259,0,Lower-Value Customers
15387,492,1,468.65,0.6931471805599453,6.151987736440525,0,Lower-Value Customers
15388,270,1,140.54,0.6931471805599453,4.952582362647639,0,Lower-Value Customers
15389,172,5,2733.8,1.791759469228055,7.913813586039639,1,Higher-Value Customers
15390,396,2,1216.66,1.0986122886681098,7.104686263160091,0,Lower-Value Customers
15391,584,1,289.87,0.6931471805599453,5.672876431960318,0,Lower-Value Customers
15392,5,7,2911.62,2.0794415416798357,7.976808298741926,1,Higher-Value Customers
15393,16,5,891.34,1.791759469228055,6.793847225874017,1,Higher-Value Customers
15394,10,11,5286.8,2.4849066497880004,8.57315755933367,1,Higher-Value Customers
15395,326,1,107.45,0.6931471805599453,4.6862892372728835,0,Lower-Value Customers
15396,113,2,796.38,1.0986122886681098,6.681331353117785,0,Lower-Value Customers
15397,290,1,94.0,0.6931471805599453,4.553876891600541,0,Lower-Value Customers
15398,16,2,1345.53,1.0986122886681098,7.205286191988605,1,Higher-Value Customers
15399,1,3,815.77,1.3862943611198906,6.705357537478585,1,Higher-Value Customers
15400,92,8,1302.3,2.1972245773362196,7.172654788536674,1,Higher-Value Customers
15401,452,2,216.95,1.0986122886681098,5.384265678684401,0,Lower-Value Customers
15402,149,6,1830.54,1.9459101490553132,7.512912422002219,1,Higher-Value Customers
15403,492,2,170.88,1.0986122886681098,5.146796558906795,0,Lower-Value Customers
15404,376,1,257.06,0.6931471805599453,5.5531921160237,0,Lower-Value Customers
15405,189,2,659.84,1.0986122886681098,6.493511753062391,0,Lower-Value Customers
15406,31,4,975.87,1.6094379124341003,6.884353582800518,1,Higher-Value Customers
15407,34,4,1046.74,1.6094379124341003,6.954390742498122,1,Higher-Value Customers
15408,264,1,267.18,0.6931471805599453,5.591658396851496,0,Lower-Value Customers
15409,721,1,131.25,0.6931471805599453,4.8846940707384086,0,Lower-Value Customers
15410,84,10,4685.72,2.3978952727983707,8.45248825643265,1,Higher-Value Customers
15411,26,4,1348.93,1.6094379124341003,7.207808018236269,1,Higher-Value Customers
15412,171,1,190.53,0.6931471805599453,5.25504445431457,0,Lower-Value Customers
15413,692,5,6798.72,1.791759469228055,8.824636713845836,0,Lower-Value Customers
15414,10,3,774.9,1.3862943611198906,6.654023645899904,1,Higher-Value Customers
15415,313,1,559.61,0.6931471805599453,6.329025476602274,0,Lower-Value Customers
15416,65,7,4572.82,2.0794415416798357,8.428104020944367,1,Higher-Value Customers
15417,85,1,508.8,0.6931471805599453,6.234018491942015,0,Lower-Value Customers
15418,425,2,449.42,1.0986122886681098,6.110180480812966,0,Lower-Value Customers
15419,25,1,135.86,0.6931471805599453,4.918958505524352,0,Lower-Value Customers
15420,434,6,743.0,1.9459101490553132,6.612041034833092,0,Lower-Value Customers
15421,59,10,3805.34,2.3978952727983707,8.244423376498858,1,Higher-Value Customers
15422,323,7,1619.97,2.0794415416798357,7.390780014470032,1,Higher-Value Customers
15423,38,3,266.89,1.3862943611198906,5.590576448492924,0,Lower-Value Customers
15424,254,3,597.78,1.3862943611198906,6.394894251854076,0,Lower-Value Customers
15425,400,4,1941.12,1.6094379124341003,7.57153543890927,0,Lower-Value Customers
15426,19,9,2156.35,2.302585092994046,7.676635895627521,1,Higher-Value Customers
15427,33,3,1430.54,1.3862943611198906,7.266506066865208,1,Higher-Value Customers
15428,15,4,762.75,1.6094379124341003,6.638240510485805,1,Higher-Value Customers
15429,27,2,397.35,1.0986122886681098,5.987331015826375,0,Lower-Value Customers
15430,468,2,954.75,1.0986122886681098,6.862496372576522,0,Lower-Value Customers
15431,503,1,153.24,0.6931471805599453,5.038509830862235,0,Lower-Value Customers
15432,23,2,320.76,1.0986122886681098,5.773805926024342,0,Lower-Value Customers
15433,214,2,533.3,1.0986122886681098,6.2809574789637255,0,Lower-Value Customers
15434,8,11,2567.06,2.4849066497880004,7.850906029022887,1,Higher-Value Customers
15435,22,1,149.29,0.6931471805599453,5.012566760946003,0,Lower-Value Customers
15436,12,3,1067.75,1.3862943611198906,6.97424502025097,1,Higher-Value Customers
15437,262,2,393.45,1.0986122886681098,5.977492389541099,0,Lower-Value Customers
15438,131,1,156.58,0.6931471805599453,5.059933265817542,0,Lower-Value Customers
15439,405,4,1269.05,1.6094379124341003,7.1468115487563955,0,Lower-Value Customers
15440,55,3,383.68,1.3862943611198906,5.952411819844281,0,Lower-Value Customers
15441,396,3,1254.21,1.3862943611198906,7.135058168244959,0,Lower-Value Customers
15442,249,1,594.0,0.6931471805599453,6.38856140554563,0,Lower-Value Customers
15443,2,14,5114.23,2.70805020110221,8.539977643161697,1,Higher-Value Customers
15444,9,2,1411.21,1.0986122886681098,7.252911132207154,1,Higher-Value Customers
15445,264,2,284.5,1.0986122886681098,5.654242029096065,0,Lower-Value Customers
15446,377,3,399.75,1.3862943611198906,5.993337791489663,0,Lower-Value Customers
15447,331,5,492.88,1.791759469228055,6.202292572699543,0,Lower-Value Customers
15448,313,2,788.81,1.0986122886681098,6.671792410205668,0,Lower-Value Customers
15449,26,3,974.52,1.3862943611198906,6.882970662159506,1,Higher-Value Customers
15450,30,1,429.84,0.6931471805599453,6.0657367914825695,0,Lower-Value Customers
15451,434,2,226.86,1.0986122886681098,5.42873140526997,0,Lower-Value Customers
15452,30,6,1785.11,1.9459101490553132,7.487795349685426,1,Higher-Value Customers
15453,2,7,1371.77,2.0794415416798357,7.224585875348061,1,Higher-Value Customers
15454,362,2,305.99,1.0986122886681098,5.726815173766774,0,Lower-Value Customers
15455,598,1,38.25,0.6931471805599453,3.6699514442284173,0,Lower-Value Customers
15456,283,10,2091.52,2.3978952727983707,7.646124360262995,1,Higher-Value Customers
15457,262,1,237.07,0.6931471805599453,5.472564748074418,0,Lower-Value Customers
15458,25,2,370.44,1.0986122886681098,5.917387343711666,0,Lower-Value Customers
15459,417,2,202.83,1.0986122886681098,5.317286313095639,0,Lower-Value Customers
15460,354,1,214.26,0.6931471805599453,5.371846599836152,0,Lower-Value Customers
15461,461,2,429.7,1.0986122886681098,6.065411792060065,0,Lower-Value Customers
15462,94,4,737.05,1.6094379124341003,6.604011572983006,1,Higher-Value Customers
15463,29,1,126.14,0.6931471805599453,4.845288841508263,0,Lower-Value Customers
15464,338,1,1044.65,0.6931471805599453,6.952393980600518,0,Lower-Value Customers
15465,20,32,12100.4,3.4965075614664802,9.401076427371155,1,Higher-Value Customers
15466,85,4,1560.46,1.6094379124341003,7.353376560000536,1,Higher-Value Customers
15467,9,3,524.88,1.3862943611198906,6.265073049828404,0,Lower-Value Customers
15468,51,3,1430.48,1.3862943611198906,7.266464153081855,1,Higher-Value Customers
15469,50,3,874.25,1.3862943611198906,6.774509559834775,1,Higher-Value Customers
15470,576,1,63.42,0.6931471805599453,4.165424143903053,0,Lower-Value Customers
15471,2,3,1292.01,1.3862943611198906,7.164728112694,1,Higher-Value Customers
15472,113,1,371.56,0.6931471805599453,5.920398098674122,0,Lower-Value Customers
15473,14,8,2046.0,2.1972245773362196,7.624130585661289,1,Higher-Value Customers
15474,596,1,150.35,0.6931471805599453,5.019595035467727,0,Lower-Value Customers
15475,77,1,454.11,0.6931471805599453,6.120539147973894,0,Lower-Value Customers
15476,380,4,2209.98,1.6094379124341003,7.701191135135846,0,Lower-Value Customers
15477,650,1,368.4,0.6931471805599453,5.911880067765139,0,Lower-Value Customers
15478,40,3,1983.48,1.3862943611198906,7.59311219406702,1,Higher-Value Customers
15479,733,1,147.4,0.6931471805599453,4.99991133073328,0,Lower-Value Customers
15480,116,5,6279.0,1.791759469228055,8.745125259462244,1,Higher-Value Customers
15481,401,1,1993.34,0.6931471805599453,7.598068447520948,0,Lower-Value Customers
15482,16,19,14417.36,2.995732273553991,9.576257673441823,1,Higher-Value Customers
15483,161,10,817.82,2.3978952727983707,6.707864279478078,1,Higher-Value Customers
15484,1,6,4652.1,1.9459101490553132,8.445288943124563,1,Higher-Value Customers
15485,30,7,4810.92,2.0794415416798357,8.478851451852464,1,Higher-Value Customers
15486,527,1,102.0,0.6931471805599453,4.634728988229636,0,Lower-Value Customers
15487,680,1,231.32,0.6931471805599453,5.448115731636431,0,Lower-Value Customers
15488,93,5,431.92,1.791759469228055,6.070552953426946,1,Higher-Value Customers
15489,23,8,2419.61,2.1972245773362196,7.791774853503108,1,Higher-Value Customers
15490,430,1,210.85,0.6931471805599453,5.355878477072568,0,Lower-Value Customers
15491,95,6,3100.09,1.9459101490553132,8.039508941575132,1,Higher-Value Customers
15492,28,2,659.46,1.0986122886681098,6.492936561946857,0,Lower-Value Customers
15493,33,9,4121.68,2.302585092994046,8.324258716306515,1,Higher-Value Customers
15494,21,5,3702.6,1.791759469228055,8.217060598573893,1,Higher-Value Customers
15495,379,1,246.5,0.6931471805599453,5.511410582008745,0,Lower-Value Customers
15496,631,1,146.14,0.6931471805599453,4.9913845145041185,0,Lower-Value Customers
15497,18,9,8657.39,2.302585092994046,9.066284072032474,1,Higher-Value Customers
15498,3,44,24972.86,3.8066624897703196,10.125584956829314,1,Higher-Value Customers
15499,724,1,158.65,0.6931471805599453,5.072983919160791,0,Lower-Value Customers
15500,8,4,1131.56,1.6094379124341003,7.032235836086242,1,Higher-Value Customers
15501,405,2,399.95,1.0986122886681098,5.993836731253038,0,Lower-Value Customers
15502,16,14,13003.87,2.70805020110221,9.473079181677464,1,Higher-Value Customers
15503,363,2,257.3,1.0986122886681098,5.554121700101795,0,Lower-Value Customers
15504,81,4,402.7,1.6094379124341003,6.000672027858895,0,Lower-Value Customers
15505,53,5,3610.96,1.791759469228055,8.192005840278435,1,Higher-Value Customers
15506,23,6,2030.33,1.9459101490553132,7.616446029917879,1,Higher-Value Customers
15507,172,1,475.86,0.6931471805599453,6.167222946760261,0,Lower-Value Customers
15508,189,6,1000.27,1.9459101490553132,6.909024473214282,1,Higher-Value Customers
15509,380,1,152.41,0.6931471805599453,5.033114075856682,0,Lower-Value Customers
15510,331,1,250.0,0.6931471805599453,5.5254529391317835,0,Lower-Value Customers
15511,12,5,900.53,1.791759469228055,6.804093319959892,1,Higher-Value Customers
15512,156,4,331.58,1.6094379124341003,5.806880432659768,0,Lower-Value Customers
15513,33,35,26437.05,3.58351893845611,10.182559539354743,1,Higher-Value Customers
15514,12,18,6392.06,2.9444389791664403,8.762968305987819,1,Higher-Value Customers
15515,387,1,171.81,0.6931471805599453,5.1521927250659,0,Lower-Value Customers
15516,45,3,62.43,1.3862943611198906,4.149936935645806,0,Lower-Value Customers
15517,233,1,267.03,0.6931471805599453,5.591098914544516,0,Lower-Value Customers
15518,64,15,4189.99,2.772588722239781,8.340692261856846,1,Higher-Value Customers
15519,383,2,344.61,1.0986122886681098,5.845310971696471,0,Lower-Value Customers
15520,2,1,343.5,0.6931471805599453,5.842094090453713,0,Lower-Value Customers
15521,40,16,7098.24,2.833213344056216,8.867743015046456,1,Higher-Value Customers
15522,33,2,397.99,1.0986122886681098,5.988936353919148,0,Lower-Value Customers
15523,84,16,17259.19,2.833213344056216,9.75615797268807,1,Higher-Value Customers
15524,25,2,591.4,1.0986122886681098,6.384182082393644,0,Lower-Value Customers
15525,2,4,890.22,1.6094379124341003,6.792591310572915,1,Higher-Value Customers
15526,33,2,148.44,1.0986122886681098,5.006894974480533,0,Lower-Value Customers
15527,19,23,5554.89,3.1780538303479458,8.622613905262117,1,Higher-Value Customers
15528,254,1,229.33,0.6931471805599453,5.4395130632148145,0,Lower-Value Customers
15529,23,12,4783.66,2.5649493574615367,8.473170245981102,1,Higher-Value Customers
15530,22,5,1808.68,1.791759469228055,7.50090531304958,1,Higher-Value Customers
15531,8,2,1972.39,1.0986122886681098,7.587508155013856,1,Higher-Value Customers
15532,25,10,3738.85,2.3978952727983707,8.2268007826524,1,Higher-Value Customers
15533,19,3,807.57,1.3862943611198906,6.695267255355902,1,Higher-Value Customers
15534,726,1,162.25,0.6931471805599453,5.09528276815654,0,Lower-Value Customers
15535,173,6,1044.37,1.9459101490553132,6.9521261687176334,1,Higher-Value Customers
15536,409,1,259.09,0.6931471805599453,5.561027724964261,0,Lower-Value Customers
15537,163,1,110.92,0.6931471805599453,4.717784330357226,0,Lower-Value Customers
15538,538,6,3358.4,1.9459101490553132,8.119517665582903,0,Lower-Value Customers
15539,7,1,538.46,0.6931471805599453,6.290568639224737,0,Lower-Value Customers
15540,11,2,460.68,1.0986122886681098,6.134872010402711,0,Lower-Value Customers
15541,114,1,85.13,0.6931471805599453,4.455857782801083,0,Lower-Value Customers
15542,512,3,855.71,1.3862943611198906,6.753099471599433,0,Lower-Value Customers
15543,288,2,242.26,1.0986122886681098,5.49413083019029,0,Lower-Value Customers
15544,9,20,7807.89,3.044522437723423,8.963018107252795,1,Higher-Value Customers
15545,54,2,288.97,1.0986122886681098,5.669777469353516,0,Lower-Value Customers
15546,607,2,1079.1,1.0986122886681098,6.984808908424428,0,Lower-Value Customers
15547,7,26,10057.05,3.295836866004329,9.216128587886784,1,Higher-Value Customers
15548,596,1,158.09,0.6931471805599453,5.069470079817148,0,Lower-Value Customers
15549,77,8,2334.16,2.1972245773362196,7.75583569023938,1,Higher-Value Customers
15550,4,12,2211.05,2.5649493574615367,7.70167496636506,1,Higher-Value Customers
15551,37,7,1679.81,2.0794415416798357,7.427031099060926,1,Higher-Value Customers
15552,217,2,252.52,1.0986122886681098,5.535442715382666,0,Lower-Value Customers
15553,60,1,428.93,0.6931471805599453,6.06362240473809,0,Lower-Value Customers
15554,278,1,217.2,0.6931471805599453,5.38541207339897,0,Lower-Value Customers
15555,12,36,11243.91,3.6109179126442243,9.32767086080425,1,Higher-Value Customers
15556,24,1,279.77,0.6931471805599453,5.637535828837275,0,Lower-Value Customers
15557,29,1,468.91,0.6931471805599453,6.152541187005974,0,Lower-Value Customers
15558,639,1,202.68,0.6931471805599453,5.316550134809097,0,Lower-Value Customers
15559,568,1,1109.4,0.6931471805599453,7.01247558975254,0,Lower-Value Customers
15560,398,2,153.52,1.0986122886681098,5.040323537798081,0,Lower-Value Customers
15561,12,8,1934.39,2.1972245773362196,7.568064135542929,1,Higher-Value Customers
15562,352,3,671.43,1.3862943611198906,6.510898016839005,0,Lower-Value Customers
15563,22,7,2859.46,2.0794415416798357,7.9587377300415065,1,Higher-Value Customers
15564,463,2,70.74,1.0986122886681098,4.273048472104136,0,Lower-Value Customers
15565,50,2,173.16,1.0986122886681098,5.159974416926292,0,Lower-Value Customers
15566,393,2,227.87,1.0986122886681098,5.4331541567702475,0,Lower-Value Customers
15567,19,1,186.01,0.6931471805599453,5.231162091360629,0,Lower-Value Customers
15568,3,3,758.29,1.3862943611198906,6.6323837861074395,1,Higher-Value Customers
15569,104,10,3583.45,2.3978952727983707,8.184360324248784,1,Higher-Value Customers
15570,7,25,8736.49,3.258096538021482,9.075378242049279,1,Higher-Value Customers
15571,12,14,3892.35,2.70805020110221,8.267025248526863,1,Higher-Value Customers
15572,5,10,3965.2,2.3978952727983707,8.28556373645173,1,Higher-Value Customers
15573,32,5,1188.42,1.791759469228055,7.081221072332061,1,Higher-Value Customers
15574,178,6,1101.44,1.9459101490553132,7.005281184071375,1,Higher-Value Customers
15575,620,1,30.1,0.6931471805599453,3.4372078191851885,0,Lower-Value Customers
15576,38,1,921.37,0.6931471805599453,6.826946444575113,0,Lower-Value Customers
15577,151,5,396.03,1.791759469228055,5.984011844582797,0,Lower-Value Customers
15578,162,1,127.1,0.6931471805599453,4.852811208902689,0,Lower-Value Customers
15579,69,5,1250.63,1.791759469228055,7.132201980826739,1,Higher-Value Customers
15580,377,8,1375.39,2.1972245773362196,7.227219408567087,1,Higher-Value Customers
15581,121,38,7480.4,3.6635616461296463,8.920175219230595,1,Higher-Value Customers
15582,25,3,682.91,1.3862943611198906,6.527826330017913,1,Higher-Value Customers
15583,376,1,95.96,0.6931471805599453,4.574298522321004,0,Lower-Value Customers
15584,24,6,1268.2,1.9459101490553132,7.146142059709041,1,Higher-Value Customers
15585,177,1,455.3,0.6931471805599453,6.123150487933357,0,Lower-Value Customers
15586,593,3,1139.1,1.3862943611198906,7.038871256839674,0,Lower-Value Customers
15587,50,7,1522.08,2.0794415416798357,7.3284898794210696,1,Higher-Value Customers
15588,678,1,579.6,0.6931471805599453,6.36406205159053,0,Lower-Value Customers
15589,256,3,478.53,1.3862943611198906,6.172806457538428,0,Lower-Value Customers
15590,382,5,1496.6,1.791759469228055,7.311619105723327,0,Lower-Value Customers
15591,583,3,217.9,1.3862943611198906,5.388615004528817,0,Lower-Value Customers
15592,47,1,388.58,0.6931471805599453,5.965069235748451,0,Lower-Value Customers
15593,71,1,199.8,0.6931471805599453,5.302309387817574,0,Lower-Value Customers
15594,16,5,1771.78,1.791759469228055,7.48030421490088,1,Higher-Value Customers
15595,488,1,357.6,0.6931471805599453,5.8822075611710325,0,Lower-Value Customers
15596,101,9,2727.72,2.302585092994046,7.911587913758826,1,Higher-Value Customers
15597,35,2,563.37,1.0986122886681098,6.335710064774309,0,Lower-Value Customers
15598,53,2,548.02,1.0986122886681098,6.308134870718474,0,Lower-Value Customers
15599,27,3,1250.06,1.3862943611198906,7.131746470947484,1,Higher-Value Customers
15600,428,4,1199.31,1.6094379124341003,7.090335135747115,0,Lower-Value Customers
15601,11,30,14191.74,3.4339872044851463,9.560485845241871,1,Higher-Value Customers
15602,8,16,3137.96,2.833213344056216,8.051646813849006,1,Higher-Value Customers
15603,79,2,88.48,1.0986122886681098,4.494015136621929,0,Lower-Value Customers
15604,52,1,216.39,0.6931471805599453,5.381692975469088,0,Lower-Value Customers
15605,36,9,1741.95,2.302585092994046,7.463334358935301,1,Higher-Value Customers
15606,61,17,5230.99,2.8903717578961645,8.562546981820223,1,Higher-Value Customers
15607,337,9,1708.97,2.302585092994046,7.444231105483161,1,Higher-Value Customers
15608,28,5,1785.98,1.791759469228055,7.488282323154996,1,Higher-Value Customers
15609,184,1,298.48,0.6931471805599453,5.702047637362485,0,Lower-Value Customers
15610,52,1,112.46,0.6931471805599453,4.731450351898421,0,Lower-Value Customers
15611,10,26,2997.28,3.295836866004329,8.00579406989851,1,Higher-Value Customers
15612,36,2,195.15,1.0986122886681098,5.278879672655561,0,Lower-Value Customers
15613,610,1,433.72,0.6931471805599453,6.074702145678038,0,Lower-Value Customers
15614,438,4,3147.36,1.6094379124341003,8.054636961321624,0,Lower-Value Customers
15615,10,47,21373.97,3.871201010907891,9.969975890295204,1,Higher-Value Customers
15616,438,1,317.11,0.6931471805599453,5.762397234916117,0,Lower-Value Customers
15617,396,3,828.55,1.3862943611198906,6.720883385089365,0,Lower-Value Customers
15618,33,4,776.85,1.6094379124341003,6.656533703533131,1,Higher-Value Customers
15619,11,1,336.4,0.6931471805599453,5.821269170111868,0,Lower-Value Customers
15620,57,4,1942.36,1.6094379124341003,7.57217371270921,1,Higher-Value Customers
15621,4,4,1293.03,1.6094379124341003,7.165516658717914,1,Higher-Value Customers
15622,43,17,7852.61,2.8903717578961645,8.968728577678917,1,Higher-Value Customers
15623,141,8,2437.05,2.1972245773362196,7.798953818444536,1,Higher-Value Customers
15624,117,4,588.13,1.6094379124341003,6.3786468723710446,0,Lower-Value Customers
15625,104,9,3236.4,2.302585092994046,8.08252581749986,1,Higher-Value Customers
15626,75,3,1067.52,1.3862943611198906,6.9740297924127574,1,Higher-Value Customers
15627,457,2,566.9,1.0986122886681098,6.341945346883387,0,Lower-Value Customers
15628,5,17,5333.08,2.8903717578961645,8.581871702754723,1,Higher-Value Customers
15629,450,4,2240.9,1.6094379124341003,7.715078999604354,0,Lower-Value Customers
15630,45,3,1481.4,1.3862943611198906,7.30141767497115,1,Higher-Value Customers
15631,642,1,596.67,0.6931471805599453,6.393038762166311,0,Lower-Value Customers
15632,16,8,3285.31,2.1972245773362196,8.097520633770152,1,Higher-Value Customers
15633,509,13,4335.96,2.6390573296152584,8.374928920827651,1,Higher-Value Customers
15634,17,2,554.65,1.0986122886681098,6.3201385996316555,0,Lower-Value Customers
15635,396,1,100.35,0.6931471805599453,4.618579872898009,0,Lower-Value Customers
15636,90,4,1444.58,1.6094379124341003,7.276265904096536,1,Higher-Value Customers
15637,53,5,797.59,1.791759469228055,6.682847672637373,1,Higher-Value Customers
15638,379,6,2265.2,1.9459101490553132,7.725859698946466,1,Higher-Value Customers
15639,134,3,1065.08,1.3862943611198906,6.971743648814227,1,Higher-Value Customers
15640,4,29,23494.31,3.4011973816621555,10.064556105746531,1,Higher-Value Customers
15641,105,12,5345.55,2.5649493574615367,8.584206772065448,1,Higher-Value Customers
15642,730,1,105.78,0.6931471805599453,4.67077064307204,0,Lower-Value Customers
15643,192,3,664.0,1.3862943611198906,6.499787040655854,0,Lower-Value Customers
15644,166,4,803.54,1.6094379124341003,6.6902706855196055,0,Lower-Value Customers
15645,19,3,1055.17,1.3862943611198906,6.962404436158021,1,Higher-Value Customers
15646,158,5,784.81,1.791759469228055,6.666715032927835,1,Higher-Value Customers
15647,415,1,169.0,0.6931471805599453,5.135798437050262,0,Lower-Value Customers
15648,204,2,639.5,1.0986122886681098,6.4622491213367885,0,Lower-Value Customers
15649,336,4,1660.35,1.6094379124341003,7.415385803851587,0,Lower-Value Customers
15650,522,2,553.88,1.0986122886681098,6.318751874152122,0,Lower-Value Customers
15651,37,5,1259.06,1.791759469228055,7.138914617859392,1,Higher-Value Customers
15652,91,5,1405.94,1.791759469228055,7.249172412281871,1,Higher-Value Customers
15653,93,2,877.44,1.0986122886681098,6.7781476070590925,0,Lower-Value Customers
15654,9,2,922.53,1.0986122886681098,6.828203284222655,1,Higher-Value Customers
15655,243,1,560.67,0.6931471805599453,6.330914488818843,0,Lower-Value Customers
15656,45,4,748.5,1.6094379124341003,6.619406317542652,1,Higher-Value Customers
15657,23,1,30.0,0.6931471805599453,3.4339872044851463,0,Lower-Value Customers
15658,190,8,2117.27,2.1972245773362196,7.658354996790167,1,Higher-Value Customers
15659,44,3,532.49,1.3862943611198906,6.279440326423679,0,Lower-Value Customers
15660,25,15,2603.69,2.772588722239781,7.865068945186791,1,Higher-Value Customers
15661,317,8,1215.95,2.1972245773362196,7.104103007509184,1,Higher-Value Customers
15662,661,2,283.73,1.0986122886681098,5.6515413628105104,0,Lower-Value Customers
15663,106,1,138.14,0.6931471805599453,4.935480620495495,0,Lower-Value Customers
15664,51,4,1254.03,1.6094379124341003,7.134914755662649,1,Higher-Value Customers
15665,168,5,3987.07,1.791759469228055,8.291062683585658,1,Higher-Value Customers
15666,472,2,632.94,1.0986122886681098,6.451954312734866,0,Lower-Value Customers
15667,40,1,301.32,0.6931471805599453,5.711486059041233,0,Lower-Value Customers
15668,218,1,76.32,0.6931471805599453,4.34795265434013,0,Lower-Value Customers
15669,40,4,684.34,1.6094379124341003,6.529915065486092,1,Higher-Value Customers
15670,297,2,325.2,1.0986122886681098,5.787510690186913,0,Lower-Value Customers
15671,19,7,2657.13,2.0794415416798357,7.885378147031288,1,Higher-Value Customers
15672,725,1,45.3,0.6931471805599453,3.835141961092188,0,Lower-Value Customers
15673,88,9,6204.32,2.302585092994046,8.73316226762241,1,Higher-Value Customers
15674,73,13,6948.23,2.6390573296152584,8.846386141054115,1,Higher-Value Customers
15675,81,4,542.04,1.6094379124341003,6.297182982045862,1,Higher-Value Customers
15676,19,3,3435.76,1.3862943611198906,8.142284446073054,1,Higher-Value Customers
15677,49,3,1305.63,1.3862943611198906,7.175206582498185,1,Higher-Value Customers
15678,53,3,1825.94,1.3862943611198906,7.510397715116243,1,Higher-Value Customers
15679,24,4,781.28,1.6094379124341003,6.6622127327244485,1,Higher-Value Customers
15680,9,10,4028.69,2.3978952727983707,8.301444728905073,1,Higher-Value Customers
15681,25,14,2989.7,2.70805020110221,8.003262752696768,1,Higher-Value Customers
15682,599,2,318.24,1.0986122886681098,5.765943171007808,0,Lower-Value Customers
15683,117,2,524.54,1.0986122886681098,6.2644263054030525,0,Lower-Value Customers
15684,547,3,173.95,1.3862943611198906,5.164500218813697,0,Lower-Value Customers
15685,450,1,55.98,0.6931471805599453,4.0427003290697625,0,Lower-Value Customers
15686,420,1,90.0,0.6931471805599453,4.51085950651685,0,Lower-Value Customers
15687,9,9,2993.1,2.302585092994046,8.004398964555403,1,Higher-Value Customers
15688,419,1,190.57,0.6931471805599453,5.25525327707701,0,Lower-Value Customers
15689,120,3,521.03,1.3862943611198906,6.2577250574955965,0,Lower-Value Customers
15690,4,2,239.76,1.0986122886681098,5.48380058667957,0,Lower-Value Customers
15691,252,4,571.3,1.6094379124341003,6.349663329415057,0,Lower-Value Customers
15692,28,1,191.04,0.6931471805599453,5.25770368366274,0,Lower-Value Customers
15693,659,1,37.5,0.6931471805599453,3.6506582412937387,0,Lower-Value Customers
15694,1,24,9978.48,3.2188758248682006,9.208286263739621,1,Higher-Value Customers
15695,267,4,1131.04,1.6094379124341003,7.031776593827884,0,Lower-Value Customers
15696,33,13,3881.22,2.6390573296152584,8.264162433941818,1,Higher-Value Customers
15697,690,1,246.75,0.6931471805599453,5.5124201732100975,0,Lower-Value Customers
15698,624,1,46.2,0.6931471805599453,3.8543938925915096,0,Lower-Value Customers
15699,18,1,309.65,0.6931471805599453,5.738666876509702,0,Lower-Value Customers
15700,172,2,696.68,1.0986122886681098,6.54776054491873,0,Lower-Value Customers
15701,2,4,1529.0,1.6094379124341003,7.333023014386481,1,Higher-Value Customers
15702,476,2,140.39,1.0986122886681098,4.951522029603749,0,Lower-Value Customers
15703,265,1,211.5,0.6931471805599453,5.358941988364472,0,Lower-Value Customers
15704,140,6,3734.66,1.9459101490553132,8.225679788783415,1,Higher-Value Customers
15705,201,1,143.1,0.6931471805599453,4.970507503005476,0,Lower-Value Customers
15706,64,4,1060.56,1.6094379124341003,6.967494803332995,1,Higher-Value Customers
15707,35,4,916.98,1.6094379124341003,6.822175603890787,1,Higher-Value Customers
15708,41,9,3887.15,2.302585092994046,8.265688745083045,1,Higher-Value Customers
15709,284,2,327.85,1.0986122886681098,5.79560171974736,0,Lower-Value Customers
15710,417,1,898.87,0.6931471805599453,6.802250308446763,0,Lower-Value Customers
15711,557,2,420.25,1.0986122886681098,6.043226481666571,0,Lower-Value Customers
15712,9,12,3472.41,2.5649493574615367,8.152892099332306,1,Higher-Value Customers
15713,143,4,839.64,1.6094379124341003,6.734163506497175,1,Higher-Value Customers
15714,12,5,783.96,1.791759469228055,6.665632761070125,1,Higher-Value Customers
15715,556,5,658.02,1.791759469228055,6.490753883055643,0,Lower-Value Customers
15716,146,11,2485.26,2.4849066497880004,7.818534852281762,1,Higher-Value Customers
15717,234,5,607.0,1.791759469228055,6.410174881966167,0,Lower-Value Customers
15718,540,1,293.79,0.6931471805599453,5.686263238437263,0,Lower-Value Customers
15719,33,31,10195.97,3.4657359027997265,9.229845896318121,1,Higher-Value Customers
15720,24,2,739.22,1.0986122886681098,6.606947439311428,0,Lower-Value Customers
15721,12,1,471.4,0.6931471805599453,6.157826084323207,0,Lower-Value Customers
15722,36,11,5234.0,2.4849066497880004,8.563122123304638,1,Higher-Value Customers
15723,365,4,930.7,1.6094379124341003,6.83701087445638,0,Lower-Value Customers
15724,201,3,310.85,1.3862943611198906,5.742522302972132,0,Lower-Value Customers
15725,15,1,415.25,0.6931471805599453,6.031286041294654,0,Lower-Value Customers
15726,390,1,321.91,0.6931471805599453,5.777373646625042,0,Lower-Value Customers
15727,17,15,9371.71,2.772588722239781,9.145557554333983,1,Higher-Value Customers
15728,380,2,544.6,1.0986122886681098,6.301886106529253,0,Lower-Value Customers
15729,213,3,192.55,1.3862943611198906,5.265535877023657,0,Lower-Value Customers
15730,66,5,1726.58,1.791759469228055,7.454476864265657,1,Higher-Value Customers
15731,554,1,125.3,0.6931471805599453,4.838660029356445,0,Lower-Value Customers
15732,212,10,1543.97,2.3978952727983707,7.342759771667596,1,Higher-Value Customers
15733,283,1,162.3,0.6931471805599453,5.095588999976419,0,Lower-Value Customers
15734,115,4,2263.3,1.6094379124341003,7.725020939378476,1,Higher-Value Customers
15735,421,1,327.68,0.6931471805599453,5.795084633062987,0,Lower-Value Customers
15736,435,2,1767.12,1.0986122886681098,7.477672114197468,0,Lower-Value Customers
15737,15,8,1188.12,2.1972245773362196,7.080968816745364,1,Higher-Value Customers
15738,19,41,13043.32,3.7376696182833684,9.476108068960336,1,Higher-Value Customers
15739,66,1,449.12,0.6931471805599453,6.109514213881797,0,Lower-Value Customers
15740,49,1,154.88,0.6931471805599453,5.049086480470509,0,Lower-Value Customers
15741,458,2,208.62,1.0986122886681098,5.345296367742031,0,Lower-Value Customers
15742,619,1,156.87,0.6931471805599453,5.061771909543635,0,Lower-Value Customers
15743,16,4,775.96,1.6094379124341003,6.655388868991024,1,Higher-Value Customers
15744,78,1,34.8,0.6931471805599453,3.5779478934066544,0,Lower-Value Customers
15745,19,4,1094.59,1.6094379124341003,6.999048309928502,1,Higher-Value Customers
15746,134,1,196.88,0.6931471805599453,5.287660786359508,0,Lower-Value Customers
15747,13,9,2499.81,2.302585092994046,7.824369958379627,1,Higher-Value Customers
15748,40,3,609.81,1.3862943611198906,6.414785945181643,0,Lower-Value Customers
15749,235,3,44534.3,1.3862943611198906,10.70403741211812,1,Higher-Value Customers
15750,3,18,6452.99,2.9444389791664403,8.772453823183994,1,Higher-Value Customers
15751,461,11,1380.44,2.4849066497880004,7.230881712367113,1,Higher-Value Customers
15752,40,9,3924.91,2.302585092994046,8.275353450477873,1,Higher-Value Customers
15753,305,1,79.2,0.6931471805599453,4.384523514872469,0,Lower-Value Customers
15754,51,9,3037.61,2.302585092994046,8.019155452993521,1,Higher-Value Customers
15755,10,17,5993.12,2.8903717578961645,8.69853426769623,1,Higher-Value Customers
15756,61,4,528.01,1.6094379124341003,6.271007335271311,1,Higher-Value Customers
15757,66,6,2940.36,1.9459101490553132,7.986627338407268,1,Higher-Value Customers
15758,25,1,205.25,0.6931471805599453,5.32908902521479,0,Lower-Value Customers
15759,218,7,830.93,2.0794415416798357,6.7237483026663085,1,Higher-Value Customers
15760,631,2,13916.34,1.0986122886681098,9.540890823673994,0,Lower-Value Customers
15761,443,1,143.05,0.6931471805599453,4.970160461530537,0,Lower-Value Customers
15762,65,2,583.75,1.0986122886681098,6.371184405464288,0,Lower-Value Customers
15763,32,2,1086.92,1.0986122886681098,6.992022895300703,1,Higher-Value Customers
15764,88,8,4503.08,2.1972245773362196,8.412738931651127,1,Higher-Value Customers
15765,667,1,370.63,0.6931471805599453,5.917898735650893,0,Lower-Value Customers
15766,64,3,831.06,1.3862943611198906,6.723904553605634,1,Higher-Value Customers
15768,116,34,15308.89,3.5553480614894135,9.636254303779413,1,Higher-Value Customers
15769,7,46,88612.52,3.8501476017100584,11.392039720888391,1,Higher-Value Customers
15770,613,1,321.45,0.6931471805599453,5.7759480854563865,0,Lower-Value Customers
15771,604,3,1006.54,1.3862943611198906,6.915266995265976,0,Lower-Value Customers
15772,418,1,280.88,0.6931471805599453,5.641481448458822,0,Lower-Value Customers
15773,6,2,774.52,1.0986122886681098,6.653533772097066,0,Lower-Value Customers
15774,69,6,1288.34,1.9459101490553132,7.161885738522525,1,Higher-Value Customers
15775,245,2,150.5,1.0986122886681098,5.020585624949423,0,Lower-Value Customers
15776,133,1,241.62,0.6931471805599453,5.491496433342773,0,Lower-Value Customers
15777,241,7,1762.61,2.0794415416798357,7.475118123687712,1,Higher-Value Customers
15778,431,1,307.95,0.6931471805599453,5.733179451506989,0,Lower-Value Customers
15779,463,2,124.08,1.0986122886681098,4.82895353258964,0,Lower-Value Customers
15780,184,3,475.28,1.3862943611198906,6.166005916582974,0,Lower-Value Customers
15781,25,3,345.46,1.3862943611198906,5.847767371850795,0,Lower-Value Customers
15782,10,4,4014.1,1.6094379124341003,8.297817532670948,1,Higher-Value Customers
15783,11,1,246.3,0.6931471805599453,5.510602174527371,0,Lower-Value Customers
15784,468,2,848.33,1.0986122886681098,6.744447803369461,0,Lower-Value Customers
15785,33,16,5969.93,2.833213344056216,8.694657973148848,1,Higher-Value Customers
15786,46,5,8501.62,1.791759469228055,9.048129630277787,1,Higher-Value Customers
15787,26,3,933.26,1.3862943611198906,6.839754772081388,1,Higher-Value Customers
15788,509,1,221.83,0.6931471805599453,5.406409148898877,0,Lower-Value Customers
15789,358,6,1962.01,1.9459101490553132,7.58223428850699,1,Higher-Value Customers
15790,10,1,218.75,0.6931471805599453,5.392490536565286,0,Lower-Value Customers
15791,44,5,3608.34,1.791759469228055,8.191280209127546,1,Higher-Value Customers
15792,400,2,933.84,1.0986122886681098,6.8403753916508245,0,Lower-Value Customers
15793,15,8,2399.57,2.1972245773362196,7.783461488137377,1,Higher-Value Customers
15794,736,2,777.0,1.0986122886681098,6.656726524178391,0,Lower-Value Customers
15795,150,8,1979.87,2.1972245773362196,7.591291421122726,1,Higher-Value Customers
15796,1,17,5171.63,2.8903717578961645,8.551136542218323,1,Higher-Value Customers
15797,113,6,2821.08,1.9459101490553132,7.945229480699816,1,Higher-Value Customers
15798,493,3,1535.37,1.3862943611198906,7.3371777701160505,0,Lower-Value Customers
15799,76,4,1421.34,1.6094379124341003,7.2600586816427235,1,Higher-Value Customers
15800,107,7,1227.07,2.0794415416798357,7.113199110339793,1,Higher-Value Customers
15801,46,3,1063.95,1.3862943611198906,6.97068312868461,1,Higher-Value Customers
15802,143,1,451.42,0.6931471805599453,6.11461095192969,0,Lower-Value Customers
15803,51,4,1929.66,1.6094379124341003,7.565617192352807,1,Higher-Value Customers
15804,1,13,4206.39,2.6390573296152584,8.344597781932357,1,Higher-Value Customers
15805,23,30,10148.93,3.4339872044851463,9.225222087894428,1,Higher-Value Customers
15806,46,3,784.58,1.3862943611198906,6.666422298467717,1,Higher-Value Customers
15807,50,5,1817.52,1.791759469228055,7.505778262441902,1,Higher-Value Customers
15808,306,21,17180.25,3.091042453358316,9.751573951913556,1,Higher-Value Customers
15809,36,7,1274.44,2.0794415416798357,7.15104649609911,1,Higher-Value Customers
15810,79,8,2999.04,2.1972245773362196,8.006380900894692,1,Higher-Value Customers
15811,22,7,3486.15,2.0794415416798357,8.156840062670438,1,Higher-Value Customers
15812,107,12,5201.47,2.5649493574615367,8.55688879179273,1,Higher-Value Customers
15813,208,2,1303.91,1.0986122886681098,7.173889351861322,0,Lower-Value Customers
15814,17,6,2634.44,1.9459101490553132,7.876805429957567,1,Higher-Value Customers
15815,64,5,2100.6,1.791759469228055,7.65045423837133,1,Higher-Value Customers
15816,542,2,144.15,1.0986122886681098,4.977767690470639,0,Lower-Value Customers
15817,421,3,2766.4,1.3862943611198906,7.925663530235284,0,Lower-Value Customers
15818,588,1,340.5,0.6931471805599453,5.833347679010845,0,Lower-Value Customers
15819,49,10,3934.79,2.3978952727983707,8.277866903090251,1,Higher-Value Customers
15820,320,1,206.98,0.6931471805599453,5.337441921232086,0,Lower-Value Customers
15821,44,2,570.96,1.0986122886681098,6.349069058864647,0,Lower-Value Customers
15822,3,6,1840.06,1.9459101490553132,7.5180967716851645,1,Higher-Value Customers
15823,372,3,3882.17,1.3862943611198906,8.26440710935535,1,Higher-Value Customers
15824,453,2,890.94,1.0986122886681098,6.793398865743655,0,Lower-Value Customers
15825,172,1,532.94,0.6931471805599453,6.2802834730968256,0,Lower-Value Customers
15826,56,4,2598.28,1.6094379124341003,7.862989762582375,1,Higher-Value Customers
15827,73,28,3603.14,3.367295829986474,8.189838463700722,1,Higher-Value Customers
15828,375,1,1108.82,0.6931471805599453,7.011953118994513,0,Lower-Value Customers
15829,99,2,636.14,1.0986122886681098,6.456989411643809,0,Lower-Value Customers
15830,38,1,576.0,0.6931471805599453,6.3578422665081,0,Lower-Value Customers
15831,58,3,794.64,1.3862943611198906,6.67914682223686,1,Higher-Value Customers
15832,254,1,836.79,0.6931471805599453,6.7307674724187825,0,Lower-Value Customers
15833,738,1,80.4,0.6931471805599453,4.399375273008495,0,Lower-Value Customers
15834,70,7,3764.39,2.0794415416798357,8.23360672052674,1,Higher-Value Customers
15835,44,4,954.09,1.6094379124341003,6.861805576878038,1,Higher-Value Customers
15836,50,1,137.37,0.6931471805599453,4.929931256681293,0,Lower-Value Customers
15837,65,2,777.01,1.0986122886681098,6.656739377566224,0,Lower-Value Customers
15838,11,34,73205.5,3.5553480614894135,11.201039493821318,1,Higher-Value Customers
15839,33,3,1048.49,1.3862943611198906,6.9560596108684605,1,Higher-Value Customers
15840,59,2,355.56,1.0986122886681098,5.876502528638301,0,Lower-Value Customers
15841,73,9,2742.41,2.302585092994046,7.916956951149568,1,Higher-Value Customers
15842,393,2,548.8,1.0986122886681098,6.309554575731145,0,Lower-Value Customers
15843,304,1,118.95,0.6931471805599453,4.787074989285704,0,Lower-Value Customers
15844,46,1,130.74,0.6931471805599453,4.880830283212547,0,Lower-Value Customers
15845,18,11,4426.28,2.4849066497880004,8.395540678981433,1,Higher-Value Customers
15846,385,1,107.01,0.6931471805599453,4.682223815430383,0,Lower-Value Customers
15847,38,5,822.57,1.791759469228055,6.713648549040965,1,Higher-Value Customers
15848,622,1,137.99,0.6931471805599453,4.934401988096667,0,Lower-Value Customers
15850,19,6,1006.75,1.9459101490553132,6.915475401997275,1,Higher-Value Customers
15851,527,1,109.73,0.6931471805599453,4.707094805710017,0,Lower-Value Customers
15852,187,3,257.26,1.3862943611198906,5.553966829418505,0,Lower-Value Customers
15853,52,1,110.8,0.6931471805599453,4.716711560720999,0,Lower-Value Customers
15854,4,21,5578.28,3.091042453358316,8.626815014791914,1,Higher-Value Customers
15855,137,6,1052.72,1.9459101490553132,6.9600820391599045,1,Higher-Value Customers
15856,4,52,32275.95,3.970291913552122,10.382108632170135,1,Higher-Value Customers
15857,19,2,570.48,1.0986122886681098,6.348229486996957,0,Lower-Value Customers
15858,16,13,3552.41,2.6390573296152584,8.175662984803958,1,Higher-Value Customers
15859,432,1,438.46,0.6931471805599453,6.085546700469121,0,Lower-Value Customers
15860,41,17,2361.3,2.8903717578961645,7.767390999699713,1,Higher-Value Customers
15861,12,12,4369.2,2.5649493574615367,8.382564053632766,1,Higher-Value Customers
15862,8,13,2512.29,2.6390573296152584,7.829347930805947,1,Higher-Value Customers
15863,26,5,355.1,1.791759469228055,5.875211590283732,1,Higher-Value Customers
15864,22,7,2180.76,2.0794415416798357,7.687887169509484,1,Higher-Value Customers
15865,41,5,2241.42,1.791759469228055,7.7153109188261455,1,Higher-Value Customers
15866,101,1,211.89,0.6931471805599453,5.3607756003876466,0,Lower-Value Customers
15867,5,31,8923.3,3.4657359027997265,9.09653317219939,1,Higher-Value Customers
15868,583,1,94.53,0.6931471805599453,4.559440334281917,0,Lower-Value Customers
15869,277,3,321.11,1.3862943611198906,5.774893102114154,0,Lower-Value Customers
15870,33,4,857.46,1.6094379124341003,6.755140086357464,1,Higher-Value Customers
15871,437,1,33.1,0.6931471805599453,3.529297384289471,0,Lower-Value Customers
15872,15,4,729.25,1.6094379124341003,6.59338694126785,1,Higher-Value Customers
15873,500,4,313.92,1.6094379124341003,5.752318638316266,0,Lower-Value Customers
15874,64,21,11284.76,3.091042453358316,9.331297033018553,1,Higher-Value Customers
15875,646,1,108.52,0.6931471805599453,4.696107180980193,0,Lower-Value Customers
15876,409,2,1449.14,1.0986122886681098,7.27941538247794,0,Lower-Value Customers
15877,2,2,490.33,1.0986122886681098,6.197115999797643,0,Lower-Value Customers
15878,562,2,330.77,1.0986122886681098,5.804441957755378,0,Lower-Value Customers
15879,404,4,1137.8,1.6094379124341003,7.037730355403882,0,Lower-Value Customers
15880,369,1,329.03,0.6931471805599453,5.799183559419454,0,Lower-Value Customers
15881,312,5,501.39,1.791759469228055,6.2193767104972935,0,Lower-Value Customers
15882,199,8,1124.66,2.1972245773362196,7.026124809283575,1,Higher-Value Customers
15883,2,2,396.48,1.0986122886681098,5.9851446183631625,0,Lower-Value Customers
15884,432,2,244.6,1.0986122886681098,5.503704196272987,0,Lower-Value Customers
15885,93,15,1951.82,2.772588722239781,7.577029760730524,1,Higher-Value Customers
15886,60,4,1052.87,1.6094379124341003,6.960224381835903,1,Higher-Value Customers
15887,407,3,1027.15,1.3862943611198906,6.935516349767528,0,Lower-Value Customers
15888,81,3,429.16,1.3862943611198906,6.064157232501422,0,Lower-Value Customers
15889,157,8,1427.6,2.1972245773362196,7.264450222720872,1,Higher-Value Customers
15890,395,5,535.65,1.791759469228055,6.285346112927534,0,Lower-Value Customers
15891,227,1,511.68,0.6931471805599453,6.239651868861624,0,Lower-Value Customers
15892,669,1,128.2,0.6931471805599453,4.861361591348501,0,Lower-Value Customers
15893,482,1,305.28,0.6931471805599453,5.724499716244923,0,Lower-Value Customers
15894,253,2,258.25,1.0986122886681098,5.557792847109637,0,Lower-Value Customers
15895,150,1,179.17,0.6931471805599453,5.1939008496276085,0,Lower-Value Customers
15897,194,2,208.59,1.0986122886681098,5.345153241385068,0,Lower-Value Customers
15898,1,25,4996.45,3.258096538021482,8.516683061322004,1,Higher-Value Customers
15899,369,1,56.25,0.6931471805599453,4.047427642434349,0,Lower-Value Customers
15900,24,4,886.57,1.6094379124341003,6.788487391478677,1,Higher-Value Customers
15901,17,7,687.72,2.0794415416798357,6.5348348023497,1,Higher-Value Customers
15902,380,1,145.01,0.6931471805599453,4.983675112513472,0,Lower-Value Customers
15903,10,12,8939.84,2.5649493574615367,9.098384823485164,1,Higher-Value Customers
15904,8,1,164.68,0.6931471805599453,5.110058217087329,0,Lower-Value Customers
15905,543,1,114.69,0.6931471805599453,4.750914200040797,0,Lower-Value Customers
15906,20,10,2530.19,2.3978952727983707,7.836444826870208,1,Higher-Value Customers
15907,4,3,882.72,1.3862943611198906,6.784140270382827,1,Higher-Value Customers
15908,491,2,758.62,1.0986122886681098,6.6328183082386944,0,Lower-Value Customers
15909,174,1,191.94,0.6931471805599453,5.262379259742407,0,Lower-Value Customers
15910,1,15,2661.17,2.772588722239781,7.886896858674058,1,Higher-Value Customers
15911,624,8,1700.24,2.1972245773362196,7.43911267591754,0,Lower-Value Customers
15912,178,9,1074.7,2.302585092994046,6.98072689143796,1,Higher-Value Customers
15913,534,1,6.3,0.6931471805599453,1.9878743481543455,0,Lower-Value Customers
15914,378,2,205.99,1.0986122886681098,5.332670482919699,0,Lower-Value Customers
15915,402,1,364.45,0.6931471805599453,5.901129470926401,0,Lower-Value Customers
15916,16,13,3145.24,2.6390573296152584,8.053963368057506,1,Higher-Value Customers
15917,248,5,530.17,1.791759469228055,6.275082120663786,0,Lower-Value Customers
15918,191,3,582.88,1.3862943611198906,6.369695482262378,0,Lower-Value Customers
15919,20,2,525.69,1.0986122886681098,6.266612140168987,0,Lower-Value Customers
15920,154,9,569.14,2.302585092994046,6.345881944705495,1,Higher-Value Customers
15921,173,4,775.26,1.6094379124341003,6.6544875156123755,0,Lower-Value Customers
15922,373,1,369.5,0.6931471805599453,5.914853444736141,0,Lower-Value Customers
15923,373,1,127.08,0.6931471805599453,4.852655068688459,0,Lower-Value Customers
15924,731,1,102.82,0.6931471805599453,4.642658630399083,0,Lower-Value Customers
15925,194,1,207.15,0.6931471805599453,5.3382589736409845,0,Lower-Value Customers
15926,542,1,134.44,0.6931471805599453,4.90852873782488,0,Lower-Value Customers
15927,647,1,106.54,0.6931471805599453,4.6778628713815325,0,Lower-Value Customers
15928,656,1,293.53,0.6931471805599453,5.685380865475649,0,Lower-Value Customers
15929,644,1,594.0,0.6931471805599453,6.38856140554563,0,Lower-Value Customers
15930,67,1,426.63,0.6931471805599453,6.058258335716989,0,Lower-Value Customers
15931,428,1,239.9,0.6931471805599453,5.484381909620826,0,Lower-Value Customers
15932,4,8,2495.87,2.1972245773362196,7.822793226449505,1,Higher-Value Customers
15933,21,3,1107.46,1.3862943611198906,7.010726943606016,1,Higher-Value Customers
15934,418,2,2190.66,1.0986122886681098,7.692414526548134,0,Lower-Value Customers
15935,239,2,416.86,1.0986122886681098,6.035146448194105,0,Lower-Value Customers
15936,379,2,282.79,1.0986122886681098,5.648234528023389,0,Lower-Value Customers
15937,64,1,145.35,0.6931471805599453,4.986001013137895,0,Lower-Value Customers
15938,112,9,734.81,2.302585092994046,6.600971933227955,1,Higher-Value Customers
15939,90,16,9060.39,2.833213344056216,9.111777808902684,1,Higher-Value Customers
15940,311,1,35.8,0.6931471805599453,3.6054978451748854,0,Lower-Value Customers
15941,637,1,405.0,0.6931471805599453,6.0063531596017325,0,Lower-Value Customers
15942,134,1,337.44,0.6931471805599453,5.8243468240563,0,Lower-Value Customers
15943,650,2,271.29,1.0986122886681098,5.606867674804115,0,Lower-Value Customers
15944,277,4,2164.24,1.6094379124341003,7.680286488796148,1,Higher-Value Customers
15945,365,4,646.27,1.6094379124341003,6.472763518115628,0,Lower-Value Customers
15946,503,3,2304.18,1.3862943611198906,7.742914043488088,0,Lower-Value Customers
15947,83,1,1708.24,0.6931471805599453,7.443804106257556,0,Lower-Value Customers
15948,8,3,1509.09,1.3862943611198906,7.319924530681809,1,Higher-Value Customers
15949,17,2,364.72,1.0986122886681098,5.901868013296226,0,Lower-Value Customers
15950,32,10,7120.91,2.3978952727983707,8.87093122685813,1,Higher-Value Customers
15951,9,3,1013.17,1.3862943611198906,6.921825822958919,1,Higher-Value Customers
15952,34,4,781.91,1.6094379124341003,6.663017746855669,1,Higher-Value Customers
15953,15,18,3440.34,2.9444389791664403,8.143616209402149,1,Higher-Value Customers
15954,589,1,190.75,0.6931471805599453,5.256192440247365,0,Lower-Value Customers
15955,24,22,8085.98,3.1354942159291497,8.99801063998778,1,Higher-Value Customers
15956,551,2,617.6,1.0986122886681098,6.42745886025097,0,Lower-Value Customers
15957,32,3,921.25,1.3862943611198906,6.826816336476785,1,Higher-Value Customers
15958,74,4,462.12,1.6094379124341003,6.137986199770749,0,Lower-Value Customers
15959,682,3,542.89,1.3862943611198906,6.298747020527224,0,Lower-Value Customers
15960,374,4,410.95,1.6094379124341003,6.020901982761599,0,Lower-Value Customers
15961,379,1,451.29,0.6931471805599453,6.114323567019841,0,Lower-Value Customers
15962,449,1,289.48,0.6931471805599453,5.6715347271060805,0,Lower-Value Customers
15963,20,2,470.76,1.0986122886681098,6.156470381692249,0,Lower-Value Customers
15964,663,1,269.21,0.6931471805599453,5.5991994344637614,0,Lower-Value Customers
15965,17,13,2771.94,2.6390573296152584,7.927663408165679,1,Higher-Value Customers
15966,451,1,426.53,0.6931471805599453,6.058024461353231,0,Lower-Value Customers
15967,23,12,2966.0,2.5649493574615367,7.995306620290822,1,Higher-Value Customers
15968,388,1,404.55,0.6931471805599453,6.005244170516354,0,Lower-Value Customers
15969,3,5,1127.05,1.791759469228055,7.0282457573167605,1,Higher-Value Customers
15970,304,2,1017.32,1.0986122886681098,6.925909489562179,0,Lower-Value Customers
15971,18,18,5902.83,2.9444389791664403,8.683356571827812,1,Higher-Value Customers
15972,456,5,1769.33,1.791759469228055,7.4789212488679375,0,Lower-Value Customers
15973,367,3,680.62,1.3862943611198906,6.524472317807621,0,Lower-Value Customers
15974,39,7,3442.15,2.0794415416798357,8.14414202904651,1,Higher-Value Customers
15975,84,1,371.01,0.6931471805599453,5.91892073563227,0,Lower-Value Customers
15976,165,6,1694.41,1.9459101490553132,7.435679878469993,1,Higher-Value Customers
15977,17,2,1054.73,1.0986122886681098,6.961987749755856,1,Higher-Value Customers
15978,77,3,3279.42,1.3862943611198906,8.095726741961132,1,Higher-Value Customers
15979,603,1,329.22,0.6931471805599453,5.799759099003687,0,Lower-Value Customers
15980,89,7,6543.68,2.0794415416798357,8.786407784864547,1,Higher-Value Customers
15981,25,21,9362.77,3.091042453358316,9.14460326615622,1,Higher-Value Customers
15982,605,1,324.51,0.6931471805599453,5.7853931831429195,0,Lower-Value Customers
15983,22,8,3110.37,2.1972245773362196,8.04281842264472,1,Higher-Value Customers
15984,3,30,8393.02,3.4339872044851463,9.035274826544974,1,Higher-Value Customers
15985,123,7,2715.28,2.0794415416798357,7.907018576148396,1,Higher-Value Customers
15986,30,2,354.42,1.0986122886681098,5.87330018875734,0,Lower-Value Customers
15987,12,8,1535.99,2.1972245773362196,7.3375812373365585,1,Higher-Value Customers
15988,19,3,738.89,1.3862943611198906,6.606501526500262,1,Higher-Value Customers
15989,376,2,368.31,1.0986122886681098,5.911636399748068,0,Lower-Value Customers
15990,44,7,1997.75,2.0794415416798357,7.600277264148164,1,Higher-Value Customers
15991,534,1,150.55,0.6931471805599453,5.020915603503812,0,Lower-Value Customers
15992,4,3,896.6,1.3862943611198906,6.799724534768432,1,Higher-Value Customers
15993,9,7,2777.67,2.0794415416798357,7.929727674940442,1,Higher-Value Customers
15994,55,3,1175.68,1.3862943611198906,7.070452192639792,1,Higher-Value Customers
15995,414,1,694.54,0.6931471805599453,6.544688522290589,0,Lower-Value Customers
15996,88,7,1386.4,2.0794415416798357,7.235186770951201,1,Higher-Value Customers
15998,37,16,8274.14,2.833213344056216,9.02101111853115,1,Higher-Value Customers
15999,736,1,20.4,0.6931471805599453,3.0633909220278057,0,Lower-Value Customers
16000,3,3,12393.7,1.3862943611198906,9.4250242408686,1,Higher-Value Customers
16001,381,1,583.39,0.6931471805599453,6.37056856816272,0,Lower-Value Customers
16002,625,1,169.21,0.6931471805599453,5.137032968819882,0,Lower-Value Customers
16003,30,10,5613.83,2.3978952727983707,8.63316659066791,1,Higher-Value Customers
16004,475,5,2146.39,1.791759469228055,7.672008430194929,0,Lower-Value Customers
16005,12,10,2365.49,2.3978952727983707,7.769163123687681,1,Higher-Value Customers
16006,211,2,332.82,1.0986122886681098,5.810601925550271,0,Lower-Value Customers
16007,48,7,3053.06,2.0794415416798357,8.024227131951013,1,Higher-Value Customers
16008,24,15,5339.13,2.772588722239781,8.583005276227205,1,Higher-Value Customers
16009,22,4,972.11,1.6094379124341003,6.880497128211273,1,Higher-Value Customers
16010,246,11,1694.86,2.4849066497880004,7.435945265774832,1,Higher-Value Customers
16011,8,29,5601.01,3.4011973816621555,8.630880740895218,1,Higher-Value Customers
16012,35,5,2978.59,1.791759469228055,7.999540986141301,1,Higher-Value Customers
16013,4,84,56078.44,4.442651256490317,10.934524535923948,1,Higher-Value Customers
16014,38,5,1100.28,1.791759469228055,7.004228418650054,1,Higher-Value Customers
16015,4,3,704.55,1.3862943611198906,6.55897764050377,1,Higher-Value Customers
16016,3,11,2083.4,2.4849066497880004,7.64223632303506,1,Higher-Value Customers
16017,47,5,1545.58,1.791759469228055,7.343801320499442,1,Higher-Value Customers
16018,39,4,698.13,1.6094379124341003,6.5498367049130675,1,Higher-Value Customers
16019,47,27,17329.16,3.332204510175204,9.760203615211752,1,Higher-Value Customers
16020,17,3,851.01,1.3862943611198906,6.747598263849638,1,Higher-Value Customers
16021,395,2,487.03,1.0986122886681098,6.1903768793734475,0,Lower-Value Customers
16022,260,1,602.63,0.6931471805599453,6.402961427447865,0,Lower-Value Customers
16023,46,3,719.81,1.3862943611198906,6.58037557967181,1,Higher-Value Customers
16024,12,3,483.99,1.3862943611198906,6.184128272168217,0,Lower-Value Customers
16025,30,1,439.66,0.6931471805599453,6.0882736030360425,0,Lower-Value Customers
16026,43,1,236.09,0.6931471805599453,5.468439815884993,0,Lower-Value Customers
16027,92,15,2048.36,2.772588722239781,7.62528282826746,1,Higher-Value Customers
16028,596,1,82.2,0.6931471805599453,4.421247347827163,0,Lower-Value Customers
16029,39,107,117763.62,4.68213122712422,11.676443165530092,1,Higher-Value Customers
16030,310,1,331.24,0.6931471805599453,5.805857599322498,0,Lower-Value Customers
16031,92,2,547.9,1.0986122886681098,6.3079162755558436,0,Lower-Value Customers
16032,456,6,1965.72,1.9459101490553132,7.5841224595020655,0,Lower-Value Customers
16033,6,27,10608.81,3.332204510175204,9.269534323813378,1,Higher-Value Customers
16034,196,6,911.32,1.9459101490553132,6.815990805724307,1,Higher-Value Customers
16035,560,1,217.73,0.6931471805599453,5.387838092486448,0,Lower-Value Customers
16036,87,4,2556.84,1.6094379124341003,7.846918431316224,1,Higher-Value Customers
16037,270,5,1509.34,1.791759469228055,7.320090070025923,1,Higher-Value Customers
16038,8,3,471.78,1.3862943611198906,6.1586301640127346,0,Lower-Value Customers
16039,424,2,456.4,1.0986122886681098,6.125558281588681,0,Lower-Value Customers
16040,65,7,2416.9,2.0794415416798357,7.790654673826565,1,Higher-Value Customers
16041,31,3,3166.4,1.3862943611198906,8.060666341057626,1,Higher-Value Customers
16042,22,8,2245.32,2.1972245773362196,7.717048600661738,1,Higher-Value Customers
16043,38,8,1856.59,2.1972245773362196,7.52703522763887,1,Higher-Value Customers
16044,435,1,340.84,0.6931471805599453,5.83434279133577,0,Lower-Value Customers
16045,120,8,3434.93,2.1972245773362196,8.14204291037043,1,Higher-Value Customers
16046,562,1,235.78,0.6931471805599453,5.46713143998349,0,Lower-Value Customers
16047,682,1,107.14,0.6931471805599453,4.683426683953859,0,Lower-Value Customers
16048,373,4,818.79,1.6094379124341003,6.709048209898743,0,Lower-Value Customers
16049,40,6,1852.15,1.9459101490553132,7.524642172820218,1,Higher-Value Customers
16050,174,3,300.7,1.3862943611198906,5.709433146165015,0,Lower-Value Customers
16051,682,1,188.44,0.6931471805599453,5.244072351695641,0,Lower-Value Customers
16052,54,1,362.06,0.6931471805599453,5.894568109862285,0,Lower-Value Customers
16053,33,6,3634.84,1.9459101490553132,8.198595449928707,1,Higher-Value Customers
16054,145,4,2111.88,1.6094379124341003,7.655807224711368,1,Higher-Value Customers
16055,221,1,134.8,0.6931471805599453,4.911183215124596,0,Lower-Value Customers
16056,45,1,650.75,0.6931471805599453,6.479661052813611,0,Lower-Value Customers
16057,16,10,3854.85,2.3978952727983707,8.257346754558858,1,Higher-Value Customers
16058,406,1,62.7,0.6931471805599453,4.154184562578117,0,Lower-Value Customers
16059,66,12,3053.57,2.5649493574615367,8.024394108834924,1,Higher-Value Customers
16060,401,3,541.95,1.3862943611198906,6.29701723466291,0,Lower-Value Customers
16061,431,1,89.65,0.6931471805599453,4.50700593720086,0,Lower-Value Customers
16062,10,8,2863.45,2.1972245773362196,7.960131638643054,1,Higher-Value Customers
16063,260,1,335.32,0.6931471805599453,5.818063087688587,0,Lower-Value Customers
16064,725,1,109.31,0.6931471805599453,4.7032945839812905,0,Lower-Value Customers
16065,365,8,1992.13,2.1972245773362196,7.597461546384569,1,Higher-Value Customers
16066,17,5,1521.04,1.791759469228055,7.327806819285222,1,Higher-Value Customers
16067,563,3,3269.11,1.3862943611198906,8.092578902469247,0,Lower-Value Customers
16068,594,1,115.73,0.6931471805599453,4.759863575664572,0,Lower-Value Customers
16069,418,1,457.7,0.6931471805599453,6.128396401603126,0,Lower-Value Customers
16070,22,2,852.15,1.0986122886681098,6.748935381973274,0,Lower-Value Customers
16071,45,4,1076.8,1.6094379124341003,6.982677205499396,1,Higher-Value Customers
16072,288,4,4180.09,1.6094379124341003,8.338327257075614,1,Higher-Value Customers
16073,297,1,122.4,0.6931471805599453,4.8154311114712876,0,Lower-Value Customers
16074,390,1,252.5,0.6931471805599453,5.535363823031238,0,Lower-Value Customers
16075,503,2,736.93,1.0986122886681098,6.6038489691533275,0,Lower-Value Customers
16076,3,10,2234.73,2.3978952727983707,7.712323075642278,1,Higher-Value Customers
16077,626,1,2300.4,0.6931471805599453,7.741272912389358,0,Lower-Value Customers
16078,284,2,362.99,1.0986122886681098,5.897126394731892,0,Lower-Value Customers
16079,17,3,1352.0,1.3862943611198906,7.210079628170788,1,Higher-Value Customers
16080,82,4,602.56,1.6094379124341003,6.40284545564545,1,Higher-Value Customers
16081,56,8,4278.96,2.1972245773362196,8.361698942737778,1,Higher-Value Customers
16082,670,1,106.75,0.6931471805599453,4.6798137289838575,0,Lower-Value Customers
16083,101,4,2351.42,1.6094379124341003,7.7631998645051095,1,Higher-Value Customers
16084,299,1,436.18,0.6931471805599453,6.0803450096018565,0,Lower-Value Customers
16085,23,12,2341.03,2.5649493574615367,7.758773353640096,1,Higher-Value Customers
16086,59,10,2687.73,2.3978952727983707,7.896824242153531,1,Higher-Value Customers
16087,389,5,1739.92,1.791759469228055,7.462168988109326,0,Lower-Value Customers
16088,576,2,1437.43,1.0986122886681098,7.271307520007092,0,Lower-Value Customers
16089,386,2,263.49,1.0986122886681098,5.5778034434002794,0,Lower-Value Customers
16090,624,1,180.56,0.6931471805599453,5.201586177588265,0,Lower-Value Customers
16091,155,2,315.06,1.0986122886681098,5.755932068980957,0,Lower-Value Customers
16092,115,6,1587.94,1.9459101490553132,7.370822406226574,1,Higher-Value Customers
16093,107,1,17.0,0.6931471805599453,2.8903717578961645,0,Lower-Value Customers
16094,12,11,3695.56,2.4849066497880004,8.215157936435828,1,Higher-Value Customers
16095,456,1,447.05,0.6931471805599453,6.104904833330228,0,Lower-Value Customers
16096,264,4,1584.97,1.6094379124341003,7.368951486505174,1,Higher-Value Customers
16097,240,1,185.05,0.6931471805599453,5.226015454792631,0,Lower-Value Customers
16098,88,14,4010.7,2.70805020110221,8.296970370613005,1,Higher-Value Customers
16099,50,7,1573.2,2.0794415416798357,7.36150248570835,1,Higher-Value Customers
16100,463,1,582.64,0.6931471805599453,6.3692843543958215,0,Lower-Value Customers
16101,71,4,3229.16,1.6094379124341003,8.08028695059357,1,Higher-Value Customers
16102,42,3,1842.14,1.3862943611198906,7.519225917888408,1,Higher-Value Customers
16103,7,22,6191.71,3.1354942159291497,8.731128072778827,1,Higher-Value Customers
16104,62,9,2774.46,2.302585092994046,7.928571778208674,1,Higher-Value Customers
16105,249,5,2386.19,1.791759469228055,7.7778722209926245,1,Higher-Value Customers
16106,66,1,108.38,0.6931471805599453,4.694828057918627,0,Lower-Value Customers
16107,18,7,3204.16,2.0794415416798357,8.072517290105589,1,Higher-Value Customers
16108,85,4,2235.92,1.6094379124341003,7.712855198669154,1,Higher-Value Customers
16109,219,3,939.48,1.3862943611198906,6.846390383230553,0,Lower-Value Customers
16110,45,4,1781.59,1.6094379124341003,7.485822641897419,1,Higher-Value Customers
16111,428,1,549.33,0.6931471805599453,6.310518098298484,0,Lower-Value Customers
16112,143,4,195.74,1.6094379124341003,5.281883060084612,0,Lower-Value Customers
16113,183,1,161.38,0.6931471805599453,5.089939267434301,0,Lower-Value Customers
16114,171,1,135.75,0.6931471805599453,4.91815444130209,0,Lower-Value Customers
16115,10,12,2553.8,2.5649493574615367,7.845729221687434,1,Higher-Value Customers
16116,212,1,612.78,0.6931471805599453,6.419636557751217,0,Lower-Value Customers
16117,190,3,654.4,1.3862943611198906,6.485245736264714,0,Lower-Value Customers
16118,653,1,4376.25,0.6931471805599453,8.384175952306427,0,Lower-Value Customers
16119,8,8,1720.81,2.1972245773362196,7.451131342082467,1,Higher-Value Customers
16120,59,6,2967.51,1.9459101490553132,7.995815422409789,1,Higher-Value Customers
16121,57,5,1450.04,1.791759469228055,7.280035819699258,1,Higher-Value Customers
16122,73,6,895.62,1.9459101490553132,6.798632137963742,1,Higher-Value Customers
16123,52,1,307.78,0.6931471805599453,5.732629049213781,0,Lower-Value Customers
16124,317,4,1772.49,1.6094379124341003,7.480704635629976,0,Lower-Value Customers
16125,367,14,4292.35,2.70805020110221,8.364822592970278,1,Higher-Value Customers
16126,29,15,14644.6,2.772588722239781,9.591895228036805,1,Higher-Value Customers
16127,39,2,801.31,1.0986122886681098,6.6874950668474575,0,Lower-Value Customers
16128,18,11,3801.05,2.4849066497880004,8.243295673935073,1,Higher-Value Customers
16129,407,3,1396.05,1.3862943611198906,7.242118149597153,0,Lower-Value Customers
16130,422,4,987.48,1.6094379124341003,6.896168409730217,0,Lower-Value Customers
16131,52,12,9957.42,2.5649493574615367,9.206173703456702,1,Higher-Value Customers
16132,544,2,664.2,1.0986122886681098,6.500087747318773,0,Lower-Value Customers
16133,4,56,22992.26,4.04305126783455,10.042956408487395,1,Higher-Value Customers
16134,22,5,2145.34,1.791759469228055,7.6715193449376216,1,Higher-Value Customers
16135,263,2,819.45,1.0986122886681098,6.709852970221159,0,Lower-Value Customers
16136,60,4,946.8,1.6094379124341003,6.854143509533488,1,Higher-Value Customers
16137,680,1,422.7,0.6931471805599453,6.049025657632513,0,Lower-Value Customers
16138,379,3,910.35,1.3862943611198906,6.814927016670943,0,Lower-Value Customers
16139,19,5,1111.15,1.791759469228055,7.014050357799739,1,Higher-Value Customers
16140,66,3,1433.46,1.3862943611198906,7.268543750752409,1,Higher-Value Customers
16141,88,2,955.94,1.0986122886681098,6.863740693562717,0,Lower-Value Customers
16142,250,1,535.34,0.6931471805599453,6.284768288327816,0,Lower-Value Customers
16143,3,12,4555.08,2.5649493574615367,8.424217883675421,1,Higher-Value Customers
16144,247,1,175.2,0.6931471805599453,5.171619713502079,0,Lower-Value Customers
16145,9,19,6805.44,2.995732273553991,8.825624501810465,1,Higher-Value Customers
16146,157,4,946.38,1.6094379124341003,6.8537002798593925,1,Higher-Value Customers
16147,134,5,2398.91,1.791759469228055,7.783186515632894,1,Higher-Value Customers
16148,296,2,386.62,1.0986122886681098,5.960025478272602,0,Lower-Value Customers
16149,5,3,422.22,1.3862943611198906,6.047892138406626,0,Lower-Value Customers
16150,43,10,4002.17,2.3978952727983707,8.294841826239715,1,Higher-Value Customers
16152,269,1,1829.04,0.6931471805599453,7.512093103520083,0,Lower-Value Customers
16153,50,11,5133.49,2.4849066497880004,8.543735799027143,1,Higher-Value Customers
16155,382,5,796.9,1.791759469228055,6.681983276314235,0,Lower-Value Customers
16156,9,20,6188.18,3.044522437723423,8.730557885174893,1,Higher-Value Customers
16157,16,3,656.69,1.3862943611198906,6.488733695691184,1,Higher-Value Customers
16158,522,9,628.32,2.302585092994046,6.444639871372223,0,Lower-Value Customers
16159,282,4,1232.79,1.6094379124341003,7.1178460117013564,0,Lower-Value Customers
16160,65,2,1025.44,1.0986122886681098,6.933851783703411,0,Lower-Value Customers
16161,2,43,12580.06,3.784189633918261,9.439947787436015,1,Higher-Value Customers
16162,252,1,37.4,0.6931471805599453,3.648057459593681,0,Lower-Value Customers
16163,232,6,2407.98,1.9459101490553132,7.786958700380325,1,Higher-Value Customers
16164,17,3,822.48,1.3862943611198906,6.713539262741108,1,Higher-Value Customers
16165,505,1,79.9,0.6931471805599453,4.393213824064446,0,Lower-Value Customers
16166,428,2,435.83,1.0986122886681098,6.079544103390923,0,Lower-Value Customers
16167,414,5,1386.12,1.791759469228055,7.234984934236417,0,Lower-Value Customers
16168,11,66,10360.67,4.204692619390966,9.245868699733846,1,Higher-Value Customers
16169,8,4,1822.97,1.6094379124341003,7.5087707231305965,1,Higher-Value Customers
16170,51,20,6869.0,3.044522437723423,8.834919385216395,1,Higher-Value Customers
16171,59,1,73.2,0.6931471805599453,4.3067641501733345,0,Lower-Value Customers
16172,95,8,1884.55,2.1972245773362196,7.5419748345117545,1,Higher-Value Customers
16173,16,6,1418.32,1.9459101490553132,7.257933162659462,1,Higher-Value Customers
16174,126,7,2246.75,2.0794415416798357,7.717684994864882,1,Higher-Value Customers
16175,94,7,1836.44,2.0794415416798357,7.516128577492644,1,Higher-Value Customers
16176,421,4,2052.69,1.6094379124341003,7.627393454073833,0,Lower-Value Customers
16177,50,8,2247.31,2.1972245773362196,7.717934101862074,1,Higher-Value Customers
16178,138,2,612.6,1.0986122886681098,6.419343250053046,0,Lower-Value Customers
16179,61,1,215.83,0.6931471805599453,5.379113636376126,0,Lower-Value Customers
16180,100,13,16249.87,2.6390573296152584,9.69590172478629,1,Higher-Value Customers
16181,73,1,305.54,0.6931471805599453,5.725348252570762,0,Lower-Value Customers
16182,72,9,9971.65,2.302585092994046,9.207601625030192,1,Higher-Value Customers
16183,67,4,1077.81,1.6094379124341003,6.983613860781381,1,Higher-Value Customers
16184,64,6,1158.79,1.9459101490553132,7.055994233228931,1,Higher-Value Customers
16185,17,3,644.72,1.3862943611198906,6.470365973289328,1,Higher-Value Customers
16186,23,26,8718.43,3.295836866004329,9.073309147794035,1,Higher-Value Customers
16187,32,15,6911.44,2.772588722239781,8.841077965865253,1,Higher-Value Customers
16188,45,5,1087.66,1.791759469228055,6.992702861144837,1,Higher-Value Customers
16189,16,2,215.48,1.0986122886681098,5.3774981644224775,0,Lower-Value Customers
16190,40,8,2723.55,2.1972245773362196,7.910058555845948,1,Higher-Value Customers
16191,3,24,15677.82,3.2188758248682006,9.660066035970551,1,Higher-Value Customers
16192,736,1,351.3,0.6931471805599453,5.864483085347192,0,Lower-Value Customers
16193,237,2,630.43,1.0986122886681098,6.44798708845731,0,Lower-Value Customers
16194,375,1,308.6,0.6931471805599453,5.735281141715572,0,Lower-Value Customers
16195,723,1,323.25,0.6931471805599453,5.781514823196553,0,Lower-Value Customers
16196,489,1,93.3,0.6931471805599453,4.546481189639412,0,Lower-Value Customers
16197,469,9,2016.71,2.302585092994046,7.609718483946528,1,Higher-Value Customers
16198,75,2,1030.04,1.0986122886681098,6.938323280548555,0,Lower-Value Customers
16199,392,7,942.75,2.0794415416798357,6.8498613005632345,0,Lower-Value Customers
16200,4,12,5608.1,2.5649493574615367,8.632145557839339,1,Higher-Value Customers
16201,3,5,2112.12,1.791759469228055,7.6559208072954945,1,Higher-Value Customers
16202,361,9,2501.99,2.302585092994046,7.82524129621804,1,Higher-Value Customers
16203,59,6,943.84,1.9459101490553132,6.851015600989507,1,Higher-Value Customers
16204,23,3,918.71,1.3862943611198906,6.824058402960337,1,Higher-Value Customers
16205,31,7,1820.11,2.0794415416798357,7.5072014842733426,1,Higher-Value Customers
16206,55,13,2589.87,2.6390573296152584,7.859749005625252,1,Higher-Value Customers
16207,25,1,394.38,0.6931471805599453,5.979847327767791,0,Lower-Value Customers
16208,45,10,3440.45,2.3978952727983707,8.14364817318428,1,Higher-Value Customers
16209,89,9,4146.78,2.302585092994046,8.330328530334388,1,Higher-Value Customers
16210,2,35,33750.97,3.58351893845611,10.426794064967563,1,Higher-Value Customers
16211,89,3,1090.59,1.3862943611198906,6.995390627927437,1,Higher-Value Customers
16212,19,4,1293.71,1.6094379124341003,7.1660420108317915,1,Higher-Value Customers
16213,79,1,159.0,0.6931471805599453,5.075173815233827,0,Lower-Value Customers
16214,171,4,2038.25,1.6094379124341003,7.62033737218069,1,Higher-Value Customers
16215,81,1,242.35,0.6931471805599453,5.494500736279464,0,Lower-Value Customers
16216,267,1,914.93,0.6931471805599453,6.819939942540059,0,Lower-Value Customers
16217,235,2,304.25,1.0986122886681098,5.721131112990814,0,Lower-Value Customers
16218,30,13,3968.67,2.6390573296152584,8.2864382468006,1,Higher-Value Customers
16219,501,1,40.8,0.6931471805599453,3.7328963395307104,0,Lower-Value Customers
16221,37,9,2019.92,2.302585092994046,7.611308132255964,1,Higher-Value Customers
16222,318,2,1272.05,1.0986122886681098,7.1491708750837955,0,Lower-Value Customers
16223,375,2,1087.05,1.0986122886681098,6.992142382242301,0,Lower-Value Customers
16224,57,5,1616.54,1.791759469228055,7.388661755590151,1,Higher-Value Customers
16225,45,15,2859.31,2.772588722239781,7.9586852895483435,1,Higher-Value Customers
16226,203,5,672.17,1.791759469228055,6.511997898043821,0,Lower-Value Customers
16227,225,3,1027.22,1.3862943611198906,6.935584430900813,0,Lower-Value Customers
16228,385,3,885.71,1.3862943611198906,6.78751798409388,0,Lower-Value Customers
16229,87,6,2867.86,1.9459101490553132,7.961670017300314,1,Higher-Value Customers
16230,190,2,542.03,1.0986122886681098,6.297164567026571,0,Lower-Value Customers
16231,379,4,1074.47,1.6094379124341003,6.98051305431595,0,Lower-Value Customers
16232,44,7,2712.97,2.0794415416798357,7.906167786538584,1,Higher-Value Customers
16233,71,9,1818.31,2.302585092994046,7.50621258730723,1,Higher-Value Customers
16234,476,3,333.18,1.3862943611198906,5.8116797699659974,0,Lower-Value Customers
16235,41,9,2053.71,2.302585092994046,7.627889997750669,1,Higher-Value Customers
16236,78,1,432.2,0.6931471805599453,6.071199515126835,0,Lower-Value Customers
16237,437,1,136.65,0.6931471805599453,4.9247142315886165,0,Lower-Value Customers
16238,423,1,63.66,0.6931471805599453,4.169142772297287,0,Lower-Value Customers
16239,57,6,1492.2,1.9459101490553132,7.308676747040429,1,Higher-Value Customers
16240,24,2,3718.8,1.0986122886681098,8.221425182381026,1,Higher-Value Customers
16241,10,16,3992.86,2.833213344056216,8.292513460782537,1,Higher-Value Customers
16242,8,14,7404.65,2.70805020110221,8.909998501377611,1,Higher-Value Customers
16243,34,2,409.1,1.0986122886681098,6.016401032398013,0,Lower-Value Customers
16244,212,2,1522.75,1.0986122886681098,7.328929680795481,0,Lower-Value Customers
16245,24,3,1413.66,1.3862943611198906,7.254644498519316,1,Higher-Value Customers
16246,460,2,821.35,1.0986122886681098,6.712166095187278,0,Lower-Value Customers
16247,170,1,114.56,0.6931471805599453,4.749789875598035,0,Lower-Value Customers
16248,62,1,152.94,0.6931471805599453,5.036562916106171,0,Lower-Value Customers
16249,53,5,1800.07,1.791759469228055,7.496136211716589,1,Higher-Value Customers
16250,261,3,565.24,1.3862943611198906,6.339018016597153,0,Lower-Value Customers
16251,512,1,128.31,0.6931471805599453,4.86221262230776,0,Lower-Value Customers
16252,383,1,295.09,0.6931471805599453,5.690663462163048,0,Lower-Value Customers
16253,67,7,7272.2,2.0794415416798357,8.89195163874524,1,Higher-Value Customers
16254,378,3,967.44,1.3862943611198906,6.875686529456631,0,Lower-Value Customers
16255,17,15,4530.0,2.772588722239781,8.418697944667139,1,Higher-Value Customers
16256,267,3,1629.37,1.3862943611198906,7.396562261906629,0,Lower-Value Customers
16257,177,1,46.95,0.6931471805599453,3.8701588013294472,0,Lower-Value Customers
16258,45,15,11942.52,2.772588722239781,9.387944150869624,1,Higher-Value Customers
16259,410,3,340.94,1.3862943611198906,5.834635283074963,0,Lower-Value Customers
16260,51,1,1035.45,0.6931471805599453,6.9435566914455205,0,Lower-Value Customers
16261,17,6,1041.16,1.9459101490553132,6.949050761389309,1,Higher-Value Customers
16262,378,1,755.15,0.6931471805599453,6.62823976919675,0,Lower-Value Customers
16263,423,1,348.16,0.6931471805599453,5.855530269867149,0,Lower-Value Customers
16264,438,2,823.53,1.0986122886681098,6.714813527026006,0,Lower-Value Customers
16265,9,12,6935.17,2.5649493574615367,8.844505027963939,1,Higher-Value Customers
16266,74,14,1757.95,2.70805020110221,7.472472319091938,1,Higher-Value Customers
16267,591,1,186.66,0.6931471805599453,5.2346318148619035,0,Lower-Value Customers
16268,71,2,667.65,1.0986122886681098,6.5052607543188055,0,Lower-Value Customers
16269,438,1,717.57,0.6931471805599453,6.577263125964925,0,Lower-Value Customers
16270,353,1,1141.24,0.6931471805599453,7.040746525754151,0,Lower-Value Customers
16271,3,10,3397.82,2.3978952727983707,8.131183591541872,1,Higher-Value Customers
16272,117,1,411.7,0.6931471805599453,6.022720936758536,0,Lower-Value Customers
16273,648,2,318.34,1.0986122886681098,5.7662563659115555,0,Lower-Value Customers
16274,373,1,351.75,0.6931471805599453,5.865759590732924,0,Lower-Value Customers
16275,197,3,2151.11,1.3862943611198906,7.674204035216971,1,Higher-Value Customers
16276,177,3,2629.39,1.3862943611198906,7.8748874031514715,1,Higher-Value Customers
16277,734,1,188.69,0.6931471805599453,5.245391160738632,0,Lower-Value Customers
16278,100,3,1117.84,1.3862943611198906,7.020047713280759,1,Higher-Value Customers
16279,21,9,5698.28,2.302585092994046,8.648095130054656,1,Higher-Value Customers
16280,725,1,238.05,0.6931471805599453,5.476672735072112,0,Lower-Value Customers
16281,72,3,3424.02,1.3862943611198906,8.138862590095334,1,Higher-Value Customers
16282,340,3,1307.58,1.3862943611198906,7.17669785880975,0,Lower-Value Customers
16283,6,8,4350.32,2.1972245773362196,8.378234526327475,1,Higher-Value Customers
16284,31,3,1018.48,1.3862943611198906,6.927047972362546,1,Higher-Value Customers
16285,646,1,176.9,0.6931471805599453,5.18122159467179,0,Lower-Value Customers
16286,477,2,328.95,1.0986122886681098,5.798941127829431,0,Lower-Value Customers
16287,170,5,1006.98,1.791759469228055,6.915703607164632,1,Higher-Value Customers
16288,470,1,129.85,0.6931471805599453,4.874051628976154,0,Lower-Value Customers
16289,462,1,136.31,0.6931471805599453,4.92224114333366,0,Lower-Value Customers
16290,465,4,1957.7,1.6094379124341003,7.580036266860698,0,Lower-Value Customers
16291,682,1,117.72,0.6931471805599453,4.77676777941907,0,Lower-Value Customers
16292,122,5,1253.76,1.791759469228055,7.134699598218368,1,Higher-Value Customers
16293,22,15,4279.2,2.772588722239781,8.36175501645604,1,Higher-Value Customers
16294,477,1,126.05,0.6931471805599453,4.8445807097661735,0,Lower-Value Customers
16295,10,4,1328.55,1.6094379124341003,7.192595818099261,1,Higher-Value Customers
16296,626,4,1313.67,1.6094379124341003,7.181340962548159,0,Lower-Value Customers
16297,269,1,301.9,0.6931471805599453,5.713402718033191,0,Lower-Value Customers
16298,23,7,1085.7,2.0794415416798357,6.990900860068806,1,Higher-Value Customers
16299,477,1,193.65,0.6931471805599453,5.271203074056465,0,Lower-Value Customers
16300,430,3,1367.32,1.3862943611198906,7.221338988956571,0,Lower-Value Customers
16301,737,1,107.33,0.6931471805599453,4.6851821239574765,0,Lower-Value Customers
16302,127,1,233.22,0.6931471805599453,5.4562608446139915,0,Lower-Value Customers
16303,26,7,7928.27,2.0794415416798357,8.97831625490603,1,Higher-Value Customers
16304,695,1,381.66,0.6931471805599453,5.9471468664568565,0,Lower-Value Customers
16305,139,1,361.22,0.6931471805599453,5.8922517620363895,0,Lower-Value Customers
16306,214,7,1124.72,2.0794415416798357,7.02617810992586,1,Higher-Value Customers
16307,429,3,1194.92,1.3862943611198906,7.0866710426412585,0,Lower-Value Customers
16308,38,7,5120.0,2.0794415416798357,8.54110501146255,1,Higher-Value Customers
16309,106,2,706.57,1.0986122886681098,6.56183656455249,0,Lower-Value Customers
16310,414,2,460.08,1.0986122886681098,6.133571563732811,0,Lower-Value Customers
16311,18,2,616.26,1.0986122886681098,6.425290328985104,0,Lower-Value Customers
16312,432,1,171.15,0.6931471805599453,5.148366189784533,0,Lower-Value Customers
16313,3,2,274.15,1.0986122886681098,5.617316403505768,0,Lower-Value Customers
16314,390,3,1491.4,1.3862943611198906,7.308140841347003,0,Lower-Value Customers
16315,331,2,402.71,1.0986122886681098,6.00069679842156,0,Lower-Value Customers
16316,64,13,5744.91,2.6390573296152584,8.656243576346606,1,Higher-Value Customers
16317,120,5,2192.51,1.791759469228055,7.693258279519971,1,Higher-Value Customers
16318,35,1,328.15,0.6931471805599453,5.796513573913885,0,Lower-Value Customers
16319,218,1,404.4,0.6931471805599453,6.004874234017899,0,Lower-Value Customers
16320,172,6,5628.99,1.9459101490553132,8.635862944933224,1,Higher-Value Customers
16321,72,7,604.55,2.0794415416798357,6.406137135967059,1,Higher-Value Customers
16322,1,2,326.75,1.0986122886681098,5.792251122643809,0,Lower-Value Customers
16323,196,2,353.66,1.0986122886681098,5.871159584064333,0,Lower-Value Customers
16324,128,3,408.59,1.3862943611198906,6.01515665936477,0,Lower-Value Customers
16325,47,12,3597.5,2.5649493574615367,8.188272370947859,1,Higher-Value Customers
16326,6,24,4721.25,3.2188758248682006,8.460040659911929,1,Higher-Value Customers
16327,14,16,10159.64,2.833213344056216,9.226276711274537,1,Higher-Value Customers
16328,563,1,310.83,0.6931471805599453,5.742458167518031,0,Lower-Value Customers
16329,428,4,1664.92,1.6094379124341003,7.418132802366146,0,Lower-Value Customers
16330,18,7,625.38,2.0794415416798357,6.439957215686664,1,Higher-Value Customers
16331,432,6,2037.7,1.9459101490553132,7.620067628803093,1,Higher-Value Customers
16332,28,11,2000.01,2.4849066497880004,7.601407332072496,1,Higher-Value Customers
16333,8,22,26626.8,3.1354942159291497,10.189711061801596,1,Higher-Value Customers
16334,492,1,263.73,0.6931471805599453,5.578710438662941,0,Lower-Value Customers
16335,552,7,2753.52,2.0794415416798357,7.9209984777323,0,Lower-Value Customers
16336,421,4,3517.69,1.6094379124341003,8.165844040232853,1,Higher-Value Customers
16337,37,1,151.05,0.6931471805599453,5.024209414123374,0,Lower-Value Customers
16338,157,1,214.8,0.6931471805599453,5.374352052824034,0,Lower-Value Customers
16339,284,1,94.05,0.6931471805599453,4.554403068934438,0,Lower-Value Customers
16340,107,3,1496.24,1.3862943611198906,7.311378692210931,1,Higher-Value Customers
16341,25,7,3850.79,2.0794415416798357,8.256293254297947,1,Higher-Value Customers
16342,75,4,322.41,1.6094379124341003,5.778920868124441,0,Lower-Value Customers
16343,16,3,614.12,1.3862943611198906,6.421817370723925,1,Higher-Value Customers
16344,158,4,842.42,1.6094379124341003,6.73746505457173,1,Higher-Value Customers
16345,44,2,1178.79,1.0986122886681098,7.07309173552017,1,Higher-Value Customers
16346,385,1,224.51,0.6931471805599453,5.418364503857487,0,Lower-Value Customers
16347,11,11,3442.96,2.4849066497880004,8.144377251078316,1,Higher-Value Customers
16348,32,8,1744.42,2.1972245773362196,7.464750493354978,1,Higher-Value Customers
16349,291,1,53.5,0.6931471805599453,3.9982007016691985,0,Lower-Value Customers
16350,21,9,2253.89,2.302585092994046,7.720856470259167,1,Higher-Value Customers
16351,333,13,3330.03,2.6390573296152584,8.111036844457537,1,Higher-Value Customers
16352,18,2,494.44,1.0986122886681098,6.205446256629806,0,Lower-Value Customers
16353,4,38,9795.46,3.6635616461296463,9.189776374911586,1,Higher-Value Customers
16354,63,5,1119.46,1.791759469228055,7.021494594254829,1,Higher-Value Customers
16355,375,1,416.35,0.6931471805599453,6.033925198296746,0,Lower-Value Customers
16356,198,6,415.87,1.9459101490553132,6.032774422594961,0,Lower-Value Customers
16357,33,4,868.37,1.6094379124341003,6.767768811403081,1,Higher-Value Customers
16358,1,5,2919.65,1.791759469228055,7.97956147322974,1,Higher-Value Customers
16359,7,16,2697.75,2.833213344056216,7.900543981829017,1,Higher-Value Customers
16360,5,6,3450.41,1.9459101490553132,8.146538122184259,1,Higher-Value Customers
16361,10,4,891.21,1.6094379124341003,6.793701530880624,1,Higher-Value Customers
16362,32,6,922.16,1.9459101490553132,6.827802567258844,1,Higher-Value Customers
16363,53,1,109.36,0.6931471805599453,4.703747749349085,0,Lower-Value Customers
16364,12,2,705.79,1.0986122886681098,6.560733592071543,0,Lower-Value Customers
16365,18,15,3167.34,2.772588722239781,8.060963070407913,1,Higher-Value Customers
16366,19,4,1548.13,1.6094379124341003,7.3454487620083295,1,Higher-Value Customers
16367,37,3,1350.48,1.3862943611198906,7.208955567234827,1,Higher-Value Customers
16368,2,3,621.44,1.3862943611198906,6.433647238151309,1,Higher-Value Customers
16369,18,7,2656.56,2.0794415416798357,7.885163687571769,1,Higher-Value Customers
16370,82,4,1301.91,1.6094379124341003,7.172355503365555,1,Higher-Value Customers
16371,449,1,157.2,0.6931471805599453,5.063860055333554,0,Lower-Value Customers
16372,33,5,1290.31,1.791759469228055,7.163412485956439,1,Higher-Value Customers
16373,382,2,309.49,1.0986122886681098,5.738151694735743,0,Lower-Value Customers
16374,66,5,1723.4,1.791759469228055,7.45263444287298,1,Higher-Value Customers
16375,470,2,104.0,1.0986122886681098,4.653960350157523,0,Lower-Value Customers
16376,9,2,974.96,1.0986122886681098,6.883421601966684,1,Higher-Value Customers
16377,267,2,1308.48,1.0986122886681098,7.17738539082617,0,Lower-Value Customers
16378,247,3,362.95,1.3862943611198906,5.897016495564267,0,Lower-Value Customers
16379,4,4,2157.4,1.6094379124341003,7.677122485453491,1,Higher-Value Customers
16380,61,1,1743.15,0.6931471805599453,7.46402260994466,0,Lower-Value Customers
16381,396,2,247.85,1.0986122886681098,5.516850305304563,0,Lower-Value Customers
16382,408,2,353.1,1.0986122886681098,5.869579359117858,0,Lower-Value Customers
16383,75,7,2896.69,2.0794415416798357,7.971669146834533,1,Higher-Value Customers
16384,90,4,1358.95,1.6094379124341003,7.215203213348377,1,Higher-Value Customers
16385,60,5,881.35,1.791759469228055,6.782588802689242,1,Higher-Value Customers
16386,29,3,1068.16,1.3862943611198906,6.974628572416427,1,Higher-Value Customers
16387,323,5,882.46,1.791759469228055,6.783846016258317,0,Lower-Value Customers
16388,654,1,186.05,0.6931471805599453,5.231375960794155,0,Lower-Value Customers
16389,53,4,1382.07,1.6094379124341003,7.2320609449898114,1,Higher-Value Customers
16390,537,3,467.5,1.3862943611198906,6.149536101678477,0,Lower-Value Customers
16391,401,4,1052.26,1.6094379124341003,6.959645395236081,0,Lower-Value Customers
16392,270,3,756.7,1.3862943611198906,6.630287528937328,0,Lower-Value Customers
16393,2,23,5297.77,3.1780538303479458,8.575229997134835,1,Higher-Value Customers
16394,57,5,1555.34,1.791759469228055,7.350092189866152,1,Higher-Value Customers
16395,61,14,3518.41,2.70805020110221,8.166048640907043,1,Higher-Value Customers
16396,476,1,137.8,0.6931471805599453,4.933034048072704,0,Lower-Value Customers
16397,628,1,123.13,0.6931471805599453,4.821329403527856,0,Lower-Value Customers
16398,154,2,1705.8,1.0986122886681098,7.4423755513138445,0,Lower-Value Customers
16399,19,3,630.22,1.3862943611198906,6.447654454707758,1,Higher-Value Customers
16400,95,9,3059.85,2.302585092994046,8.0264479341511,1,Higher-Value Customers
16401,1,23,6849.15,3.1780538303479458,8.832025828826737,1,Higher-Value Customers
16402,265,2,293.45,1.0986122886681098,5.685109209390579,0,Lower-Value Customers
16403,312,1,177.5,0.6931471805599453,5.184588601219693,0,Lower-Value Customers
16404,70,1,443.05,0.6931471805599453,6.095937168704513,0,Lower-Value Customers
16405,302,2,167.25,1.0986122886681098,5.125450968524837,0,Lower-Value Customers
16406,19,3,528.36,1.3862943611198906,6.271668729703804,0,Lower-Value Customers
16407,13,14,2761.65,2.70805020110221,7.923945642994425,1,Higher-Value Customers
16408,591,1,231.93,0.6931471805599453,5.450737979243263,0,Lower-Value Customers
16409,36,12,5652.74,2.5649493574615367,8.640072552052924,1,Higher-Value Customers
16410,734,1,130.32,0.6931471805599453,4.877637092633392,0,Lower-Value Customers
16411,19,4,756.39,1.6094379124341003,6.629878312317422,1,Higher-Value Customers
16412,54,5,593.19,1.791759469228055,6.387199133536505,1,Higher-Value Customers
16413,57,2,522.03,1.0986122886681098,6.259638823796495,0,Lower-Value Customers
16414,22,5,551.21,1.791759469228055,6.313928408712741,1,Higher-Value Customers
16415,44,3,696.76,1.3862943611198906,6.547875204094456,1,Higher-Value Customers
16416,27,9,2957.88,2.302585092994046,7.992566097336566,1,Higher-Value Customers
16417,493,1,35.7,0.6931471805599453,3.6027767550605247,0,Lower-Value Customers
16418,45,5,1028.74,1.791759469228055,6.937061622174111,1,Higher-Value Customers
16419,113,8,1463.7,2.1972245773362196,7.289405722324261,1,Higher-Value Customers
16420,396,1,75.0,0.6931471805599453,4.330733340286331,0,Lower-Value Customers
16421,376,3,526.27,1.3862943611198906,6.26771275130897,0,Lower-Value Customers
16422,17,109,61920.87,4.700480365792417,11.033628708065988,1,Higher-Value Customers
16423,25,1,346.12,0.6931471805599453,5.849670541490095,0,Lower-Value Customers
16424,191,2,443.06,1.0986122886681098,6.09595968843743,0,Lower-Value Customers
16425,302,1,302.7,0.6931471805599453,5.716040372051703,0,Lower-Value Customers
16426,2,10,1863.76,2.3978952727983707,7.530887637470042,1,Higher-Value Customers
16427,263,2,241.06,1.0986122886681098,5.489185629310458,0,Lower-Value Customers
16428,414,3,638.49,1.3862943611198906,6.4606709836800595,0,Lower-Value Customers
16429,106,1,284.55,0.6931471805599453,5.654417145110872,0,Lower-Value Customers
16430,57,7,1117.94,2.0794415416798357,7.02013708757141,1,Higher-Value Customers
16431,213,3,623.28,1.3862943611198906,6.436598985674353,0,Lower-Value Customers
16432,64,1,287.4,0.6931471805599453,5.664348405410794,0,Lower-Value Customers
16433,28,2,384.52,1.0986122886681098,5.954593072332077,0,Lower-Value Customers
16434,29,12,2673.69,2.5649493574615367,7.891588764764124,1,Higher-Value Customers
16435,512,3,1003.07,1.3862943611198906,6.911817018936809,0,Lower-Value Customers
16436,668,3,319.14,1.3862943611198906,5.768758400118552,0,Lower-Value Customers
16437,381,2,301.25,1.0986122886681098,5.711254489494902,0,Lower-Value Customers
16438,6,5,798.35,1.791759469228055,6.683798897410901,1,Higher-Value Customers
16439,722,1,310.7,0.6931471805599453,5.7420411867732915,0,Lower-Value Customers
16440,8,6,3856.97,1.9459101490553132,8.257896417385673,1,Higher-Value Customers
16441,67,5,1019.13,1.791759469228055,6.927685349137523,1,Higher-Value Customers
16442,2,5,891.98,1.791759469228055,6.794564184209122,1,Higher-Value Customers
16443,521,1,162.24,0.6931471805599453,5.095221510537605,0,Lower-Value Customers
16444,46,17,3625.88,2.8903717578961645,8.1961280535412,1,Higher-Value Customers
16445,34,4,583.16,1.6094379124341003,6.370174917907327,1,Higher-Value Customers
16446,1,2,168472.5,1.0986122886681098,12.034533746376653,1,Higher-Value Customers
16447,136,3,727.1,1.3862943611198906,6.590438401400665,0,Lower-Value Customers
16448,198,2,361.12,1.0986122886681098,5.891975648607239,0,Lower-Value Customers
16449,198,2,707.69,1.0986122886681098,6.563418195373777,0,Lower-Value Customers
16450,150,3,1505.73,1.3862943611198906,7.317697018672935,1,Higher-Value Customers
16451,88,3,1013.15,1.3862943611198906,6.921806102204797,1,Higher-Value Customers
16452,631,2,332.17,1.0986122886681098,5.808652870224797,0,Lower-Value Customers
16453,531,2,251.71,1.0986122886681098,5.532242586226923,0,Lower-Value Customers
16454,45,4,30.95,1.6094379124341003,3.4641721808235437,0,Lower-Value Customers
16455,64,11,3995.57,2.4849066497880004,8.293191772238593,1,Higher-Value Customers
16456,99,13,6000.94,2.6390573296152584,8.699838029282567,1,Higher-Value Customers
16457,218,1,208.36,0.6931471805599453,5.34405525822189,0,Lower-Value Customers
16458,3,30,5690.89,3.4339872044851463,8.646797633654067,1,Higher-Value Customers
16459,730,1,71.79,0.6931471805599453,4.287578583130166,0,Lower-Value Customers
16460,28,3,811.23,1.3862943611198906,6.699783551285148,1,Higher-Value Customers
16461,178,3,1545.83,1.3862943611198906,7.343962954424815,1,Higher-Value Customers
16462,74,3,136.0,1.3862943611198906,4.919980925828125,0,Lower-Value Customers
16463,21,4,1422.4,1.6094379124341003,7.260803654865171,1,Higher-Value Customers
16464,20,3,1298.66,1.3862943611198906,7.169857970780942,1,Higher-Value Customers
16465,421,2,746.24,1.0986122886681098,6.616386418672361,0,Lower-Value Customers
16466,34,15,3767.09,2.772588722239781,8.234323520761322,1,Higher-Value Customers
16467,509,7,2869.16,2.0794415416798357,7.962123056328662,1,Higher-Value Customers
16468,74,3,787.52,1.3862943611198906,6.670157770697776,1,Higher-Value Customers
16469,24,5,803.9,1.791759469228055,6.690718046099688,1,Higher-Value Customers
16470,52,11,2416.85,2.4849066497880004,7.79063399451105,1,Higher-Value Customers
16471,275,4,1189.98,1.6094379124341003,7.0825317766030516,0,Lower-Value Customers
16472,434,2,789.6,1.0986122886681098,6.672792150862585,0,Lower-Value Customers
16473,165,4,470.83,1.6094379124341003,6.156618751217421,0,Lower-Value Customers
16474,7,7,1810.65,2.0794415416798357,7.5019933112128685,1,Higher-Value Customers
16475,88,4,544.3,1.6094379124341003,6.301336101932016,0,Lower-Value Customers
16476,432,1,350.35,0.6931471805599453,5.861782877638206,0,Lower-Value Customers
16477,64,11,4094.37,2.4849066497880004,8.317612346295839,1,Higher-Value Customers
16478,25,3,331.0,1.3862943611198906,5.805134968916488,0,Lower-Value Customers
16479,10,2,300.83,1.0986122886681098,5.709863944972069,0,Lower-Value Customers
16480,76,1,769.29,0.6931471805599453,6.646767067319571,0,Lower-Value Customers
16481,682,1,453.38,0.6931471805599453,6.118933852353786,0,Lower-Value Customers
16482,16,1,220.62,0.6931471805599453,5.400964203508179,0,Lower-Value Customers
16483,192,1,139.35,0.6931471805599453,4.9441393028078915,0,Lower-Value Customers
16484,174,2,404.3,1.0986122886681098,6.004627533634263,0,Lower-Value Customers
16485,77,5,2287.19,1.791759469228055,7.735516391009938,1,Higher-Value Customers
16486,538,1,134.36,0.6931471805599453,4.907937895857914,0,Lower-Value Customers
16487,577,2,209.4,1.0986122886681098,5.349010480863555,0,Lower-Value Customers
16488,33,3,498.8,1.3862943611198906,6.214208018400852,0,Lower-Value Customers
16489,380,2,303.7,1.0986122886681098,5.719327685991663,0,Lower-Value Customers
16490,436,1,205.41,0.6931471805599453,5.329864482046166,0,Lower-Value Customers
16491,47,2,1533.16,1.0986122886681098,7.33573827896526,1,Higher-Value Customers
16492,541,1,385.56,0.6931471805599453,5.957287095306396,0,Lower-Value Customers
16493,80,7,2132.09,2.0794415416798357,7.665326911674032,1,Higher-Value Customers
16494,297,1,826.53,0.6931471805599453,6.7184453603705006,0,Lower-Value Customers
16495,3,3,648.26,1.3862943611198906,6.475833252811612,1,Higher-Value Customers
16496,9,6,2330.77,1.9459101490553132,7.754382914819036,1,Higher-Value Customers
16497,50,23,6695.28,3.1780538303479458,8.809307427304605,1,Higher-Value Customers
16498,161,2,100.97,1.0986122886681098,4.624678652376135,0,Lower-Value Customers
16499,360,8,2578.34,2.1972245773362196,7.855288831236204,1,Higher-Value Customers
16500,5,9,843.91,2.302585092994046,6.739230112808961,1,Higher-Value Customers
16501,383,1,1191.23,0.6931471805599453,7.0835807820323895,0,Lower-Value Customers
16502,620,2,258.55,1.0986122886681098,5.558949362273238,0,Lower-Value Customers
16503,107,11,3614.34,2.4849066497880004,8.192941182728983,1,Higher-Value Customers
16504,25,1,465.88,0.6931471805599453,6.14607226533442,0,Lower-Value Customers
16505,32,1,777.6,0.6931471805599453,6.657497435176356,0,Lower-Value Customers
16506,20,2,90.3,1.0986122886681098,4.514150787600923,0,Lower-Value Customers
16507,572,1,142.71,0.6931471805599453,4.9677973800861555,0,Lower-Value Customers
16508,630,1,240.95,0.6931471805599453,5.488731093239328,0,Lower-Value Customers
16509,297,1,363.7,0.6931471805599453,5.8990750978146345,0,Lower-Value Customers
16510,372,6,1777.5,1.9459101490553132,7.48352559138851,1,Higher-Value Customers
16511,22,6,1760.49,1.9459101490553132,7.4739153207853315,1,Higher-Value Customers
16513,5,4,874.59,1.6094379124341003,6.774897944843427,1,Higher-Value Customers
16515,52,10,3179.06,2.3978952727983707,8.064655343520753,1,Higher-Value Customers
16516,30,1,101.7,0.6931471805599453,4.631812116934513,0,Lower-Value Customers
16517,277,1,162.7,0.6931471805599453,5.098035484377089,0,Lower-Value Customers
16518,61,4,959.37,1.6094379124341003,6.867318626874623,1,Higher-Value Customers
16519,25,4,439.06,1.6094379124341003,6.086911081251995,1,Higher-Value Customers
16520,186,6,2148.38,1.9459101490553132,7.672934707441458,1,Higher-Value Customers
16521,415,3,1140.11,1.3862943611198906,7.039756751876076,0,Lower-Value Customers
16522,436,2,433.36,1.0986122886681098,6.0738736833487,0,Lower-Value Customers
16523,2,28,11916.33,3.367295829986474,9.385748922240507,1,Higher-Value Customers
16524,446,2,306.19,1.0986122886681098,5.727466448660353,0,Lower-Value Customers
16525,2,48,24151.3,3.8918202981106265,10.092134892641097,1,Higher-Value Customers
16526,172,2,717.21,1.0986122886681098,6.576762005393183,0,Lower-Value Customers
16527,81,2,1232.94,1.0986122886681098,7.117967580916939,0,Lower-Value Customers
16528,4,1,244.41,0.6931471805599453,5.502930281242811,0,Lower-Value Customers
16529,190,4,1986.8,1.6094379124341003,7.594783778533905,1,Higher-Value Customers
16530,668,1,48.35,0.6931471805599453,3.8989377658794906,0,Lower-Value Customers
16531,22,11,2298.33,2.4849066497880004,7.7403730551320615,1,Higher-Value Customers
16532,18,5,8756.64,1.791759469228055,9.07768174124132,1,Higher-Value Customers
16533,19,3,1082.81,1.3862943611198906,6.988237889884059,1,Higher-Value Customers
16534,642,1,635.9,0.6931471805599453,6.45661265737732,0,Lower-Value Customers
16535,5,3,972.04,1.3862943611198906,6.880425191310181,1,Higher-Value Customers
16536,110,1,548.12,0.6931471805599453,6.308316996859543,0,Lower-Value Customers
16537,641,1,23.35,0.6931471805599453,3.192531849528599,0,Lower-Value Customers
16538,541,3,395.07,1.3862943611198906,5.981590963309683,0,Lower-Value Customers
16539,3,10,3289.66,2.3978952727983707,8.098843431543079,1,Higher-Value Customers
16540,414,1,205.75,0.6931471805599453,5.3315103339038,0,Lower-Value Customers
16541,735,1,424.03,0.6931471805599453,6.052159754668478,0,Lower-Value Customers
16542,54,2,257.32,1.0986122886681098,5.55419912645002,0,Lower-Value Customers
16543,592,1,292.21,0.6931471805599453,5.680889075842892,0,Lower-Value Customers
16544,520,4,376.7,1.6094379124341003,5.934100229718411,0,Lower-Value Customers
16545,165,2,689.82,1.0986122886681098,6.5378792977932045,0,Lower-Value Customers
16546,291,5,5307.07,1.791759469228055,8.576983583006438,1,Higher-Value Customers
16547,546,1,104.26,0.6931471805599453,4.656433479925633,0,Lower-Value Customers
16548,599,1,30.15,0.6931471805599453,3.4388142452334622,0,Lower-Value Customers
16549,10,34,12781.8,3.5553480614894135,9.455855796266075,1,Higher-Value Customers
16550,109,18,8813.58,2.9444389791664403,9.084162447639006,1,Higher-Value Customers
16551,96,7,2237.12,2.0794415416798357,7.713391506737356,1,Higher-Value Customers
16552,243,2,379.73,1.0986122886681098,5.9420904624901825,0,Lower-Value Customers
16553,163,33,16584.01,3.5263605246161616,9.716254554335448,1,Higher-Value Customers
16554,42,8,2841.72,2.1972245773362196,7.952516619287596,1,Higher-Value Customers
16555,35,6,1915.68,1.9459101490553132,7.558349801620829,1,Higher-Value Customers
16556,67,17,8012.58,2.8903717578961645,8.988892881537227,1,Higher-Value Customers
16557,24,2,281.85,1.0986122886681098,5.644916721789165,0,Lower-Value Customers
16558,1,38,13304.11,3.6635616461296463,9.495903450946196,1,Higher-Value Customers
16559,397,1,175.0,0.6931471805599453,5.170483995038151,0,Lower-Value Customers
16560,27,8,3048.38,2.1972245773362196,8.02269357024902,1,Higher-Value Customers
16561,6,2,511.12,1.0986122886681098,6.238558972577978,0,Lower-Value Customers
16562,477,1,223.86,0.6931471805599453,5.415477986321614,0,Lower-Value Customers
16563,54,6,4412.56,1.9459101490553132,8.392436899020652,1,Higher-Value Customers
16564,569,1,87.8,0.6931471805599453,4.486386649998124,0,Lower-Value Customers
16565,364,4,773.05,1.6094379124341003,6.651636470986475,0,Lower-Value Customers
16566,15,5,614.66,1.791759469228055,6.422694863102173,1,Higher-Value Customers
16567,194,2,865.6,1.0986122886681098,6.764577509305809,0,Lower-Value Customers
16568,428,2,1020.9,1.0986122886681098,6.929418918618163,0,Lower-Value Customers
16569,3,5,1455.23,1.791759469228055,7.28360618331412,1,Higher-Value Customers
16570,15,20,7434.31,3.044522437723423,8.913995552712347,1,Higher-Value Customers
16571,27,10,4248.74,2.3978952727983707,8.354613083576517,1,Higher-Value Customers
16572,127,3,1009.6,1.3862943611198906,6.918299492857808,0,Lower-Value Customers
16573,85,2,663.61,1.0986122886681098,6.499200402451892,0,Lower-Value Customers
16574,71,3,1301.78,1.3862943611198906,7.172255721733736,1,Higher-Value Customers
16576,420,2,540.87,1.0986122886681098,6.2950261202719355,0,Lower-Value Customers
16577,667,1,380.0,0.6931471805599453,5.942799375126701,0,Lower-Value Customers
16578,626,1,156.6,0.6931471805599453,5.060060177423779,0,Lower-Value Customers
16579,426,1,295.05,0.6931471805599453,5.690528358977785,0,Lower-Value Customers
16581,183,1,105.84,0.6931471805599453,4.67133238824176,0,Lower-Value Customers
16582,113,1,313.62,0.6931471805599453,5.751365561394358,0,Lower-Value Customers
16583,374,2,297.95,1.0986122886681098,5.7002763353269135,0,Lower-Value Customers
16584,80,5,3156.17,1.791759469228055,8.057431335698642,1,Higher-Value Customers
16585,594,2,341.59,1.0986122886681098,5.83653439690594,0,Lower-Value Customers
16586,249,3,1462.78,1.3862943611198906,7.288777410005061,0,Lower-Value Customers
16587,232,1,225.15,0.6931471805599453,5.421198495923853,0,Lower-Value Customers
16588,386,4,1361.28,1.6094379124341003,7.216915045610148,0,Lower-Value Customers
16589,71,4,612.36,1.6094379124341003,6.418952039250639,1,Higher-Value Customers
16590,401,2,605.9,1.0986122886681098,6.408364032841809,0,Lower-Value Customers
16591,69,1,213.5,0.6931471805599453,5.368309738368072,0,Lower-Value Customers
16592,4,28,7807.91,3.367295829986474,8.963020668432987,1,Higher-Value Customers
16593,51,8,1071.14,2.1972245773362196,6.977411930118625,1,Higher-Value Customers
16594,75,1,181.09,0.6931471805599453,5.204501070343752,0,Lower-Value Customers
16595,61,5,1757.75,1.791759469228055,7.472358608428599,1,Higher-Value Customers
16596,16,4,458.98,1.6094379124341003,6.131183010277065,1,Higher-Value Customers
16597,4,1,90.04,0.6931471805599453,4.511298970378021,0,Lower-Value Customers
16598,286,1,145.05,0.6931471805599453,4.9839490288337505,0,Lower-Value Customers
16599,386,1,172.8,0.6931471805599453,5.157905212831292,0,Lower-Value Customers
16600,4,13,2153.41,2.6390573296152584,7.675272183150189,1,Higher-Value Customers
16601,41,3,677.0,1.3862943611198906,6.519147287940395,1,Higher-Value Customers
16602,36,2,763.33,1.0986122886681098,6.638999633081288,0,Lower-Value Customers
16603,75,2,482.47,1.0986122886681098,6.180989265398516,0,Lower-Value Customers
16604,563,2,432.45,1.0986122886681098,6.071776449314649,0,Lower-Value Customers
16605,724,1,60.48,0.6931471805599453,4.118711918670395,0,Lower-Value Customers
16606,404,2,357.66,1.0986122886681098,5.882374864520278,0,Lower-Value Customers
16607,18,25,5706.87,3.258096538021482,8.649601203284814,1,Higher-Value Customers
16608,454,2,1286.62,1.0986122886681098,7.160550832078174,0,Lower-Value Customers
16609,15,7,5493.46,2.0794415416798357,8.611495590853199,1,Higher-Value Customers
16610,219,1,75.66,0.6931471805599453,4.339380059952409,0,Lower-Value Customers
16611,186,6,1785.13,1.9459101490553132,7.487806547141364,1,Higher-Value Customers
16612,33,9,3245.43,2.302585092994046,8.085311210034273,1,Higher-Value Customers
16613,70,1,618.59,0.6931471805599453,6.429057968967668,0,Lower-Value Customers
16614,183,3,1179.79,1.3862943611198906,7.073938984975659,0,Lower-Value Customers
16615,626,1,291.5,0.6931471805599453,5.678464666671911,0,Lower-Value Customers
16616,15,2,500.42,1.0986122886681098,6.2174440732414,0,Lower-Value Customers
16617,236,1,151.85,0.6931471805599453,5.029457048336844,0,Lower-Value Customers
16618,31,5,2647.59,1.791759469228055,7.881782701906185,1,Higher-Value Customers
16619,264,4,1938.33,1.6094379124341003,7.5700978315818475,1,Higher-Value Customers
16620,4,6,1758.93,1.9459101490553132,7.473029314513969,1,Higher-Value Customers
16621,52,4,813.48,1.6094379124341003,6.70254987279894,1,Higher-Value Customers
16622,544,1,225.4,0.6931471805599453,5.422303346329028,0,Lower-Value Customers
16623,246,4,1015.24,1.6094379124341003,6.923864820715205,0,Lower-Value Customers
16624,81,2,810.57,1.0986122886681098,6.6989706432467875,0,Lower-Value Customers
16625,275,5,1654.03,1.791759469228055,7.411574414535091,1,Higher-Value Customers
16626,1,17,4413.1,2.8903717578961645,8.392559241748096,1,Higher-Value Customers
16627,79,1,322.8,0.6931471805599453,5.780126041243535,0,Lower-Value Customers
16628,30,7,2318.1,2.0794415416798357,7.7489344583611635,1,Higher-Value Customers
16629,74,2,408.63,1.0986122886681098,6.01525431323072,0,Lower-Value Customers
16630,407,1,106.8,0.6931471805599453,4.680277658474897,0,Lower-Value Customers
16631,482,7,1892.52,2.0794415416798357,7.546192809736556,0,Lower-Value Customers
16632,486,2,406.4,1.0986122886681098,6.009795503792706,0,Lower-Value Customers
16633,17,6,2883.1,1.9459101490553132,7.966968171867508,1,Higher-Value Customers
16634,223,6,1649.81,1.9459101490553132,7.409021355529088,1,Higher-Value Customers
16635,407,1,473.0,0.6931471805599453,6.161207321695077,0,Lower-Value Customers
16636,438,4,3802.04,1.6094379124341003,8.243556025885042,1,Higher-Value Customers
16637,32,4,1154.47,1.6094379124341003,7.052262466590724,1,Higher-Value Customers
16638,23,15,2380.13,2.772588722239781,7.775330443904418,1,Higher-Value Customers
16639,31,4,1747.98,1.6094379124341003,7.466788039847446,1,Higher-Value Customers
16640,398,1,179.4,0.6931471805599453,5.1951766076285235,0,Lower-Value Customers
16641,106,2,554.5,1.0986122886681098,6.319868609079685,0,Lower-Value Customers
16642,5,3,1077.45,1.3862943611198906,6.983280104068383,1,Higher-Value Customers
16643,246,2,923.11,1.0986122886681098,6.828831112175126,0,Lower-Value Customers
16644,178,2,833.78,1.0986122886681098,6.72716821708184,0,Lower-Value Customers
16645,736,1,160.39,0.6931471805599453,5.083823796047731,0,Lower-Value Customers
16646,449,1,678.8,0.6931471805599453,6.521798637262015,0,Lower-Value Customers
16647,170,4,541.9,1.6094379124341003,6.296925140911405,0,Lower-Value Customers
16648,43,3,672.8,1.3862943611198906,6.512933330972452,1,Higher-Value Customers
16649,520,1,306.58,0.6931471805599453,5.728735216011778,0,Lower-Value Customers
16650,72,7,1916.11,2.0794415416798357,7.558574122724386,1,Higher-Value Customers
16651,587,1,136.2,0.6931471805599453,4.921439715291784,0,Lower-Value Customers
16652,59,16,17550.39,2.833213344056216,9.772888428036879,1,Higher-Value Customers
16653,16,2,1212.66,1.0986122886681098,7.101395866495808,1,Higher-Value Customers
16654,141,8,1484.07,2.1972245773362196,7.303217188172975,1,Higher-Value Customers
16655,18,13,6423.26,2.6390573296152584,8.767836728032984,1,Higher-Value Customers
16656,22,30,16833.17,3.4339872044851463,9.731166028330486,1,Higher-Value Customers
16657,10,4,874.43,1.6094379124341003,6.774715194217569,1,Higher-Value Customers
16658,368,6,690.83,1.9459101490553132,6.53934026069726,0,Lower-Value Customers
16659,189,1,39.12,0.6931471805599453,3.691874963093735,0,Lower-Value Customers
16660,16,7,1879.55,2.0794415416798357,7.5393195662301435,1,Higher-Value Customers
16661,540,4,932.76,1.6094379124341003,6.839219445894366,0,Lower-Value Customers
16662,394,1,151.05,0.6931471805599453,5.024209414123374,0,Lower-Value Customers
16663,729,1,165.0,0.6931471805599453,5.111987788356544,0,Lower-Value Customers
16664,569,1,109.2,0.6931471805599453,4.702296896718814,0,Lower-Value Customers
16665,362,1,135.4,0.6931471805599453,4.915591745409362,0,Lower-Value Customers
16666,19,2,217.71,1.0986122886681098,5.387746651374461,0,Lower-Value Customers
16667,68,2,567.18,1.0986122886681098,6.342438269926957,0,Lower-Value Customers
16668,15,13,862.42,2.6390573296152584,6.760901247087513,1,Higher-Value Customers
16669,24,3,1348.88,1.3862943611198906,7.207770978592735,1,Higher-Value Customers
16670,17,20,8030.15,3.044522437723423,8.991083009638244,1,Higher-Value Customers
16671,28,3,1692.27,1.3862943611198906,7.434416849630159,1,Higher-Value Customers
16672,2,20,8134.94,3.044522437723423,9.004046563069934,1,Higher-Value Customers
16673,679,1,171.13,0.6931471805599453,5.148250005283415,0,Lower-Value Customers
16674,55,2,304.24,1.0986122886681098,5.721098352421432,0,Lower-Value Customers
16675,442,2,608.86,1.0986122886681098,6.413229422629599,0,Lower-Value Customers
16676,34,6,2361.9,1.9459101490553132,7.767644957205523,1,Higher-Value Customers
16677,411,2,880.62,1.0986122886681098,6.781761124166734,0,Lower-Value Customers
16678,3,12,3109.99,2.5649493574615367,8.042696282491956,1,Higher-Value Customers
16679,366,3,663.31,1.3862943611198906,6.498748907997604,0,Lower-Value Customers
16680,43,3,821.45,1.3862943611198906,6.712287690518167,1,Higher-Value Customers
16681,73,7,1921.84,2.0794415416798357,7.561558538799058,1,Higher-Value Customers
16682,5,5,1028.0,1.791759469228055,6.9363427358340495,1,Higher-Value Customers
16683,534,1,320.25,0.6931471805599453,5.77221963620943,0,Lower-Value Customers
16684,4,55,147142.77,4.02535169073515,11.899165415014757,1,Higher-Value Customers
16685,61,2,324.24,1.0986122886681098,5.784563371339637,0,Lower-Value Customers
16686,47,16,4881.07,2.833213344056216,8.49332458923602,1,Higher-Value Customers
16687,391,1,157.63,0.6931471805599453,5.066574446420364,0,Lower-Value Customers
16688,1,4,1260.86,1.6094379124341003,7.1403421019236415,1,Higher-Value Customers
16689,76,2,422.6,1.0986122886681098,6.048789613727251,0,Lower-Value Customers
16690,72,4,353.03,1.6094379124341003,5.869381655305767,0,Lower-Value Customers
16691,418,2,178.83,1.0986122886681098,5.192011960177106,0,Lower-Value Customers
16692,256,4,1914.7,1.6094379124341003,7.557838370071055,1,Higher-Value Customers
16693,69,5,1179.48,1.791759469228055,7.073676414408311,1,Higher-Value Customers
16694,723,1,98.3,0.6931471805599453,4.598145571051127,0,Lower-Value Customers
16695,562,2,191.9,1.0986122886681098,5.262171919911683,0,Lower-Value Customers
16696,135,4,657.9,1.6094379124341003,6.490571777919774,0,Lower-Value Customers
16697,241,1,112.75,0.6931471805599453,4.7340030578310595,0,Lower-Value Customers
16698,227,2,1998.0,1.0986122886681098,7.6004023345004,0,Lower-Value Customers
16699,380,7,994.6,2.0794415416798357,6.903345570493437,0,Lower-Value Customers
16700,9,25,8830.77,3.258096538021482,9.08611072651112,1,Higher-Value Customers
16701,9,26,9916.73,3.295836866004329,9.20207934344803,1,Higher-Value Customers
16702,415,4,1110.83,1.6094379124341003,7.0137625854257,0,Lower-Value Customers
16704,618,2,664.16,1.0986122886681098,6.5000276132197135,0,Lower-Value Customers
16705,1,42,43515.05,3.7612001156935624,10.68088511454298,1,Higher-Value Customers
16706,37,3,531.35,1.3862943611198906,6.277301167760616,0,Lower-Value Customers
16707,400,4,533.41,1.6094379124341003,6.281163334622208,0,Lower-Value Customers
16708,46,1,656.63,0.6931471805599453,6.488642463139346,0,Lower-Value Customers
16709,85,14,9056.01,2.70805020110221,9.1112943224927,1,Higher-Value Customers
16710,19,22,5921.35,3.1354942159291497,8.686488608569949,1,Higher-Value Customers
16711,3,9,2868.48,2.302585092994046,7.961886107668752,1,Higher-Value Customers
16712,9,13,4232.87,2.6390573296152584,8.35087174739727,1,Higher-Value Customers
16713,19,32,14115.56,3.4965075614664802,9.55510385530326,1,Higher-Value Customers
16714,219,4,1497.33,1.6094379124341003,7.3121064335410315,1,Higher-Value Customers
16715,78,2,625.52,1.0986122886681098,6.440180697210462,0,Lower-Value Customers
16716,267,3,2149.68,1.3862943611198906,7.673539350185794,0,Lower-Value Customers
16717,24,14,6663.68,2.70805020110221,8.804577219457196,1,Higher-Value Customers
16718,369,5,3006.08,1.791759469228055,8.008724787223924,1,Higher-Value Customers
16719,15,14,3513.62,2.70805020110221,8.164686690292555,1,Higher-Value Customers
16720,26,3,758.74,1.3862943611198906,6.632976269485864,1,Higher-Value Customers
16721,262,1,292.47,0.6931471805599453,5.681775419393111,0,Lower-Value Customers
16722,17,22,8189.56,3.1354942159291497,9.010737550577954,1,Higher-Value Customers
16723,91,4,1231.36,1.6094379124341003,7.116686309201291,1,Higher-Value Customers
16724,405,1,147.35,0.6931471805599453,4.999574346736831,0,Lower-Value Customers
16725,302,14,1688.26,2.70805020110221,7.43204584220165,1,Higher-Value Customers
16726,26,7,2063.88,2.0794415416798357,7.6328273923264565,1,Higher-Value Customers
16727,364,4,1377.77,1.6094379124341003,7.228947076355522,0,Lower-Value Customers
16728,46,4,1048.28,1.6094379124341003,6.955859493656283,1,Higher-Value Customers
16729,38,21,7205.33,3.091042453358316,8.882715085430164,1,Higher-Value Customers
16730,52,3,743.11,1.3862943611198906,6.612188873366803,1,Higher-Value Customers
16731,648,1,170.3,0.6931471805599453,5.143416405330075,0,Lower-Value Customers
16732,32,4,4387.64,1.6094379124341003,8.386774663084227,1,Higher-Value Customers
16733,530,1,259.68,0.6931471805599453,5.56329360146418,0,Lower-Value Customers
16734,52,3,646.76,1.3862943611198906,6.473520257377859,0,Lower-Value Customers
16735,79,14,6217.41,2.70805020110221,8.735269526045427,1,Higher-Value Customers
16736,506,5,2956.56,1.791759469228055,7.992119883051658,0,Lower-Value Customers
16737,53,2,835.2,1.0986122886681098,6.728867818922465,0,Lower-Value Customers
16738,298,1,3.75,0.6931471805599453,1.55814461804655,0,Lower-Value Customers
16739,177,2,786.43,1.0986122886681098,6.6687744778600475,0,Lower-Value Customers
16740,395,1,226.91,0.6931471805599453,5.42895081418324,0,Lower-Value Customers
16741,625,1,173.06,0.6931471805599453,5.159400067361368,0,Lower-Value Customers
16742,47,14,2799.87,2.70805020110221,7.937685362187323,1,Higher-Value Customers
16743,29,14,4212.15,2.70805020110221,8.345965865427807,1,Higher-Value Customers
16744,11,7,1291.91,2.0794415416798357,7.164650770780832,1,Higher-Value Customers
16745,87,17,7180.7,2.8903717578961645,8.87929140281919,1,Higher-Value Customers
16746,5,42,18046.75,3.7612001156935624,9.800776302251492,1,Higher-Value Customers
16747,38,2,836.06,1.0986122886681098,6.729895752508072,0,Lower-Value Customers
16748,18,14,3637.33,2.70805020110221,8.199280064145107,1,Higher-Value Customers
16749,591,2,4157.88,1.0986122886681098,8.333001086236969,0,Lower-Value Customers
16750,45,5,623.93,1.791759469228055,6.437639643463933,1,Higher-Value Customers
16751,31,1,1764.72,0.6931471805599453,7.476313818197086,0,Lower-Value Customers
16752,373,1,207.5,0.6931471805599453,5.339939041238856,0,Lower-Value Customers
16753,58,1,223.92,0.6931471805599453,5.415744783424001,0,Lower-Value Customers
16754,372,29,65500.07,3.4011973816621555,11.089821757367776,1,Higher-Value Customers
16755,114,7,2864.68,2.0794415416798357,7.9605609482813655,1,Higher-Value Customers
16756,215,7,1312.37,2.0794415416798357,7.180351632015873,1,Higher-Value Customers
16757,319,2,270.48,1.0986122886681098,5.603888471835558,0,Lower-Value Customers
16758,65,1,369.34,0.6931471805599453,5.914421502609669,0,Lower-Value Customers
16759,8,3,789.79,1.3862943611198906,6.673032445794151,1,Higher-Value Customers
16760,430,1,228.0,0.6931471805599453,5.43372200355424,0,Lower-Value Customers
16761,97,1,316.62,0.6931471805599453,5.760855699682501,0,Lower-Value Customers
16762,20,3,1207.24,1.3862943611198906,7.096920034258086,1,Higher-Value Customers
16763,199,2,964.7,1.0986122886681098,6.872853226972873,0,Lower-Value Customers
16764,4,13,2790.95,2.6390573296152584,7.934495555412452,1,Higher-Value Customers
16765,294,2,454.75,1.0986122886681098,6.121944413558772,0,Lower-Value Customers
16766,273,2,1145.6,1.0986122886681098,7.044556320474283,0,Lower-Value Customers
16767,31,15,8056.76,2.772588722239781,8.994390881242214,1,Higher-Value Customers
16768,48,9,1698.57,2.302585092994046,7.438130556872822,1,Higher-Value Customers
16769,260,4,1117.05,1.6094379124341003,7.019341375434155,0,Lower-Value Customers
16770,58,9,1778.93,2.302585092994046,7.484329316670153,1,Higher-Value Customers
16771,33,10,3949.6,2.3978952727983707,8.2816227450939,1,Higher-Value Customers
16772,423,3,3698.05,1.3862943611198906,8.2158313089079,0,Lower-Value Customers
16773,57,3,421.24,1.3862943611198906,6.045573872755014,0,Lower-Value Customers
16774,68,8,1567.48,2.1972245773362196,7.357862276513416,1,Higher-Value Customers
16775,10,16,2820.84,2.833213344056216,7.945144433427656,1,Higher-Value Customers
16776,60,2,592.51,1.0986122886681098,6.38605406310744,0,Lower-Value Customers
16777,80,5,1292.18,1.791759469228055,7.164859580219777,1,Higher-Value Customers
16778,74,2,245.94,1.0986122886681098,5.509145392139597,0,Lower-Value Customers
16779,2,53,32809.03,3.9889840465642745,10.39848954031011,1,Higher-Value Customers
16780,100,3,596.4,1.3862943611198906,6.392586905782009,0,Lower-Value Customers
16781,372,2,623.0,1.0986122886681098,6.436150368369428,0,Lower-Value Customers
16782,10,38,9636.12,3.6635616461296463,9.173377587781648,1,Higher-Value Customers
16783,437,1,391.95,0.6931471805599453,5.973682377312184,0,Lower-Value Customers
16784,20,5,892.33,1.791759469228055,6.794956053486548,1,Higher-Value Customers
16785,410,1,533.78,0.6931471805599453,6.281855447370681,0,Lower-Value Customers
16786,394,1,51.84,0.6931471805599453,3.9672684796541247,0,Lower-Value Customers
16787,398,4,1017.53,1.6094379124341003,6.926115690314069,0,Lower-Value Customers
16788,123,5,1928.93,1.791759469228055,7.565239011811128,1,Higher-Value Customers
16789,8,1,80.8,0.6931471805599453,4.404277243608702,0,Lower-Value Customers
16790,4,6,1545.62,1.9459101490553132,7.343827183683202,1,Higher-Value Customers
16791,29,15,3957.63,2.772588722239781,8.28365328479474,1,Higher-Value Customers
16792,282,5,623.46,1.791759469228055,6.436887276273271,0,Lower-Value Customers
16793,57,1,243.84,0.6931471805599453,5.500604935982869,0,Lower-Value Customers
16794,1,15,2052.7,2.772588722239781,7.627398323346047,1,Higher-Value Customers
16795,365,3,2062.41,1.3862943611198906,7.6321152330246,0,Lower-Value Customers
16796,89,1,305.62,0.6931471805599453,5.725609195882308,0,Lower-Value Customers
16797,393,5,1802.02,1.791759469228055,7.4972183157652,0,Lower-Value Customers
16798,554,3,841.16,1.3862943611198906,6.735970019943069,0,Lower-Value Customers
16799,432,2,452.78,1.0986122886681098,6.117612499095993,0,Lower-Value Customers
16800,11,1,1162.65,0.6931471805599453,7.0593168957906745,0,Lower-Value Customers
16801,163,4,1594.23,1.6094379124341003,7.374773205449993,1,Higher-Value Customers
16802,679,2,582.61,1.0986122886681098,6.369232951525817,0,Lower-Value Customers
16803,65,1,332.3,0.6931471805599453,5.8090429853136945,0,Lower-Value Customers
16804,23,3,536.99,1.3862943611198906,6.287839972628443,0,Lower-Value Customers
16805,174,5,1091.34,1.791759469228055,6.996077463155199,1,Higher-Value Customers
16806,103,4,762.16,1.6094379124341003,6.63746770785911,1,Higher-Value Customers
16807,143,6,2123.88,1.9459101490553132,7.661470609175758,1,Higher-Value Customers
16808,99,2,288.42,1.0986122886681098,5.667878920309847,0,Lower-Value Customers
16809,23,9,1727.43,2.302585092994046,7.454968761000411,1,Higher-Value Customers
16810,192,2,842.04,1.0986122886681098,6.737014406460975,0,Lower-Value Customers
16811,5,2,547.07,1.0986122886681098,6.3064030160165885,0,Lower-Value Customers
16812,361,4,2392.0,1.6094379124341003,7.780303087908373,0,Lower-Value Customers
16813,8,10,1652.18,2.3978952727983707,7.410455984814581,1,Higher-Value Customers
16814,14,36,11924.85,3.6109179126442243,9.386463592042324,1,Higher-Value Customers
16815,454,2,406.02,1.0986122886681098,6.008862324284403,0,Lower-Value Customers
16816,103,4,417.06,1.6094379124341003,6.035624962893636,0,Lower-Value Customers
16817,3,13,2560.7,2.6390573296152584,7.84842637958167,1,Higher-Value Customers
16818,11,11,3349.57,2.4849066497880004,8.116885759599102,1,Higher-Value Customers
16819,465,2,182.59,1.0986122886681098,5.212705010472114,0,Lower-Value Customers
16820,96,1,497.61,0.6931471805599453,6.211824227045576,0,Lower-Value Customers
16821,382,1,113.35,0.6931471805599453,4.73926392046879,0,Lower-Value Customers
16822,686,1,181.39,0.6931471805599453,5.206147251575906,0,Lower-Value Customers
16823,227,7,2243.09,2.0794415416798357,7.716055372790196,1,Higher-Value Customers
16824,16,3,686.24,1.3862943611198906,6.532683576193766,1,Higher-Value Customers
16825,39,5,1826.89,1.791759469228055,7.5109175751488,1,Higher-Value Customers
16826,51,1,341.7,0.6931471805599453,5.836855428880563,0,Lower-Value Customers
16827,393,5,392.13,1.791759469228055,5.974140345974778,0,Lower-Value Customers
16828,93,2,128.5,1.0986122886681098,4.863680881139593,0,Lower-Value Customers
16829,157,2,513.32,1.0986122886681098,6.2428456398334315,0,Lower-Value Customers
16830,39,4,1207.5,1.6094379124341003,7.097135200143538,1,Higher-Value Customers
16831,565,1,91.8,0.6931471805599453,4.530446639792155,0,Lower-Value Customers
16832,184,5,417.61,1.791759469228055,6.036939698880882,0,Lower-Value Customers
16833,1,6,2409.04,1.9459101490553132,7.787398623857337,1,Higher-Value Customers
16834,228,2,898.96,1.0986122886681098,6.8023503178921825,0,Lower-Value Customers
16835,128,6,1456.66,1.9459101490553132,7.284587689215029,1,Higher-Value Customers
16836,40,4,782.37,1.6094379124341003,6.663605125885249,1,Higher-Value Customers
16837,31,11,3170.98,2.4849066497880004,8.062111277564622,1,Higher-Value Customers
16838,197,4,1159.61,1.6094379124341003,7.0567010079523715,1,Higher-Value Customers
16839,9,44,21758.25,3.8066624897703196,9.987794233464117,1,Higher-Value Customers
16840,603,2,139.85,1.0986122886681098,4.947695494322382,0,Lower-Value Customers
16841,37,12,4006.06,2.5649493574615367,8.295813084319896,1,Higher-Value Customers
16842,101,3,1264.19,1.3862943611198906,7.142977587511544,1,Higher-Value Customers
16843,43,35,19571.43,3.58351893845611,9.881877222329129,1,Higher-Value Customers
16844,563,2,614.34,1.0986122886681098,6.4221749605721845,0,Lower-Value Customers
16845,618,1,253.88,0.6931471805599453,5.540792846161739,0,Lower-Value Customers
16846,50,3,842.41,1.3862943611198906,6.737453198012385,1,Higher-Value Customers
16847,43,2,614.89,1.0986122886681098,6.423068376159172,0,Lower-Value Customers
16848,53,4,1411.62,1.6094379124341003,7.2532014151642725,1,Higher-Value Customers
16849,187,1,124.57,0.6931471805599453,4.8328633720008725,0,Lower-Value Customers
16850,334,1,332.41,0.6931471805599453,5.809372963868082,0,Lower-Value Customers
16851,4,3,342.45,1.3862943611198906,5.839041540659891,0,Lower-Value Customers
16852,10,2,144.91,1.0986122886681098,4.982989993275931,0,Lower-Value Customers
16854,417,2,1408.96,1.0986122886681098,7.251316614175486,0,Lower-Value Customers
16855,24,2,328.4,1.0986122886681098,5.79727281774354,0,Lower-Value Customers
16856,15,3,358.49,1.3862943611198906,5.884686360362535,0,Lower-Value Customers
16857,443,1,352.8,0.6931471805599453,5.8687317817256845,0,Lower-Value Customers
16858,369,10,4292.59,2.3978952727983707,8.364878491812021,1,Higher-Value Customers
16859,145,7,1932.41,2.0794415416798357,7.567040562252569,1,Higher-Value Customers
16860,453,3,1610.62,1.3862943611198906,7.38499516326749,0,Lower-Value Customers
16861,60,5,946.59,1.791759469228055,6.8539219192530085,1,Higher-Value Customers
16862,547,4,662.33,1.6094379124341003,6.497272603912174,0,Lower-Value Customers
16863,31,3,834.27,1.3862943611198906,6.727755025876859,1,Higher-Value Customers
16864,434,2,409.25,1.0986122886681098,6.0167667299702,0,Lower-Value Customers
16865,402,1,130.95,0.6931471805599453,4.882423062949333,0,Lower-Value Customers
16866,141,3,207.74,1.3862943611198906,5.341089458391906,0,Lower-Value Customers
16867,690,1,76.74,0.6931471805599453,4.353369925424077,0,Lower-Value Customers
16868,394,3,384.56,1.3862943611198906,5.954696822915768,0,Lower-Value Customers
16869,23,4,817.12,1.6094379124341003,6.707009025109966,1,Higher-Value Customers
16870,469,1,450.16,0.6931471805599453,6.111822043771716,0,Lower-Value Customers
16871,22,6,2812.34,1.9459101490553132,7.942127668587332,1,Higher-Value Customers
16872,77,6,1213.13,1.9459101490553132,7.101783049906128,1,Higher-Value Customers
16873,5,12,14617.39,2.5649493574615367,9.590035604120759,1,Higher-Value Customers
16874,379,1,209.89,0.6931471805599453,5.351336670523673,0,Lower-Value Customers
16875,67,11,4234.53,2.4849066497880004,8.351263746835542,1,Higher-Value Customers
16876,404,1,136.01,0.6931471805599453,4.920053915865017,0,Lower-Value Customers
16877,12,6,846.62,1.9459101490553132,6.742432422151628,1,Higher-Value Customers
16878,84,1,13.3,0.6931471805599453,2.6602595372658615,0,Lower-Value Customers
16880,31,8,1813.21,2.1972245773362196,7.503405390237089,1,Higher-Value Customers
16881,67,1,432.0,0.6931471805599453,6.07073772800249,0,Lower-Value Customers
16882,67,3,705.12,1.3862943611198906,6.559785194721083,0,Lower-Value Customers
16883,187,19,2246.06,2.995732273553991,7.717377974098523,1,Higher-Value Customers
16884,38,4,1070.97,1.6094379124341003,6.977253356164531,1,Higher-Value Customers
16885,15,4,684.6,1.6094379124341003,6.53029436728357,1,Higher-Value Customers
16886,456,1,134.0,0.6931471805599453,4.90527477843843,0,Lower-Value Customers
16887,35,3,658.17,1.3862943611198906,6.490981467850926,1,Higher-Value Customers
16888,401,3,434.2,1.3862943611198906,6.0758056955417326,0,Lower-Value Customers
16889,195,6,2526.65,1.9459101490553132,7.835045296314661,1,Higher-Value Customers
16890,477,3,285.41,1.3862943611198906,5.657424350678052,0,Lower-Value Customers
16891,2,11,1727.94,2.4849066497880004,7.455263782941192,1,Higher-Value Customers
16892,1,7,754.75,2.0794415416798357,6.627710633659567,1,Higher-Value Customers
16893,367,2,249.89,1.0986122886681098,5.525014596061544,0,Lower-Value Customers
16894,502,3,1306.96,1.3862943611198906,7.17622395050978,0,Lower-Value Customers
16895,65,5,1102.9,1.791759469228055,7.006604643024306,1,Higher-Value Customers
16896,555,1,103.95,0.6931471805599453,4.653484046266642,0,Lower-Value Customers
16897,299,2,289.78,1.0986122886681098,5.672566967503279,0,Lower-Value Customers
16898,26,5,885.21,1.791759469228055,6.786953942836231,1,Higher-Value Customers
16899,8,8,1695.77,2.1972245773362196,7.436481722754711,1,Higher-Value Customers
16900,17,3,887.11,1.3862943611198906,6.789095609194309,1,Higher-Value Customers
16901,729,1,204.26,0.6931471805599453,5.324277468217568,0,Lower-Value Customers
16902,116,1,1706.88,0.6931471805599453,7.443008114269093,0,Lower-Value Customers
16903,29,3,1041.75,1.3862943611198906,6.949616733077055,1,Higher-Value Customers
16904,4,21,4675.36,3.091042453358316,8.450275308507852,1,Higher-Value Customers
16905,5,17,4706.77,2.8903717578961645,8.456969614170678,1,Higher-Value Customers
16906,82,7,1410.92,2.0794415416798357,7.252705759224311,1,Higher-Value Customers
16907,29,9,1470.89,2.302585092994046,7.294302568235657,1,Higher-Value Customers
16908,722,1,252.59,0.6931471805599453,5.535718789608946,0,Lower-Value Customers
16909,72,1,379.14,0.6931471805599453,5.940539605922692,0,Lower-Value Customers
16910,4,8,1508.96,2.1972245773362196,7.3198384393918765,1,Higher-Value Customers
16911,636,2,255.25,1.0986122886681098,5.546153530452618,0,Lower-Value Customers
16912,29,15,4460.51,2.772588722239781,8.403242552736327,1,Higher-Value Customers
16913,290,3,423.91,1.3862943611198906,6.051877381793223,0,Lower-Value Customers
16914,36,1,183.76,0.6931471805599453,5.2190576855624045,0,Lower-Value Customers
16915,9,11,1543.18,2.4849066497880004,7.342248304100646,1,Higher-Value Customers
16916,24,4,902.02,1.6094379124341003,6.8057447015659545,1,Higher-Value Customers
16917,277,2,1851.88,1.0986122886681098,7.524496464339457,0,Lower-Value Customers
16918,50,16,3206.54,2.833213344056216,8.07325956718366,1,Higher-Value Customers
16919,156,24,4909.66,3.2188758248682006,8.499163631307002,1,Higher-Value Customers
16920,411,1,355.45,0.6931471805599453,5.876193977563638,0,Lower-Value Customers
16921,61,3,409.21,1.3862943611198906,6.016669223693157,0,Lower-Value Customers
16922,573,1,611.08,0.6931471805599453,6.416862992923597,0,Lower-Value Customers
16923,12,32,13157.13,3.4965075614664802,9.484795097518097,1,Higher-Value Customers
16924,21,3,829.89,1.3862943611198906,6.722497415455896,1,Higher-Value Customers
16925,540,1,125.65,0.6931471805599453,4.841427376447684,0,Lower-Value Customers
16926,371,5,1169.61,1.791759469228055,7.065280259448345,0,Lower-Value Customers
16927,116,3,543.05,1.3862943611198906,6.299041154397021,0,Lower-Value Customers
16928,80,29,3897.53,3.4011973816621555,8.268354837987458,1,Higher-Value Customers
16929,4,7,1295.39,2.0794415416798357,7.167338757569021,1,Higher-Value Customers
16930,26,3,378.89,1.3862943611198906,5.9398817371306265,0,Lower-Value Customers
16931,5,23,5032.22,3.1780538303479458,8.523815217325113,1,Higher-Value Customers
16932,53,3,412.55,1.3862943611198906,6.024778426137916,0,Lower-Value Customers
16933,1,9,3099.3,2.302585092994046,8.039254159984466,1,Higher-Value Customers
16934,55,6,2083.14,1.9459101490553132,7.642111579119762,1,Higher-Value Customers
16935,382,3,530.86,1.3862943611198906,6.276380296814793,0,Lower-Value Customers
16936,26,2,548.29,1.0986122886681098,6.308626535194695,0,Lower-Value Customers
16937,499,1,196.25,0.6931471805599453,5.284471959725984,0,Lower-Value Customers
16938,9,9,6995.36,2.302585092994046,8.853145292790563,1,Higher-Value Customers
16939,489,3,433.85,1.3862943611198906,6.075001144035774,0,Lower-Value Customers
16940,52,8,6427.66,2.1972245773362196,8.768521397380008,1,Higher-Value Customers
16941,612,1,33.0,0.6931471805599453,3.5263605246161616,0,Lower-Value Customers
16942,13,9,1904.99,2.302585092994046,7.5527568376106675,1,Higher-Value Customers
16943,212,5,1299.49,1.791759469228055,7.170496395508893,1,Higher-Value Customers
16944,610,1,101.36,0.6931471805599453,4.628496011291588,0,Lower-Value Customers
16945,22,33,8548.16,3.5263605246161616,9.053588311490355,1,Higher-Value Customers
16946,383,5,1222.04,1.791759469228055,7.109094841611854,0,Lower-Value Customers
16947,236,5,955.21,1.791759469228055,6.8629775542004845,1,Higher-Value Customers
16948,139,7,868.77,2.0794415416798357,6.768228808881206,1,Higher-Value Customers
16949,4,6,1286.27,1.9459101490553132,7.160278975803028,1,Higher-Value Customers
16950,57,10,3541.77,2.3978952727983707,8.172664186021061,1,Higher-Value Customers
16951,135,3,1277.75,1.3862943611198906,7.153638317265837,1,Higher-Value Customers
16952,109,5,795.83,1.791759469228055,6.680641356164032,1,Higher-Value Customers
16953,30,1,20.8,0.6931471805599453,3.0819099697950434,0,Lower-Value Customers
16954,1,20,6081.88,3.044522437723423,8.713233547017788,1,Higher-Value Customers
16955,185,6,1120.31,1.9459101490553132,7.022252923646991,1,Higher-Value Customers
16956,18,1,308.74,0.6931471805599453,5.735733235888028,0,Lower-Value Customers
16957,239,2,416.64,1.0986122886681098,6.03461981742191,0,Lower-Value Customers
16958,435,1,778.49,0.6931471805599453,6.658639859679173,0,Lower-Value Customers
16959,87,1,117.35,0.6931471805599453,4.7736463359599925,0,Lower-Value Customers
16960,39,8,1990.88,2.1972245773362196,7.596834195366128,1,Higher-Value Customers
16961,116,3,794.56,1.3862943611198906,6.679046269195045,0,Lower-Value Customers
16962,410,1,251.04,0.6931471805599453,5.529587805073855,0,Lower-Value Customers
16963,187,1,110.55,0.6931471805599453,4.714472920878541,0,Lower-Value Customers
16964,733,2,207.85,1.0986122886681098,5.341616290943184,0,Lower-Value Customers
16965,227,1,201.19,0.6931471805599453,5.309207849379209,0,Lower-Value Customers
16966,8,7,2154.97,2.0794415416798357,7.675996017275306,1,Higher-Value Customers
16967,189,1,319.02,0.6931471805599453,5.768383493840728,0,Lower-Value Customers
16968,4,2,439.43,1.0986122886681098,6.087751522419478,0,Lower-Value Customers
16969,39,3,650.41,1.3862943611198906,6.479139244274806,1,Higher-Value Customers
16970,626,1,71.4,0.6931471805599453,4.282206299391671,0,Lower-Value Customers
16971,38,1,357.21,0.6931471805599453,5.881119406601529,0,Lower-Value Customers
16972,383,2,749.0,1.0986122886681098,6.620073206530356,0,Lower-Value Customers
16973,386,1,127.0,0.6931471805599453,4.852030263919617,0,Lower-Value Customers
16974,523,2,365.5,1.0986122886681098,5.903998521326706,0,Lower-Value Customers
16975,423,3,926.12,1.3862943611198906,6.832083007026135,0,Lower-Value Customers
16976,267,1,251.52,0.6931471805599453,5.5314904534994245,0,Lower-Value Customers
16977,395,4,496.0,1.6094379124341003,6.208590026096629,0,Lower-Value Customers
16978,78,3,768.88,1.3862943611198906,6.646234658546923,0,Lower-Value Customers
16979,4,9,2859.74,2.302585092994046,7.958835611604893,1,Higher-Value Customers
16980,255,3,1422.83,1.3862943611198906,7.2611057028228485,0,Lower-Value Customers
16982,61,1,384.06,0.6931471805599453,5.95339916630119,0,Lower-Value Customers
16983,13,11,3490.53,2.4849066497880004,8.15809531454475,1,Higher-Value Customers
16984,88,9,10350.53,2.302585092994046,9.244889613855273,1,Higher-Value Customers
16985,17,23,10923.16,3.1780538303479458,9.298732129135914,1,Higher-Value Customers
16986,30,11,4888.75,2.4849066497880004,8.494896456417628,1,Higher-Value Customers
16987,3,11,2521.4,2.4849066497880004,7.832966108230851,1,Higher-Value Customers
16988,5,2,382.67,1.0986122886681098,5.949782808113339,0,Lower-Value Customers
16989,7,6,1133.25,1.9459101490553132,7.033726918544073,1,Higher-Value Customers
16990,219,2,344.0,1.0986122886681098,5.84354441703136,0,Lower-Value Customers
16991,421,1,1041.21,0.6931471805599453,6.949098737516397,0,Lower-Value Customers
16992,11,13,5476.5,2.6390573296152584,8.608404071469621,1,Higher-Value Customers
16993,464,2,1950.95,1.0986122886681098,7.576584151890876,0,Lower-Value Customers
16996,30,9,2123.61,2.302585092994046,7.661343535103169,1,Higher-Value Customers
16997,288,3,702.0,1.3862943611198906,6.555356891810665,0,Lower-Value Customers
16998,150,5,402.0,1.791759469228055,5.998936561946683,0,Lower-Value Customers
16999,23,2,484.82,1.0986122886681098,6.185838184926078,0,Lower-Value Customers
17000,396,2,406.3,1.0986122886681098,6.009550014654367,0,Lower-Value Customers
17001,1,19,6640.8,2.995732273553991,8.801138290071108,1,Higher-Value Customers
17002,86,7,2571.55,2.0794415416798357,7.852652903865288,1,Higher-Value Customers
17003,402,4,828.21,1.6094379124341003,6.720473440305597,0,Lower-Value Customers
17004,46,4,2324.36,1.6094379124341003,7.751630144744858,1,Higher-Value Customers
17005,471,2,622.36,1.0986122886681098,6.435124201014116,0,Lower-Value Customers
17006,5,8,1635.27,2.1972245773362196,7.400174540220455,1,Higher-Value Customers
17007,51,7,1120.1,2.0794415416798357,7.022065625159548,1,Higher-Value Customers
17008,429,1,81.36,0.6931471805599453,4.411099882159589,0,Lower-Value Customers
17009,551,1,242.06,0.6931471805599453,5.493308326442654,0,Lower-Value Customers
17010,18,1,195.36,0.6931471805599453,5.279949709189852,0,Lower-Value Customers
17011,30,3,671.7,1.3862943611198906,6.51129946503156,1,Higher-Value Customers
17012,725,1,360.61,0.6931471805599453,5.890566283002889,0,Lower-Value Customers
17014,8,3,583.43,1.3862943611198906,6.370637013261223,1,Higher-Value Customers
17015,29,3,1838.61,1.3862943611198906,7.517308871615334,1,Higher-Value Customers
17016,577,1,552.4,0.6931471805599453,6.316081067352825,0,Lower-Value Customers
17017,3,29,12576.99,3.4011973816621555,9.439703740064175,1,Higher-Value Customers
17018,41,6,2287.7,1.9459101490553132,7.735739249764293,1,Higher-Value Customers
17019,11,11,3602.29,2.4849066497880004,8.18960259599089,1,Higher-Value Customers
17020,542,2,935.62,1.0986122886681098,6.842277650354465,0,Lower-Value Customers
17021,442,6,1182.22,1.9459101490553132,7.07599481456678,0,Lower-Value Customers
17022,31,2,260.0,1.0986122886681098,5.564520407322694,0,Lower-Value Customers
17023,417,3,800.18,1.3862943611198906,6.6860856409239275,0,Lower-Value Customers
17024,45,3,95.85,1.3862943611198906,4.573163389853005,0,Lower-Value Customers
17025,61,5,1349.67,1.791759469228055,7.208356044614497,1,Higher-Value Customers
17026,185,3,175.83,1.3862943611198906,5.175188819066886,0,Lower-Value Customers
17027,79,9,1310.63,2.302585092994046,7.179025917535996,1,Higher-Value Customers
17028,581,3,1593.83,1.3862943611198906,7.3745224264664655,0,Lower-Value Customers
17029,111,7,2137.3,2.0794415416798357,7.66776639979559,1,Higher-Value Customers
17030,64,1,146.87,0.6931471805599453,4.996333509385396,0,Lower-Value Customers
17031,12,6,2773.85,1.9459101490553132,7.928351970665508,1,Higher-Value Customers
17032,548,8,2984.32,2.1972245773362196,8.001462222760972,1,Higher-Value Customers
17033,86,4,1332.79,1.6094379124341003,7.195779792794182,1,Higher-Value Customers
17034,16,5,1276.42,1.791759469228055,7.152597697807804,1,Higher-Value Customers
17035,246,4,613.59,1.6094379124341003,6.420955378818814,0,Lower-Value Customers
17036,383,1,176.9,0.6931471805599453,5.18122159467179,0,Lower-Value Customers
17037,88,1,1267.32,0.6931471805599453,7.145448469088846,0,Lower-Value Customers
17038,30,2,743.17,1.0986122886681098,6.612269503355827,0,Lower-Value Customers
17039,604,1,1954.99,0.6931471805599453,7.578651738107256,0,Lower-Value Customers
17040,138,2,463.25,1.0986122886681098,6.140423200232815,0,Lower-Value Customers
17041,27,6,1655.2,1.9459101490553132,7.4122811005996,1,Higher-Value Customers
17042,3,5,1036.58,1.791759469228055,6.944646357565886,1,Higher-Value Customers
17043,32,8,2593.65,2.1972245773362196,7.861206911744419,1,Higher-Value Customers
17044,25,12,11962.3,2.5649493574615367,9.389598909178215,1,Higher-Value Customers
17045,113,5,827.68,1.791759469228055,6.719834073377688,1,Higher-Value Customers
17046,157,5,1906.07,1.791759469228055,7.5533233117961665,1,Higher-Value Customers
17047,85,6,2289.23,1.9459101490553132,7.736407528186082,1,Higher-Value Customers
17048,118,7,2071.68,2.0794415416798357,7.636597734866534,1,Higher-Value Customers
17049,3,19,9942.53,2.995732273553991,9.204677367391316,1,Higher-Value Customers
17050,96,11,4648.59,2.4849066497880004,8.444534322651009,1,Higher-Value Customers
17051,194,4,706.49,1.6094379124341003,6.561723495141885,0,Lower-Value Customers
17052,28,1,399.09,0.6931471805599453,5.9916895217992785,0,Lower-Value Customers
17053,131,1,498.48,0.6931471805599453,6.213567557246944,0,Lower-Value Customers
17054,28,5,1356.33,1.791759469228055,7.213274813763555,1,Higher-Value Customers
17055,446,1,232.85,0.6931471805599453,5.454679884171895,0,Lower-Value Customers
17056,738,1,128.6,0.6931471805599453,4.864452783918174,0,Lower-Value Customers
17057,596,1,294.74,0.6931471805599453,5.689480689945341,0,Lower-Value Customers
17058,82,3,1179.89,1.3862943611198906,7.074023670453844,1,Higher-Value Customers
17059,30,9,4864.57,2.302585092994046,8.489939151169136,1,Higher-Value Customers
17060,266,1,234.24,0.6931471805599453,5.460606269591755,0,Lower-Value Customers
17061,74,11,5232.23,2.4849066497880004,8.56278395725042,1,Higher-Value Customers
17062,314,6,889.75,1.9459101490553132,6.792063804485945,0,Lower-Value Customers
17063,21,13,3638.53,2.6390573296152584,8.199609831414847,1,Higher-Value Customers
17064,59,3,855.45,1.3862943611198906,6.752795938943994,1,Higher-Value Customers
17065,638,2,194.7,1.0986122886681098,5.27658287440203,0,Lower-Value Customers
17066,726,1,228.34,0.6931471805599453,5.4352056186101585,0,Lower-Value Customers
17067,725,3,454.54,1.3862943611198906,6.121483528431717,0,Lower-Value Customers
17068,12,47,8987.68,3.871201010907891,9.103721286874213,1,Higher-Value Customers
17069,28,14,5517.23,2.70805020110221,8.615812435677327,1,Higher-Value Customers
17070,114,2,437.42,1.0986122886681098,6.083177355031181,0,Lower-Value Customers
17071,28,13,3793.71,2.6390573296152584,8.241363270572567,1,Higher-Value Customers
17072,625,1,273.35,0.6931471805599453,5.614404663504985,0,Lower-Value Customers
17073,18,4,1446.09,1.6094379124341003,7.277309922347601,1,Higher-Value Customers
17074,563,1,203.05,0.6931471805599453,5.318365061851814,0,Lower-Value Customers
17075,18,10,2236.63,2.3978952727983707,7.713172549019897,1,Higher-Value Customers
17076,36,6,1242.75,1.9459101490553132,7.1258862884728025,1,Higher-Value Customers
17077,578,1,306.0,0.6931471805599453,5.726847747587197,0,Lower-Value Customers
17078,36,2,378.2,1.0986122886681098,5.938063770380866,0,Lower-Value Customers
17079,78,1,118.8,0.6931471805599453,4.785823685681349,0,Lower-Value Customers
17080,22,7,957.53,2.0794415416798357,6.865400860900437,1,Higher-Value Customers
17081,25,6,949.39,1.9459101490553132,6.856872426667503,1,Higher-Value Customers
17082,33,6,4732.03,1.9459101490553132,8.4623208683607,1,Higher-Value Customers
17083,109,9,4049.79,2.302585092994046,8.306667202806915,1,Higher-Value Customers
17084,35,3,5001.21,1.3862943611198906,8.517635093763012,1,Higher-Value Customers
17085,123,28,7847.67,3.367295829986474,8.968099369670528,1,Higher-Value Customers
17086,7,6,2050.08,1.9459101490553132,7.626121762674929,1,Higher-Value Customers
17087,738,1,221.53,0.6931471805599453,5.405061923978025,0,Lower-Value Customers
17088,28,4,1991.01,1.6094379124341003,7.596899458212264,1,Higher-Value Customers
17089,386,1,128.45,0.6931471805599453,4.8632947061975464,0,Lower-Value Customers
17090,4,13,3080.18,2.6390573296152584,8.033067919480203,1,Higher-Value Customers
17091,3,19,7495.75,2.995732273553991,8.922224872275047,1,Higher-Value Customers
17092,50,11,5511.41,2.4849066497880004,8.61475719309121,1,Higher-Value Customers
17093,593,1,235.88,0.6931471805599453,5.467553683793335,0,Lower-Value Customers
17094,322,2,402.2,1.0986122886681098,5.999432716757159,0,Lower-Value Customers
17095,23,7,2572.25,2.0794415416798357,7.852924970406669,1,Higher-Value Customers
17096,15,11,3697.93,2.4849066497880004,8.215798867619869,1,Higher-Value Customers
17097,2,9,1143.36,2.302585092994046,7.0426008077513895,1,Higher-Value Customers
17098,382,3,591.07,1.3862943611198906,6.383624871137068,0,Lower-Value Customers
17099,533,1,582.17,0.6931471805599453,6.368478739042131,0,Lower-Value Customers
17100,18,2,971.74,1.0986122886681098,6.880116831678181,1,Higher-Value Customers
17101,10,7,2507.05,2.0794415416798357,7.827260837758234,1,Higher-Value Customers
17102,262,1,25.5,0.6931471805599453,3.2771447329921766,0,Lower-Value Customers
17103,722,1,424.3,0.6931471805599453,6.052794802259588,0,Lower-Value Customers
17104,424,1,474.03,0.6931471805599453,6.163377959935002,0,Lower-Value Customers
17105,159,2,665.78,1.0986122886681098,6.50246015642561,0,Lower-Value Customers
17106,389,1,481.58,0.6931471805599453,6.179146710144033,0,Lower-Value Customers
17107,33,10,16052.72,2.3978952727983707,9.683695877403258,1,Higher-Value Customers
17108,664,1,174.95,0.6931471805599453,5.170199863767594,0,Lower-Value Customers
17109,29,8,1291.71,2.1972245773362196,7.1644960690068675,1,Higher-Value Customers
17110,165,3,499.9,1.3862943611198906,6.216406480363571,0,Lower-Value Customers
17111,47,2,459.58,1.0986122886681098,6.13248656481987,0,Lower-Value Customers
17112,503,1,197.57,0.6931471805599453,5.2911416827989415,0,Lower-Value Customers
17113,574,6,2305.59,1.9459101490553132,7.743525522397025,0,Lower-Value Customers
17114,6,8,801.12,2.1972245773362196,6.687258222608833,1,Higher-Value Customers
17115,8,7,2761.49,2.0794415416798357,7.923887725909954,1,Higher-Value Customers
17116,648,1,389.78,0.6931471805599453,5.968144741786365,0,Lower-Value Customers
17117,288,1,116.2,0.6931471805599453,4.763881877142913,0,Lower-Value Customers
17118,318,1,157.02,0.6931471805599453,5.062721607294587,0,Lower-Value Customers
17119,3,2,606.91,1.0986122886681098,6.410026844693401,0,Lower-Value Customers
17120,233,1,307.46,0.6931471805599453,5.731592175295468,0,Lower-Value Customers
17121,403,1,314.74,0.6931471805599453,5.754919090103581,0,Lower-Value Customers
17122,119,4,570.5,1.6094379124341003,6.348264483234865,0,Lower-Value Customers
17123,162,3,977.17,1.3862943611198906,6.885683479060033,0,Lower-Value Customers
17124,185,1,294.24,0.6931471805599453,5.687788584901852,0,Lower-Value Customers
17125,50,1,230.5,0.6931471805599453,5.444579873526289,0,Lower-Value Customers
17126,152,9,2016.43,2.302585092994046,7.609579703135726,1,Higher-Value Customers
17127,429,5,1155.03,1.791759469228055,7.052747000452681,0,Lower-Value Customers
17128,335,1,157.09,0.6931471805599453,5.063164491108096,0,Lower-Value Customers
17129,520,1,31.85,0.6931471805599453,3.4919517449306197,0,Lower-Value Customers
17131,5,5,2463.17,1.791759469228055,7.8096103157799615,1,Higher-Value Customers
17132,452,2,1220.91,1.0986122886681098,7.108170487264764,0,Lower-Value Customers
17133,16,12,14622.33,2.5649493574615367,9.590373477545919,1,Higher-Value Customers
17134,107,3,625.3,1.3862943611198906,6.439829489531367,0,Lower-Value Customers
17135,16,10,1722.18,2.3978952727983707,7.451926700020936,1,Higher-Value Customers
17136,662,1,231.68,0.6931471805599453,5.449664119042561,0,Lower-Value Customers
17137,416,6,1099.81,1.9459101490553132,7.003801551440143,0,Lower-Value Customers
17138,276,7,4417.27,2.0794415416798357,8.393503495738775,1,Higher-Value Customers
17139,16,25,19566.76,3.258096538021482,9.881638592929416,1,Higher-Value Customers
17140,247,1,454.12,0.6931471805599453,6.1205611204423915,0,Lower-Value Customers
17141,418,4,727.58,1.6094379124341003,6.591097434293783,0,Lower-Value Customers
17142,239,4,1275.25,1.6094379124341003,7.151681369478875,1,Higher-Value Customers
17143,417,2,880.97,1.0986122886681098,6.782158041822873,0,Lower-Value Customers
17144,1,2,984.57,1.0986122886681098,6.893220154004312,1,Higher-Value Customers
17145,513,4,3120.91,1.6094379124341003,8.046200272985285,0,Lower-Value Customers
17146,106,13,5852.64,2.6390573296152584,8.67481896894814,1,Higher-Value Customers
17147,23,9,3199.95,2.302585092994046,8.071202919729155,1,Higher-Value Customers
17148,52,1,124.88,0.6931471805599453,4.835329072196206,0,Lower-Value Customers
17149,451,1,143.1,0.6931471805599453,4.970507503005476,0,Lower-Value Customers
17150,377,6,1357.95,1.9459101490553132,7.214467621715665,0,Lower-Value Customers
17151,735,1,231.9,0.6931471805599453,5.450609176890295,0,Lower-Value Customers
17152,195,4,2016.5,1.6094379124341003,7.609614400144104,1,Higher-Value Customers
17153,24,1,213.78,0.6931471805599453,5.369614248430071,0,Lower-Value Customers
17154,75,1,329.34,0.6931471805599453,5.800122427092944,0,Lower-Value Customers
17155,18,7,892.46,2.0794415416798357,6.795101565830168,1,Higher-Value Customers
17156,492,1,591.87,0.6931471805599453,6.384975150681265,0,Lower-Value Customers
17157,8,19,5151.9,2.995732273553991,8.547314941968759,1,Higher-Value Customers
17158,32,5,1980.0,1.791759469228055,7.591357046698551,1,Higher-Value Customers
17159,22,5,2099.59,1.791759469228055,7.6499735366327375,1,Higher-Value Customers
17160,31,17,10209.16,2.8903717578961645,9.231138581946796,1,Higher-Value Customers
17161,444,1,856.01,0.6931471805599453,6.753449587141137,0,Lower-Value Customers
17162,29,10,1715.46,2.3978952727983707,7.448019309392898,1,Higher-Value Customers
17163,22,4,699.78,1.6094379124341003,6.552194000402157,1,Higher-Value Customers
17164,33,7,2467.35,2.0794415416798357,7.811305190205457,1,Higher-Value Customers
17165,284,6,1794.32,1.9459101490553132,7.492938558014141,1,Higher-Value Customers
17166,39,2,206.34,1.0986122886681098,5.334359957894966,0,Lower-Value Customers
17167,380,3,867.11,1.3862943611198906,6.7663184347416205,0,Lower-Value Customers
17168,499,1,400.2,0.6931471805599453,5.994460056087781,0,Lower-Value Customers
17169,58,3,1156.73,1.3862943611198906,7.054216470325016,1,Higher-Value Customers
17170,374,2,178.68,1.0986122886681098,5.191177490990133,0,Lower-Value Customers
17171,289,2,384.59,1.0986122886681098,5.95477462879015,0,Lower-Value Customers
17172,79,3,956.57,1.3862943611198906,6.864398825432219,1,Higher-Value Customers
17173,5,8,3766.6,2.1972245773362196,8.234193472948663,1,Higher-Value Customers
17174,218,1,59.9,0.6931471805599453,4.109233174715851,0,Lower-Value Customers
17175,44,4,1443.69,1.6094379124341003,7.275650044659092,1,Higher-Value Customers
17176,202,3,902.32,1.3862943611198906,6.8060768649491035,0,Lower-Value Customers
17177,505,1,119.5,0.6931471805599453,4.791649752930709,0,Lower-Value Customers
17178,731,1,432.96,0.6931471805599453,6.07295236395425,0,Lower-Value Customers
17179,178,6,1507.26,1.9459101490553132,7.318711947499455,1,Higher-Value Customers
17180,56,11,2236.77,2.4849066497880004,7.7132351132599855,1,Higher-Value Customers
17181,57,3,309.85,1.3862943611198906,5.739310480715346,0,Lower-Value Customers
17182,423,2,321.3,1.0986122886681098,5.775482788821392,0,Lower-Value Customers
17183,8,6,3347.31,1.9459101490553132,8.116211019915529,1,Higher-Value Customers
17184,569,2,198.41,1.0986122886681098,5.2953630067216,0,Lower-Value Customers
17185,592,3,229.46,1.3862943611198906,5.440077311585869,0,Lower-Value Customers
17186,47,2,144.0,1.0986122886681098,4.976733742420574,0,Lower-Value Customers
17187,227,2,467.71,1.0986122886681098,6.149984240310191,0,Lower-Value Customers
17188,11,13,4592.93,2.6390573296152584,8.432491145866956,1,Higher-Value Customers
17189,106,5,953.63,1.791759469228055,6.861323830853598,1,Higher-Value Customers
17190,59,7,1726.57,2.0794415416798357,7.454471075804953,1,Higher-Value Customers
17191,28,15,4310.34,2.772588722239781,8.369004039649278,1,Higher-Value Customers
17192,536,1,75.28,0.6931471805599453,4.3344107807322185,0,Lower-Value Customers
17193,36,9,2310.04,2.302585092994046,7.745452918649038,1,Higher-Value Customers
17194,274,3,812.5,1.3862943611198906,6.7013459266590925,0,Lower-Value Customers
17195,655,1,562.98,0.6931471805599453,6.335018789876395,0,Lower-Value Customers
17196,428,1,327.75,0.6931471805599453,5.795297583491974,0,Lower-Value Customers
17197,30,1,1013.01,0.6931471805599453,6.921668046035439,0,Lower-Value Customers
17198,24,3,692.22,1.3862943611198906,6.541347409127499,1,Higher-Value Customers
17199,582,1,135.04,0.6931471805599453,4.912948960138995,0,Lower-Value Customers
17200,387,4,356.71,1.6094379124341003,5.879722602262234,0,Lower-Value Customers
17201,54,4,1143.1,1.6094379124341003,7.042373580706898,1,Higher-Value Customers
17202,421,1,160.65,0.6931471805599453,5.0854335041714425,0,Lower-Value Customers
17203,36,10,5564.09,2.3978952727983707,8.624268436085611,1,Higher-Value Customers
17204,175,9,5504.69,2.302585092994046,8.613537381901759,1,Higher-Value Customers
17205,54,3,999.35,1.3862943611198906,6.908105217746425,1,Higher-Value Customers
17206,53,1,204.24,0.6931471805599453,5.324180026073764,0,Lower-Value Customers
17207,652,1,292.62,0.6931471805599453,5.6822864143113145,0,Lower-Value Customers
17208,396,1,111.15,0.6931471805599453,4.719837260966218,0,Lower-Value Customers
17209,649,3,595.7,1.3862943611198906,6.391414474528037,0,Lower-Value Customers
17210,393,1,251.72,0.6931471805599453,5.53228215649383,0,Lower-Value Customers
17211,27,13,3773.35,2.6390573296152584,8.235983461427049,1,Higher-Value Customers
17212,253,3,794.41,1.3862943611198906,6.678857704985231,0,Lower-Value Customers
17213,40,13,4869.4,2.6390573296152584,8.490931348227312,1,Higher-Value Customers
17214,60,6,1059.12,1.9459101490553132,6.966137388245792,1,Higher-Value Customers
17215,464,1,186.15,0.6931471805599453,5.231910434350438,0,Lower-Value Customers
17216,554,1,63.6,0.6931471805599453,4.168214410788556,0,Lower-Value Customers
17217,234,2,210.1,1.0986122886681098,5.352331954854275,0,Lower-Value Customers
17218,4,18,3891.39,2.9444389791664403,8.2667786438355,1,Higher-Value Customers
17219,32,2,259.13,1.0986122886681098,5.561181506057179,0,Lower-Value Customers
17220,24,21,4457.31,3.091042453358316,8.402525049437543,1,Higher-Value Customers
17221,7,5,976.62,1.791759469228055,6.885121046473203,1,Higher-Value Customers
17222,65,6,1579.51,1.9459101490553132,7.3655028587473295,1,Higher-Value Customers
17223,310,3,558.04,1.3862943611198906,6.326221026945691,0,Lower-Value Customers
17224,501,1,100.86,0.6931471805599453,4.623599321456458,0,Lower-Value Customers
17225,582,1,131.15,0.6931471805599453,4.883937641050299,0,Lower-Value Customers
17226,309,3,895.47,1.3862943611198906,6.798464829016227,0,Lower-Value Customers
17227,19,12,1878.93,2.5649493574615367,7.538989821088237,1,Higher-Value Customers
17228,16,13,2820.03,2.6390573296152584,7.944857345472213,1,Higher-Value Customers
17229,96,2,318.76,1.0986122886681098,5.767570714403068,0,Lower-Value Customers
17230,264,18,9388.49,2.9444389791664403,9.147346257628257,1,Higher-Value Customers
17231,12,25,7064.8,3.258096538021482,8.863021522961475,1,Higher-Value Customers
17232,3,2,417.77,1.0986122886681098,6.037321843192776,0,Lower-Value Customers
17233,35,3,560.86,1.3862943611198906,6.331252708540276,0,Lower-Value Customers
17234,183,1,149.89,0.6931471805599453,5.01655109452556,0,Lower-Value Customers
17235,25,8,1562.98,2.1972245773362196,7.354989133299708,1,Higher-Value Customers
17236,13,12,1929.26,2.5649493574615367,7.5654099878515835,1,Higher-Value Customers
17237,11,4,994.13,1.6094379124341003,6.9028733818905295,1,Higher-Value Customers
17238,3,32,7331.67,3.4965075614664802,8.90009498503563,1,Higher-Value Customers
17239,313,4,1189.45,1.6094379124341003,7.082086665884911,0,Lower-Value Customers
17240,596,1,130.6,0.6931471805599453,4.879767018891217,0,Lower-Value Customers
17241,385,12,2736.64,2.5649493574615367,7.914851514369583,1,Higher-Value Customers
17242,108,5,2889.28,1.791759469228055,7.9691086622265,1,Higher-Value Customers
17243,1,69,20203.58,4.248495242049359,9.913664590362595,1,Higher-Value Customers
17244,53,5,1826.04,1.791759469228055,7.510452449953338,1,Higher-Value Customers
17245,205,2,371.63,1.0986122886681098,5.920585970224212,0,Lower-Value Customers
17246,547,2,38.92,1.0986122886681098,3.686877451443263,0,Lower-Value Customers
17247,15,1,280.09,0.6931471805599453,5.63867490275106,0,Lower-Value Customers
17248,120,2,500.54,1.0986122886681098,6.21768336493912,0,Lower-Value Customers
17249,429,1,68.03,0.6931471805599453,4.234541192715384,0,Lower-Value Customers
17250,4,2,381.97,1.0986122886681098,5.947956657131048,0,Lower-Value Customers
17251,363,3,798.98,1.3862943611198906,6.6845867273554225,0,Lower-Value Customers
17252,117,2,348.91,1.0986122886681098,5.857675978559423,0,Lower-Value Customers
17253,18,1,178.26,0.6931471805599453,5.188837265929216,0,Lower-Value Customers
17254,5,3,469.48,1.3862943611198906,6.153753450151701,0,Lower-Value Customers
17255,41,4,781.7,1.6094379124341003,6.662749480810793,1,Higher-Value Customers
17256,107,5,498.93,1.791759469228055,6.214468088621277,1,Higher-Value Customers
17257,436,2,189.78,1.0986122886681098,5.251120931717062,0,Lower-Value Customers
17258,397,2,417.3,1.0986122886681098,6.036198878448153,0,Lower-Value Customers
17259,148,6,1452.39,1.9459101490553132,7.281654037740536,1,Higher-Value Customers
17260,411,1,120.95,0.6931471805599453,4.80361112466193,0,Lower-Value Customers
17261,510,1,221.59,0.6931471805599453,5.405331514202519,0,Lower-Value Customers
17262,52,11,2488.76,2.4849066497880004,7.8199415992712,1,Higher-Value Customers
17263,208,1,63.44,0.6931471805599453,4.165734558308774,0,Lower-Value Customers
17264,424,1,268.28,0.6931471805599453,5.595751730442496,0,Lower-Value Customers
17265,139,2,550.01,1.0986122886681098,6.311752957808554,0,Lower-Value Customers
17266,2,5,501.72,1.791759469228055,6.220033355067256,1,Higher-Value Customers
17267,127,2,317.2,1.0986122886681098,5.762680115903686,0,Lower-Value Customers
17268,108,11,1733.89,2.4849066497880004,7.458699289794689,1,Higher-Value Customers
17269,386,1,491.81,0.6931471805599453,6.200123704221218,0,Lower-Value Customers
17270,469,2,601.45,1.0986122886681098,6.401004674369285,0,Lower-Value Customers
17271,736,1,204.3,0.6931471805599453,5.324472324024888,0,Lower-Value Customers
17272,42,4,2148.63,1.6094379124341003,7.673051013288749,1,Higher-Value Customers
17273,424,1,141.12,0.6931471805599453,4.956671771152826,0,Lower-Value Customers
17274,35,2,573.22,1.0986122886681098,6.353012598149689,0,Lower-Value Customers
17275,383,1,114.1,0.6931471805599453,4.745801315727837,0,Lower-Value Customers
17276,402,1,502.49,0.6931471805599453,6.221563850988198,0,Lower-Value Customers
17277,228,2,1065.35,1.0986122886681098,6.9719968810436015,0,Lower-Value Customers
17278,241,2,271.24,1.0986122886681098,5.606684030192651,0,Lower-Value Customers
17279,58,1,187.83,0.6931471805599453,5.240847139393487,0,Lower-Value Customers
17280,438,1,118.86,0.6931471805599453,4.786324395030039,0,Lower-Value Customers
17281,374,6,797.85,1.9459101490553132,6.68317319347358,0,Lower-Value Customers
17282,130,5,2308.54,1.791759469228055,7.744803649486858,1,Higher-Value Customers
17283,379,1,188.46,0.6931471805599453,5.244177920447388,0,Lower-Value Customers
17284,60,8,2788.06,2.1972245773362196,7.933459900483213,1,Higher-Value Customers
17285,628,2,407.94,1.0986122886681098,6.013568446014908,0,Lower-Value Customers
17286,22,3,389.18,1.3862943611198906,5.966608171109115,0,Lower-Value Customers
17287,26,21,3826.86,3.091042453358316,8.250061179281271,1,Higher-Value Customers
17288,9,11,2468.43,2.4849066497880004,7.811742633759938,1,Higher-Value Customers
17289,32,9,2041.8,2.302585092994046,7.622076694773489,1,Higher-Value Customers
17290,4,8,1487.96,2.1972245773362196,7.305833168656283,1,Higher-Value Customers
17291,308,1,550.8,0.6931471805599453,6.313185661783185,0,Lower-Value Customers
17292,472,2,271.75,1.0986122886681098,5.60855562471318,0,Lower-Value Customers
17293,8,17,3750.63,2.8903717578961645,8.229945691190933,1,Higher-Value Customers
17294,669,2,467.79,1.0986122886681098,6.1501549069772725,0,Lower-Value Customers
17295,29,3,547.0,1.3862943611198906,6.306275286948016,0,Lower-Value Customers
17296,730,1,338.13,0.6931471805599453,5.826383514696429,0,Lower-Value Customers
17297,17,1,128.18,0.6931471805599453,4.861206780604327,0,Lower-Value Customers
17298,101,5,954.26,1.791759469228055,6.861983554735969,1,Higher-Value Customers
17299,12,6,993.23,1.9459101490553132,6.901968568220403,1,Higher-Value Customers
17300,391,2,393.64,1.0986122886681098,5.977973956925482,0,Lower-Value Customers
17301,21,2,294.39,1.0986122886681098,5.688296517120754,0,Lower-Value Customers
17302,15,5,1135.63,1.791759469228055,7.035823023024634,1,Higher-Value Customers
17303,361,1,250.04,0.6931471805599453,5.525612288984722,0,Lower-Value Customers
17304,534,1,111.5,0.6931471805599453,4.722953221644475,0,Lower-Value Customers
17305,649,1,2135.46,0.6931471805599453,7.666905532699596,0,Lower-Value Customers
17306,11,21,9782.35,3.091042453358316,9.188437240164195,1,Higher-Value Customers
17307,395,11,3999.89,2.4849066497880004,8.294272115352573,1,Higher-Value Customers
17308,393,2,4511.76,1.0986122886681098,8.41466421870983,0,Lower-Value Customers
17309,95,3,320.39,1.3862943611198906,5.7726553389425765,0,Lower-Value Customers
17310,387,2,1025.1,1.0986122886681098,6.933520486868163,0,Lower-Value Customers
17311,78,6,3566.56,1.9459101490553132,8.179637167709913,1,Higher-Value Customers
17312,139,3,644.3,1.3862943611198906,6.469715324941794,0,Lower-Value Customers
17313,31,1,2328.84,0.6931471805599453,7.7535548746739895,1,Higher-Value Customers
17314,25,17,4904.43,2.8903717578961645,8.498098033804354,1,Higher-Value Customers
17315,2,43,9599.58,3.784189633918261,9.169578792297582,1,Higher-Value Customers
17316,420,1,124.45,0.6931471805599453,4.8319072728124315,0,Lower-Value Customers
17317,46,3,2600.34,1.3862943611198906,7.863781975859922,1,Higher-Value Customers
17318,725,1,157.33,0.6931471805599453,5.0646814625133425,0,Lower-Value Customers
17319,669,1,29.1,0.6931471805599453,3.40452517175483,0,Lower-Value Customers
17320,100,6,2444.85,1.9459101490553132,7.802147989755076,1,Higher-Value Customers
17321,8,6,1665.21,1.9459101490553132,7.418306865203269,1,Higher-Value Customers
17322,376,5,922.59,1.791759469228055,6.828268250223805,0,Lower-Value Customers
17323,15,12,1551.04,2.5649493574615367,7.347325473606917,1,Higher-Value Customers
17324,18,12,2171.07,2.5649493574615367,7.683435908895461,1,Higher-Value Customers
17325,280,3,609.57,1.3862943611198906,6.414392947092451,0,Lower-Value Customers
17326,408,2,312.35,1.0986122886681098,5.747320776670684,0,Lower-Value Customers
17327,410,2,152.35,1.0986122886681098,5.032722890560261,0,Lower-Value Customers
17328,673,1,104.7,0.6931471805599453,4.660604892876192,0,Lower-Value Customers
17329,14,5,998.53,1.791759469228055,6.907285168497517,1,Higher-Value Customers
17330,23,4,423.8,1.6094379124341003,6.051618469927729,1,Higher-Value Customers
17331,124,1,175.2,0.6931471805599453,5.171619713502079,0,Lower-Value Customers
17332,528,5,838.27,1.791759469228055,6.732532466377506,0,Lower-Value Customers
17333,86,1,494.25,0.6931471805599453,6.20506268557866,0,Lower-Value Customers
17334,302,3,635.15,1.3862943611198906,6.45543438458871,0,Lower-Value Customers
17335,384,2,497.04,1.0986122886681098,6.2106803950842115,0,Lower-Value Customers
17336,472,1,81.12,0.6931471805599453,4.408181592150733,0,Lower-Value Customers
17337,151,4,1981.06,1.6094379124341003,7.591891986883801,1,Higher-Value Customers
17338,17,17,11889.33,2.8903717578961645,9.383480743715156,1,Higher-Value Customers
17339,94,3,302.36,1.3862943611198906,5.714920219066657,0,Lower-Value Customers
17340,30,18,19617.95,2.9444389791664403,9.884251214867707,1,Higher-Value Customers
17341,157,5,1272.21,1.791759469228055,7.149296549602667,1,Higher-Value Customers
17342,380,4,1227.54,1.6094379124341003,7.113581751463728,0,Lower-Value Customers
17343,355,6,1259.94,1.9459101490553132,7.1396127535481995,0,Lower-Value Customers
17344,46,2,457.36,1.0986122886681098,6.127654901558247,0,Lower-Value Customers
17345,15,10,1586.63,2.3978952727983707,7.369997617177843,1,Higher-Value Customers
17346,4,26,4998.61,3.295836866004329,8.51711518837408,1,Higher-Value Customers
17347,86,1,228.96,0.6931471805599453,5.43790538075509,0,Lower-Value Customers
17348,15,9,2442.29,2.302585092994046,7.801100770721072,1,Higher-Value Customers
17349,179,5,772.41,1.791759469228055,6.650809309009441,1,Higher-Value Customers
17350,8,7,1893.7,2.0794415416798357,7.5468157936383164,1,Higher-Value Customers
17351,36,12,1988.23,2.5649493574615367,7.595502908166634,1,Higher-Value Customers
17352,696,1,36.25,0.6931471805599453,3.6176519448255684,0,Lower-Value Customers
17353,129,4,3242.0,1.6094379124341003,8.084254106307318,1,Higher-Value Customers
17354,51,4,3133.96,1.6094379124341003,8.050371693814968,1,Higher-Value Customers
17355,386,1,273.31,0.6931471805599453,5.614258853713599,0,Lower-Value Customers
17356,312,5,946.47,1.791759469228055,6.853795274186192,0,Lower-Value Customers
17357,24,2,384.39,1.0986122886681098,5.954255808575653,0,Lower-Value Customers
17358,303,5,861.01,1.791759469228055,6.759266871524477,0,Lower-Value Customers
17359,11,2,284.46,1.0986122886681098,5.654101914201623,0,Lower-Value Customers
17360,17,6,1200.51,1.9459101490553132,7.09133437807156,1,Higher-Value Customers
17361,49,5,871.79,1.791759469228055,6.771694977074673,1,Higher-Value Customers
17362,239,7,1024.04,2.0794415416798357,6.932486915201321,1,Higher-Value Customers
17363,395,3,920.46,1.3862943611198906,6.825959368679954,0,Lower-Value Customers
17364,1,28,11972.92,3.367295829986474,9.390486230320503,1,Higher-Value Customers
17365,13,15,8184.49,2.772588722239781,9.01011835362118,1,Higher-Value Customers
17366,432,2,1077.24,1.0986122886681098,6.983085361197907,0,Lower-Value Customers
17367,238,1,167.55,0.6931471805599453,5.12723244168007,0,Lower-Value Customers
17368,23,14,2758.29,2.70805020110221,7.922728679240859,1,Higher-Value Customers
17369,456,1,979.2,0.6931471805599453,6.887756632475448,0,Lower-Value Customers
17370,73,4,446.18,1.6094379124341003,6.102961198121657,0,Lower-Value Customers
17371,17,6,655.37,1.9459101490553132,6.486724654332361,1,Higher-Value Customers
17372,41,28,4347.31,3.367295829986474,8.377542542847694,1,Higher-Value Customers
17373,40,7,1167.5,2.0794415416798357,7.063476153978913,1,Higher-Value Customers
17374,219,3,727.11,1.3862943611198906,6.5904521356834955,0,Lower-Value Customers
17375,199,4,660.55,1.6094379124341003,6.49458556648842,0,Lower-Value Customers
17376,71,4,453.64,1.6094379124341003,6.119505896988866,0,Lower-Value Customers
17377,24,78,17644.27,4.3694478524670215,9.778223037777508,1,Higher-Value Customers
17378,374,1,10.95,0.6931471805599453,2.4807312783775197,0,Lower-Value Customers
17379,11,1,389.72,0.6931471805599453,5.96799119092234,0,Lower-Value Customers
17380,434,3,645.0,1.3862943611198906,6.470799503782602,0,Lower-Value Customers
17381,9,38,36398.65,3.6635616461296463,10.502314438193988,1,Higher-Value Customers
17382,65,8,902.28,2.1972245773362196,6.806032582872267,1,Higher-Value Customers
17383,4,2,304.09,1.0986122886681098,5.720606815046503,0,Lower-Value Customers
17384,19,3,507.55,1.3862943611198906,6.2315635390716055,0,Lower-Value Customers
17385,15,1,256.11,0.6931471805599453,5.549504008886889,0,Lower-Value Customers
17386,8,7,2812.77,2.0794415416798357,7.942280500147702,1,Higher-Value Customers
17387,20,2,746.81,1.0986122886681098,6.617148935013109,0,Lower-Value Customers
17388,78,11,2675.37,2.4849066497880004,7.892216677759007,1,Higher-Value Customers
17389,1,61,57215.33,4.127134385045092,10.954594626134003,1,Higher-Value Customers
17390,421,1,149.3,0.6931471805599453,5.012633296758929,0,Lower-Value Customers
17391,164,2,508.8,1.0986122886681098,6.234018491942015,0,Lower-Value Customers
17392,307,3,585.92,1.3862943611198906,6.374888524339266,0,Lower-Value Customers
17393,411,2,381.15,1.0986122886681098,5.945813201688893,0,Lower-Value Customers
17394,219,1,203.87,0.6931471805599453,5.3223756316411075,0,Lower-Value Customers
17395,508,1,97.5,0.6931471805599453,4.590056548178043,0,Lower-Value Customers
17396,39,14,8409.6,2.70805020110221,9.037248094060683,1,Higher-Value Customers
17397,22,3,1198.28,1.3862943611198906,7.089476655704059,1,Higher-Value Customers
17398,115,3,653.38,1.3862943611198906,6.483688222474311,0,Lower-Value Customers
17400,126,8,4623.28,2.1972245773362196,8.439075962152135,1,Higher-Value Customers
17401,541,1,114.85,0.6931471805599453,4.752296250878385,0,Lower-Value Customers
17402,5,23,4635.56,3.1780538303479458,8.441727990952408,1,Higher-Value Customers
17403,36,2,382.87,1.0986122886681098,5.950303953602893,0,Lower-Value Customers
17404,4,23,47781.12,3.1780538303479458,10.77440678992478,1,Higher-Value Customers
17405,1,3,1031.41,1.3862943611198906,6.9396511539657,1,Higher-Value Customers
17406,333,13,4186.95,2.6390573296152584,8.339966633046188,1,Higher-Value Customers
17407,412,1,552.9,0.6931471805599453,6.316984165039059,0,Lower-Value Customers
17408,163,3,316.09,1.3862943611198906,5.759185645253913,0,Lower-Value Customers
17409,185,10,7793.51,2.3978952727983707,8.961174918707844,1,Higher-Value Customers
17410,16,5,1214.72,1.791759469228055,7.1030917728535865,1,Higher-Value Customers
17411,12,5,1425.38,1.791759469228055,7.262895045138237,1,Higher-Value Customers
17412,3,16,4220.22,2.833213344056216,8.347879464774909,1,Higher-Value Customers
17413,405,2,560.14,1.0986122886681098,6.329970428756386,0,Lower-Value Customers
17414,44,6,2249.52,1.9459101490553132,7.7189165796075185,1,Higher-Value Customers
17415,80,1,507.84,0.6931471805599453,6.23213362528801,0,Lower-Value Customers
17416,30,22,17298.45,3.1354942159291497,9.758429988072983,1,Higher-Value Customers
17417,549,1,164.18,0.6931471805599453,5.1070357883825706,0,Lower-Value Customers
17418,42,3,670.06,1.3862943611198906,6.508858551752004,1,Higher-Value Customers
17419,11,18,6126.25,2.9444389791664403,8.720501314896335,1,Higher-Value Customers
17420,50,6,953.58,1.9459101490553132,6.861271453168575,1,Higher-Value Customers
17421,386,3,1059.41,1.3862943611198906,6.966410904774026,0,Lower-Value Customers
17422,16,11,3594.76,2.4849066497880004,8.187510652541107,1,Higher-Value Customers
17423,46,3,1118.95,1.3862943611198906,7.0210393204354755,1,Higher-Value Customers
17425,19,2,759.17,1.0986122886681098,6.63354209247732,0,Lower-Value Customers
17426,8,13,8077.77,2.6390573296152584,8.996994912204553,1,Higher-Value Customers
17427,72,1,100.8,0.6931471805599453,4.623010104116422,0,Lower-Value Customers
17428,1,45,31466.76,3.828641396489095,10.356718808624574,1,Higher-Value Customers
17429,128,5,1357.46,1.791759469228055,7.2141069841929415,1,Higher-Value Customers
17430,33,4,622.57,1.6094379124341003,6.435461028265021,1,Higher-Value Customers
17431,313,1,403.3,0.6931471805599453,6.002157176646725,0,Lower-Value Customers
17432,18,9,1728.99,2.302585092994046,7.455870907128298,1,Higher-Value Customers
17433,88,2,569.96,1.0986122886681098,6.347319154662812,0,Lower-Value Customers
17434,2,7,2373.82,2.0794415416798357,7.77267692412289,1,Higher-Value Customers
17435,411,1,331.35,0.6931471805599453,5.806188630487591,0,Lower-Value Customers
17436,2,5,534.06,1.791759469228055,6.282378890140428,1,Higher-Value Customers
17437,530,1,369.68,0.6931471805599453,5.915339156718491,0,Lower-Value Customers
17438,254,5,1422.77,1.791759469228055,7.261063562072737,1,Higher-Value Customers
17439,656,1,325.74,0.6931471805599453,5.789164747598362,0,Lower-Value Customers
17440,157,4,323.58,1.6094379124341003,5.7825320388877355,0,Lower-Value Customers
17441,732,1,293.35,0.6931471805599453,5.68476953547427,0,Lower-Value Customers
17442,37,15,4620.3,2.772588722239781,8.438431329775756,1,Higher-Value Customers
17443,220,1,534.24,0.6931471805599453,6.282715244436788,0,Lower-Value Customers
17444,148,3,2940.04,1.3862943611198906,7.9865185392775535,1,Higher-Value Customers
17446,177,2,120.9,1.0986122886681098,4.803201036487226,0,Lower-Value Customers
17447,40,2,541.53,1.0986122886681098,6.296243383424822,0,Lower-Value Customers
17448,497,46,14523.67,3.8501476017100584,9.583603862012795,1,Higher-Value Customers
17449,2,13,4868.15,2.6390573296152584,8.490674662855428,1,Higher-Value Customers
17450,8,51,244784.25,3.9512437185814275,12.408136574537034,1,Higher-Value Customers
17451,1,7,1721.4,2.0794415416798357,7.451473946050153,1,Higher-Value Customers
17453,18,2,486.72,1.0986122886681098,6.189741470692064,0,Lower-Value Customers
17454,192,10,1547.94,2.3978952727983707,7.345326104999135,1,Higher-Value Customers
17455,204,1,131.7,0.6931471805599453,4.888090941338162,0,Lower-Value Customers
17456,365,2,975.56,1.0986122886681098,6.8840361923615445,0,Lower-Value Customers
17457,127,14,5984.81,2.70805020110221,8.697146947180531,1,Higher-Value Customers
17458,15,2,529.58,1.0986122886681098,6.2739707478156985,0,Lower-Value Customers
17459,43,2,657.3,1.0986122886681098,6.489660754473831,0,Lower-Value Customers
17460,94,16,2157.97,2.833213344056216,7.677386535096358,1,Higher-Value Customers
17461,23,3,735.82,1.3862943611198906,6.602343628980946,1,Higher-Value Customers
17462,60,2,675.69,1.0986122886681098,6.517213265531828,0,Lower-Value Customers
17463,16,7,2535.26,2.0794415416798357,7.838445833961232,1,Higher-Value Customers
17464,158,3,907.14,1.3862943611198906,6.811398551738031,0,Lower-Value Customers
17465,426,7,2542.79,2.0794415416798357,7.841410373882996,1,Higher-Value Customers
17466,10,2,763.28,1.0986122886681098,6.638934214171274,0,Lower-Value Customers
17467,395,1,102.6,0.6931471805599453,4.640537329825382,0,Lower-Value Customers
17468,10,3,194.8,1.3862943611198906,5.27709373009641,0,Lower-Value Customers
17469,16,17,5051.25,2.8903717578961645,8.527588967598358,1,Higher-Value Customers
17470,45,11,2626.47,2.4849066497880004,7.873776684988493,1,Higher-Value Customers
17471,475,1,321.65,0.6931471805599453,5.776568144381849,0,Lower-Value Customers
17472,191,4,922.35,1.6094379124341003,6.828008360891881,0,Lower-Value Customers
17473,409,2,607.0,1.0986122886681098,6.410174881966167,0,Lower-Value Customers
17474,600,1,1047.0,0.6931471805599453,6.954638864880987,0,Lower-Value Customers
17475,79,1,194.37,0.6931471805599453,5.274895196603544,0,Lower-Value Customers
17476,396,2,489.86,1.0986122886681098,6.1961589547536615,0,Lower-Value Customers
17477,613,2,1144.3,1.0986122886681098,7.04342189040367,0,Lower-Value Customers
17478,408,2,1272.8,1.0986122886681098,7.149759837937266,0,Lower-Value Customers
17479,633,1,389.26,0.6931471805599453,5.9668131836668525,0,Lower-Value Customers
17480,78,2,882.23,1.0986122886681098,6.783585642337257,0,Lower-Value Customers
17481,4,4,1255.59,1.6094379124341003,7.136156981955326,1,Higher-Value Customers
17482,487,2,775.64,1.0986122886681098,6.6549769225382365,0,Lower-Value Customers
17483,65,4,591.73,1.6094379124341003,6.384738983338736,1,Higher-Value Customers
17484,576,2,209.57,1.0986122886681098,5.34981813941044,0,Lower-Value Customers
17486,261,1,396.87,0.6931471805599453,5.986125318762377,0,Lower-Value Customers
17487,728,1,160.55,0.6931471805599453,5.084814692270507,0,Lower-Value Customers
17488,641,1,336.5,0.6931471805599453,5.821565510312585,0,Lower-Value Customers
17489,59,2,376.64,1.0986122886681098,5.933941360864316,0,Lower-Value Customers
17490,1,9,2750.5,2.302585092994046,7.919901496499813,1,Higher-Value Customers
17491,1,17,5653.67,2.8903717578961645,8.64023703140981,1,Higher-Value Customers
17492,248,3,1122.42,1.3862943611198906,7.024132883037598,0,Lower-Value Customers
17493,385,1,100.91,0.6931471805599453,4.6240900708406025,0,Lower-Value Customers
17494,502,1,54.7,0.6931471805599453,4.019980146933238,0,Lower-Value Customers
17495,8,3,806.72,1.3862943611198906,6.694215463810622,1,Higher-Value Customers
17496,359,4,1412.89,1.6094379124341003,7.254100049936812,0,Lower-Value Customers
17497,390,2,287.25,1.0986122886681098,5.663828159149168,0,Lower-Value Customers
17498,76,1,272.22,0.6931471805599453,5.610277331459341,0,Lower-Value Customers
17499,290,2,1341.39,1.0986122886681098,7.202206886340738,0,Lower-Value Customers
17500,17,3,1138.0,1.3862943611198906,7.037905963447182,1,Higher-Value Customers
17501,221,2,288.6,1.0986122886681098,5.668500660511562,0,Lower-Value Customers
17502,9,4,689.1,1.6094379124341003,6.536836514626557,1,Higher-Value Customers
17503,3,2,558.96,1.0986122886681098,6.327865352606625,0,Lower-Value Customers
17504,206,18,9490.17,2.9444389791664403,9.158117171675906,1,Higher-Value Customers
17505,162,5,2435.48,1.791759469228055,7.798309653754078,1,Higher-Value Customers
17506,76,1,302.2,0.6931471805599453,5.714392653768217,0,Lower-Value Customers
17507,262,2,605.58,1.0986122886681098,6.407836624054821,0,Lower-Value Customers
17508,281,8,4579.23,2.1972245773362196,8.429504494187944,1,Higher-Value Customers
17509,58,8,6083.64,2.1972245773362196,8.713522841798035,1,Higher-Value Customers
17510,25,2,514.56,1.0986122886681098,6.245253688536579,0,Lower-Value Customers
17511,3,60,172132.87,4.110873864173311,12.056027767019842,1,Higher-Value Customers
17512,29,18,5467.82,2.9444389791664403,8.606818150024004,1,Higher-Value Customers
17513,72,3,1158.8,1.3862943611198906,7.05600285544234,1,Higher-Value Customers
17514,128,2,522.0,1.0986122886681098,6.259581464064923,0,Lower-Value Customers
17515,31,9,1602.51,2.302585092994046,7.379950255471731,1,Higher-Value Customers
17516,15,6,947.5,1.9459101490553132,6.854881789375069,1,Higher-Value Customers
17517,309,1,153.94,0.6931471805599453,5.043037945203756,0,Lower-Value Customers
17518,426,2,329.42,1.0986122886681098,5.8003645725024455,0,Lower-Value Customers
17519,17,15,4774.17,2.772588722239781,8.471184854375332,1,Higher-Value Customers
17520,54,1,546.81,0.6931471805599453,6.305928511499892,0,Lower-Value Customers
17521,30,5,1278.06,1.791759469228055,7.153880712128252,1,Higher-Value Customers
17522,2,5,1070.71,1.791759469228055,6.977010782644906,1,Higher-Value Customers
17523,11,4,652.74,1.6094379124341003,6.48270971889503,1,Higher-Value Customers
17524,361,3,539.14,1.3862943611198906,6.291828365215705,0,Lower-Value Customers
17525,360,3,1161.9,1.3862943611198906,7.058672164298998,0,Lower-Value Customers
17526,5,12,3939.24,2.5649493574615367,8.278996914142398,1,Higher-Value Customers
17527,54,4,939.37,1.6094379124341003,6.8462734148384685,1,Higher-Value Customers
17528,1,8,3628.5,2.1972245773362196,8.196850176724896,1,Higher-Value Customers
17529,610,2,1240.25,1.0986122886681098,7.123874215359383,0,Lower-Value Customers
17530,1,12,2791.69,2.5649493574615367,7.934760568020008,1,Higher-Value Customers
17531,190,3,1266.82,1.3862943611198906,7.145054169084526,0,Lower-Value Customers
17532,386,1,65.34,0.6931471805599453,4.1947930335189065,0,Lower-Value Customers
17533,435,1,34.8,0.6931471805599453,3.5779478934066544,0,Lower-Value Customers
17534,54,5,1668.83,1.791759469228055,7.42047710382201,1,Higher-Value Customers
17535,280,1,164.4,0.6931471805599453,5.108366782589591,0,Lower-Value Customers
17536,177,3,364.83,1.3862943611198906,5.902168744622394,0,Lower-Value Customers
17537,30,2,887.67,1.0986122886681098,6.789725963001244,0,Lower-Value Customers
17538,26,1,98.42,0.6931471805599453,4.599353300666526,0,Lower-Value Customers
17539,618,4,1176.84,1.6094379124341003,7.071437531557153,0,Lower-Value Customers
17540,25,6,1590.6,1.9459101490553132,7.372495078552774,1,Higher-Value Customers
17541,510,1,119.86,0.6931471805599453,4.794632850933413,0,Lower-Value Customers
17542,270,3,340.85,1.3862943611198906,5.834372044359803,0,Lower-Value Customers
17543,550,1,120.05,0.6931471805599453,4.796203683384068,0,Lower-Value Customers
17544,390,3,944.82,1.3862943611198906,6.852052276105886,0,Lower-Value Customers
17545,43,6,1409.86,1.9459101490553132,7.251954726519087,1,Higher-Value Customers
17547,376,2,727.85,1.0986122886681098,6.5914679495200215,0,Lower-Value Customers
17548,234,4,731.26,1.6094379124341003,6.596135642152661,0,Lower-Value Customers
17549,24,2,148.86,1.0986122886681098,5.0097015249361645,0,Lower-Value Customers
17550,197,9,2506.64,2.302585092994046,7.827097350780007,1,Higher-Value Customers
17551,359,1,290.34,0.6931471805599453,5.674490970020802,0,Lower-Value Customers
17552,60,12,2786.77,2.5649493574615367,7.932997272064199,1,Higher-Value Customers
17553,130,4,3757.6,1.6094379124341003,8.231801826622501,1,Higher-Value Customers
17554,1,5,1952.45,1.791759469228055,7.577352319081822,1,Higher-Value Customers
17555,20,5,1045.74,1.791759469228055,6.953435851474111,1,Higher-Value Customers
17556,206,2,300.67,1.0986122886681098,5.709333704694526,0,Lower-Value Customers
17557,14,4,575.46,1.6094379124341003,6.356905953086827,1,Higher-Value Customers
17558,393,1,259.17,0.6931471805599453,5.561335263505108,0,Lower-Value Customers
17559,513,1,167.62,0.6931471805599453,5.12764766249453,0,Lower-Value Customers
17560,95,8,1895.8,2.1972245773362196,7.547923534751195,1,Higher-Value Customers
17561,19,4,703.02,1.6094379124341003,6.556806764845421,1,Higher-Value Customers
17562,14,7,1122.38,2.0794415416798357,7.024097276842117,1,Higher-Value Customers
17563,578,2,392.38,1.0986122886681098,5.974776065821747,0,Lower-Value Customers
17564,24,3,454.01,1.3862943611198906,6.120319396731415,0,Lower-Value Customers
17565,587,1,131.83,0.6931471805599453,4.8890701151444125,0,Lower-Value Customers
17566,8,2,869.77,1.0986122886681098,6.769377877687473,0,Lower-Value Customers
17567,7,9,4838.08,2.302585092994046,8.484479898998053,1,Higher-Value Customers
17568,633,1,374.45,0.6931471805599453,5.928125306545893,0,Lower-Value Customers
17569,332,1,344.14,0.6931471805599453,5.843950131819433,0,Lower-Value Customers
17570,382,1,100.0,0.6931471805599453,4.61512051684126,0,Lower-Value Customers
17571,50,5,1630.91,1.791759469228055,7.397506386944574,1,Higher-Value Customers
17572,71,10,652.21,2.3978952727983707,6.48189867022591,1,Higher-Value Customers
17573,29,3,380.6,1.3862943611198906,5.944372939574132,0,Lower-Value Customers
17574,243,1,185.65,0.6931471805599453,5.229235205360593,0,Lower-Value Customers
17575,667,1,171.7,0.6931471805599453,5.1515559851526325,0,Lower-Value Customers
17576,8,41,8711.95,3.7376696182833684,9.072565703663232,1,Higher-Value Customers
17577,645,2,348.75,1.0986122886681098,5.857218613545591,0,Lower-Value Customers
17578,218,7,1047.33,2.0794415416798357,6.954953700811138,1,Higher-Value Customers
17579,5,4,753.28,1.6094379124341003,6.625763651858722,1,Higher-Value Customers
17580,253,5,541.02,1.791759469228055,6.295302901127848,0,Lower-Value Customers
17581,1,43,17951.17,3.784189633918261,9.795466277974555,1,Higher-Value Customers
17582,236,5,1446.95,1.791759469228055,7.277904041962734,1,Higher-Value Customers
17583,560,1,135.95,0.6931471805599453,4.919615895709087,0,Lower-Value Customers
17584,7,6,5309.42,1.9459101490553132,8.577426207153255,1,Higher-Value Customers
17585,109,7,2064.71,2.0794415416798357,7.633229271966494,1,Higher-Value Customers
17586,619,1,167.4,0.6931471805599453,5.126342101808226,0,Lower-Value Customers
17587,628,1,176.71,0.6931471805599453,5.1801530081973945,0,Lower-Value Customers
17588,100,7,2939.55,2.0794415416798357,7.986351917666346,1,Higher-Value Customers
17589,60,18,13837.94,2.9444389791664403,9.535241636643152,1,Higher-Value Customers
17590,2,3,1468.02,1.3862943611198906,7.292350790785078,1,Higher-Value Customers
17591,73,8,2339.32,2.1972245773362196,7.758042951138778,1,Higher-Value Customers
17592,739,1,148.3,0.6931471805599453,5.005957704545144,0,Lower-Value Customers
17593,4,11,8092.32,2.4849066497880004,8.99879430905751,1,Higher-Value Customers
17594,85,4,2497.88,1.6094379124341003,7.8235979104743105,1,Higher-Value Customers
17595,12,2,386.69,1.0986122886681098,5.960206051205209,0,Lower-Value Customers
17596,23,13,4491.46,2.6390573296152584,8.410155714889639,1,Higher-Value Customers
17597,214,5,3484.09,1.791759469228055,8.156249147825298,1,Higher-Value Customers
17598,381,1,409.98,0.6931471805599453,6.018544551511725,0,Lower-Value Customers
17599,478,1,52.05,0.6931471805599453,3.971234865059992,0,Lower-Value Customers
17600,18,1,161.67,0.6931471805599453,5.091723608778362,0,Lower-Value Customers
17601,239,2,413.08,1.0986122886681098,6.026059191872481,0,Lower-Value Customers
17602,2,14,7354.43,2.70805020110221,8.90319409495679,1,Higher-Value Customers
17603,78,4,1788.38,1.6094379124341003,7.489624470120218,1,Higher-Value Customers
17604,217,6,942.38,1.9459101490553132,6.84946917071024,1,Higher-Value Customers
17605,590,1,160.75,0.6931471805599453,5.08605193338101,0,Lower-Value Customers
17606,737,1,87.3,0.6931471805599453,4.480740107609915,0,Lower-Value Customers
17607,376,1,333.81,0.6931471805599453,5.813563206747519,0,Lower-Value Customers
17608,33,4,488.06,1.6094379124341003,6.192485181334421,1,Higher-Value Customers
17609,41,11,1887.9,2.4849066497880004,7.543749928037774,1,Higher-Value Customers
17610,540,5,1511.94,1.791759469228055,7.321810056690061,0,Lower-Value Customers
17611,7,28,8337.53,3.367295829986474,9.028642220824546,1,Higher-Value Customers
17612,53,18,5394.86,2.9444389791664403,8.593387271846513,1,Higher-Value Customers
17613,23,14,4544.55,2.70805020110221,8.421904011391415,1,Higher-Value Customers
17614,57,1,386.32,0.6931471805599453,5.959251224743331,0,Lower-Value Customers
17615,130,6,721.8,1.9459101490553132,6.583132558718074,1,Higher-Value Customers
17616,174,4,734.4,1.6094379124341003,6.600414568867172,0,Lower-Value Customers
17617,559,1,385.19,0.6931471805599453,5.956329476339652,0,Lower-Value Customers
17618,6,11,4001.64,2.4849066497880004,8.294709422397812,1,Higher-Value Customers
17619,312,1,214.37,0.6931471805599453,5.372357479256501,0,Lower-Value Customers
17620,60,1,81.44,0.6931471805599453,4.412070756022258,0,Lower-Value Customers
17621,21,6,3175.12,1.9459101490553132,8.063415605028567,1,Higher-Value Customers
17622,598,2,1130.21,1.0986122886681098,7.031043135272966,0,Lower-Value Customers
17623,33,7,2365.77,2.0794415416798357,7.7692814353799715,1,Higher-Value Customers
17624,15,4,1568.63,1.6094379124341003,7.358595201778292,1,Higher-Value Customers
17625,18,8,5978.9,2.1972245773362196,8.69615912439683,1,Higher-Value Customers
17626,603,1,254.0,0.6931471805599453,5.541263545158426,0,Lower-Value Customers
17627,479,1,296.36,0.6931471805599453,5.694943525988997,0,Lower-Value Customers
17628,81,1,75.75,0.6931471805599453,4.340553386467307,0,Lower-Value Customers
17629,6,10,2455.52,2.3978952727983707,7.8065009932405305,1,Higher-Value Customers
17630,170,2,503.6,1.0986122886681098,6.223766036206958,0,Lower-Value Customers
17631,2,7,998.49,2.0794415416798357,6.907245148887903,1,Higher-Value Customers
17633,31,7,2057.39,2.0794415416798357,7.629679402813487,1,Higher-Value Customers
17634,36,9,2358.59,2.302585092994046,7.766243154113498,1,Higher-Value Customers
17635,424,3,1265.58,1.3862943611198906,7.144075633652909,0,Lower-Value Customers
17636,19,1,285.56,0.6931471805599453,5.657947938312402,0,Lower-Value Customers
17637,31,2,547.06,1.0986122886681098,6.3063847700056215,0,Lower-Value Customers
17638,647,2,842.4,1.0986122886681098,6.73744134131246,0,Lower-Value Customers
17639,276,6,615.17,1.9459101490553132,6.423522899485667,0,Lower-Value Customers
17640,87,6,3168.94,1.9459101490553132,8.061467939247406,1,Higher-Value Customers
17642,120,5,1824.49,1.791759469228055,7.509603723129441,1,Higher-Value Customers
17643,373,2,439.7,1.0986122886681098,6.088364371847941,0,Lower-Value Customers
17644,1,20,6028.6,3.044522437723423,8.704435952529261,1,Higher-Value Customers
17646,219,12,3898.79,2.5649493574615367,8.268677984514136,1,Higher-Value Customers
17647,65,3,331.66,1.3862943611198906,5.807120947362389,0,Lower-Value Customers
17648,61,5,2216.37,1.791759469228055,7.70407708788802,1,Higher-Value Customers
17649,138,3,1578.89,1.3862943611198906,7.365110503344246,1,Higher-Value Customers
17650,21,1,166.08,0.6931471805599453,5.118472739628975,0,Lower-Value Customers
17651,12,16,5703.52,2.833213344056216,8.64901412203431,1,Higher-Value Customers
17652,25,12,4867.72,2.5649493574615367,8.490586347854247,1,Higher-Value Customers
17653,37,4,1207.56,1.6094379124341003,7.09718484723547,1,Higher-Value Customers
17654,277,1,117.55,0.6931471805599453,4.775334812511415,0,Lower-Value Customers
17655,11,9,2976.38,2.302585092994046,7.998798998150295,1,Higher-Value Customers
17656,73,5,1674.69,1.791759469228055,7.4239802997335635,1,Higher-Value Customers
17657,430,1,126.0,0.6931471805599453,4.844187086458591,0,Lower-Value Customers
17658,26,2,595.42,1.0986122886681098,6.39094511686889,0,Lower-Value Customers
17659,17,14,3586.99,2.70805020110221,8.185347436106799,1,Higher-Value Customers
17660,141,2,342.22,1.0986122886681098,5.838371640974157,0,Lower-Value Customers
17662,662,2,412.92,1.0986122886681098,6.025672718437719,0,Lower-Value Customers
17663,26,17,5175.83,2.8903717578961645,8.551948178812031,1,Higher-Value Customers
17664,19,4,1166.23,1.6094379124341003,7.062388699414255,1,Higher-Value Customers
17665,493,1,563.1,0.6931471805599453,6.33523154074593,0,Lower-Value Customers
17666,4,5,2047.8,1.791759469228055,7.625009534885316,1,Higher-Value Customers
17667,66,9,3950.7,2.302585092994046,8.281901145055203,1,Higher-Value Customers
17668,1,2,347.75,1.0986122886681098,5.854355333135575,0,Lower-Value Customers
17669,43,10,6142.35,2.3978952727983707,8.723125474960066,1,Higher-Value Customers
17670,228,1,205.7,0.6931471805599453,5.331268466687723,0,Lower-Value Customers
17671,16,5,2009.16,1.791759469228055,7.605969599875101,1,Higher-Value Customers
17672,50,7,5778.63,2.0794415416798357,8.66209494577662,1,Higher-Value Customers
17673,2,13,4173.88,2.6390573296152584,8.336840894356913,1,Higher-Value Customers
17674,74,2,551.04,1.0986122886681098,6.313620507419839,0,Lower-Value Customers
17675,1,70,37642.48,4.2626798770413155,10.535915044260912,1,Higher-Value Customers
17676,4,10,2448.64,2.3978952727983707,7.803696353966703,1,Higher-Value Customers
17677,2,54,35058.46,4.007333185232471,10.464800756188898,1,Higher-Value Customers
17678,264,2,599.76,1.0986122886681098,6.39819552033738,0,Lower-Value Customers
17679,53,7,3577.61,2.0794415416798357,8.182729735842724,1,Higher-Value Customers
17680,24,3,497.45,1.3862943611198906,6.211503283468713,0,Lower-Value Customers
17681,597,5,731.2,1.791759469228055,6.596053700686136,0,Lower-Value Customers
17682,10,11,4065.28,2.4849066497880004,8.31048385556545,1,Higher-Value Customers
17683,386,3,819.01,1.3862943611198906,6.70931653530589,0,Lower-Value Customers
17684,44,1,239.41,0.6931471805599453,5.482345799133678,0,Lower-Value Customers
17685,17,12,5454.95,2.5649493574615367,8.604462035258432,1,Higher-Value Customers
17686,7,9,8296.81,2.302585092994046,9.023746903547035,1,Higher-Value Customers
17687,421,1,432.68,0.6931471805599453,6.072306934952083,0,Lower-Value Customers
17688,394,1,304.2,0.6931471805599453,5.720967299410302,0,Lower-Value Customers
17689,388,2,317.08,1.0986122886681098,5.7623029234682095,0,Lower-Value Customers
17690,30,20,6963.8,3.044522437723423,8.848624170798033,1,Higher-Value Customers
17691,358,4,637.55,1.6094379124341003,6.459199980942271,0,Lower-Value Customers
17692,127,12,2975.8,2.5649493574615367,7.998604177032413,1,Higher-Value Customers
17693,137,1,200.47,0.6931471805599453,5.305640486927818,0,Lower-Value Customers
17694,142,3,1695.97,1.3862943611198906,7.4365995868222186,1,Higher-Value Customers
17695,132,5,1746.04,1.791759469228055,7.465678206265756,1,Higher-Value Customers
17696,38,27,7679.59,3.332204510175204,8.946451646107656,1,Higher-Value Customers
17697,236,1,338.95,0.6931471805599453,5.828798547972468,0,Lower-Value Customers
17698,261,1,154.95,0.6931471805599453,5.049535443053812,0,Lower-Value Customers
17699,477,2,442.0,1.0986122886681098,6.093569770045136,0,Lower-Value Customers
17700,17,14,6679.97,2.70805020110221,8.807018465569639,1,Higher-Value Customers
17701,253,1,417.95,0.6931471805599453,6.037751581059295,0,Lower-Value Customers
17702,30,6,3144.04,1.9459101490553132,8.053581887654614,1,Higher-Value Customers
17703,35,4,1094.84,1.6094379124341003,6.999276471449595,1,Higher-Value Customers
17704,169,2,885.19,1.0986122886681098,6.786931374567216,0,Lower-Value Customers
17705,3,11,2083.9,2.4849066497880004,7.642476171452011,1,Higher-Value Customers
17706,4,31,20272.15,3.4657359027997265,9.917052629444422,1,Higher-Value Customers
17707,185,8,609.3,2.1972245773362196,6.413950639550449,1,Higher-Value Customers
17708,188,4,884.18,1.6094379124341003,6.785791014157531,0,Lower-Value Customers
17709,170,5,671.01,1.791759469228055,6.51027322136481,1,Higher-Value Customers
17710,424,1,293.5,0.6931471805599453,5.685279003091641,0,Lower-Value Customers
17711,11,2,385.1,1.0986122886681098,5.956096403270191,0,Lower-Value Customers
17712,45,1,522.91,0.6931471805599453,6.261319913844147,0,Lower-Value Customers
17713,382,4,1198.09,1.6094379124341003,7.089318214762589,0,Lower-Value Customers
17714,321,5,1410.18,1.791759469228055,7.252181512816498,0,Lower-Value Customers
17715,201,2,489.6,1.0986122886681098,6.195629131824389,0,Lower-Value Customers
17716,23,24,15956.97,3.2188758248682006,9.67771366993163,1,Higher-Value Customers
17717,421,1,376.92,0.6931471805599453,5.934682533008997,0,Lower-Value Customers
17718,232,2,439.18,1.0986122886681098,6.087183734166526,0,Lower-Value Customers
17719,38,15,5396.04,2.772588722239781,8.593605934116098,1,Higher-Value Customers
17720,26,10,2666.91,2.3978952727983707,7.889050673333106,1,Higher-Value Customers
17721,659,1,307.21,0.6931471805599453,5.730781368822976,0,Lower-Value Customers
17722,96,5,3520.22,1.791759469228055,8.166562799452478,1,Higher-Value Customers
17723,127,7,3378.4,2.0794415416798357,8.12545345792655,1,Higher-Value Customers
17724,71,3,1033.0,1.3862943611198906,6.9411900550683745,1,Higher-Value Customers
17725,16,11,3439.08,2.4849066497880004,8.143250005910986,1,Higher-Value Customers
17726,395,7,1092.06,2.0794415416798357,6.996736381454871,0,Lower-Value Customers
17727,15,1,1060.25,0.6931471805599453,6.967202737625557,0,Lower-Value Customers
17728,4,5,4238.76,1.791759469228055,8.352261942850365,1,Higher-Value Customers
17729,596,1,438.65,0.6931471805599453,6.085978955825011,0,Lower-Value Customers
17730,3,20,7773.8,3.044522437723423,8.958643013243911,1,Higher-Value Customers
17731,79,6,1708.99,1.9459101490553132,7.44424280152639,1,Higher-Value Customers
17732,373,8,2166.42,2.1972245773362196,7.681292799092348,1,Higher-Value Customers
17733,39,2,692.19,1.0986122886681098,6.541304131886272,0,Lower-Value Customers
17734,54,6,1442.32,1.9459101490553132,7.274701294410468,1,Higher-Value Customers
17735,2,26,16790.33,3.295836866004329,9.728617960752086,1,Higher-Value Customers
17736,9,3,377.44,1.3862943611198906,5.936057539836243,0,Lower-Value Customers
17737,9,2,168.24,1.0986122886681098,5.131317825851867,0,Lower-Value Customers
17738,19,13,4183.56,2.6390573296152584,8.339156840000792,1,Higher-Value Customers
17739,12,18,7730.59,2.9444389791664403,8.953069812538414,1,Higher-Value Customers
17740,389,6,426.9,1.9459101490553132,6.0588895234227715,0,Lower-Value Customers
17741,407,2,101.1,1.0986122886681098,4.625952725170619,0,Lower-Value Customers
17742,113,11,2098.48,2.4849066497880004,7.649444974001237,1,Higher-Value Customers
17743,448,1,229.2,0.6931471805599453,5.438948496287782,0,Lower-Value Customers
17744,4,7,2649.14,2.0794415416798357,7.882367747773482,1,Higher-Value Customers
17745,478,2,600.34,1.0986122886681098,6.399160498367506,0,Lower-Value Customers
17746,240,4,904.18,1.6094379124341003,6.808133818950557,0,Lower-Value Customers
17747,113,1,71.4,0.6931471805599453,4.282206299391671,0,Lower-Value Customers
17748,527,1,358.15,0.6931471805599453,5.88374012852081,0,Lower-Value Customers
17749,178,3,1026.18,1.3862943611198906,6.934572462341162,0,Lower-Value Customers
17750,5,9,1710.45,2.302585092994046,7.445096243403855,1,Higher-Value Customers
17751,421,1,157.86,0.6931471805599453,5.068023311204986,0,Lower-Value Customers
17752,359,1,80.64,0.6931471805599453,4.402319337941644,0,Lower-Value Customers
17753,464,4,382.06,1.6094379124341003,5.948191634874515,0,Lower-Value Customers
17754,1,13,4451.22,2.6390573296152584,8.401158127167317,1,Higher-Value Customers
17756,376,3,728.75,1.3862943611198906,6.592702009734224,0,Lower-Value Customers
17757,1,56,9074.05,4.04305126783455,9.113284168759746,1,Higher-Value Customers
17758,19,12,4964.03,2.5649493574615367,8.510174618757091,1,Higher-Value Customers
17759,17,5,1261.88,1.791759469228055,7.141150105960093,1,Higher-Value Customers
17760,22,6,746.39,1.9459101490553132,6.616587137245524,1,Higher-Value Customers
17761,33,1,712.78,0.6931471805599453,6.570574791610563,0,Lower-Value Customers
17762,456,1,129.75,0.6931471805599453,4.873287102945032,0,Lower-Value Customers
17763,263,4,86.15,1.6094379124341003,4.46763077196603,0,Lower-Value Customers
17764,51,5,1513.57,1.791759469228055,7.322886849273733,1,Higher-Value Customers
17765,159,4,524.0,1.6094379124341003,6.263398262591624,0,Lower-Value Customers
17766,381,2,299.61,1.0986122886681098,5.7058137435652805,0,Lower-Value Customers
17767,15,2,413.05,1.0986122886681098,6.025986739479709,0,Lower-Value Customers
17768,8,7,3292.73,2.0794415416798357,8.099775940164974,1,Higher-Value Customers
17769,13,17,7053.38,2.8903717578961645,8.861403979489651,1,Higher-Value Customers
17770,199,5,1143.27,1.791759469228055,7.042522158078838,1,Higher-Value Customers
17771,57,4,387.41,1.6094379124341003,5.962061482738665,0,Lower-Value Customers
17772,11,3,360.75,1.3862943611198906,5.890953365511593,0,Lower-Value Customers
17773,514,2,575.37,1.0986122886681098,6.356749815581414,0,Lower-Value Customers
17774,97,9,3273.83,2.302585092994046,8.094021238325118,1,Higher-Value Customers
17775,255,1,56.4,0.6931471805599453,4.050044303325521,0,Lower-Value Customers
17776,387,2,330.56,1.0986122886681098,5.803808788723326,0,Lower-Value Customers
17777,25,3,647.56,1.3862943611198906,6.4747545206794515,1,Higher-Value Customers
17778,662,1,197.7,0.6931471805599453,5.291796149557771,0,Lower-Value Customers
17779,21,3,650.32,1.3862943611198906,6.479001072896019,1,Higher-Value Customers
17780,667,3,346.56,1.3862943611198906,5.8509373119710055,0,Lower-Value Customers
17781,159,2,188.02,1.0986122886681098,5.24185282956691,0,Lower-Value Customers
17782,383,2,679.02,1.0986122886681098,6.52212220950234,0,Lower-Value Customers
17783,72,3,376.96,1.3862943611198906,5.9347883699144255,0,Lower-Value Customers
17784,550,1,112.86,0.6931471805599453,4.734969623522936,0,Lower-Value Customers
17785,53,3,403.38,1.3862943611198906,6.002355029939155,0,Lower-Value Customers
17786,85,2,266.85,1.0986122886681098,5.590427122326969,0,Lower-Value Customers
17787,153,4,1817.54,1.6094379124341003,7.505789260335805,1,Higher-Value Customers
17788,74,2,1117.9,1.0986122886681098,7.020101338813675,0,Lower-Value Customers
17789,281,2,397.15,1.0986122886681098,5.9868288187034535,0,Lower-Value Customers
17790,27,20,2779.41,3.044522437723423,7.930353677824668,1,Higher-Value Customers
17791,30,1,106.1,0.6931471805599453,4.673762977453703,0,Lower-Value Customers
17792,467,2,368.35,1.0986122886681098,5.911744703974747,0,Lower-Value Customers
17793,25,1,300.34,0.6931471805599453,5.708239195373142,0,Lower-Value Customers
17794,687,2,147.3,1.0986122886681098,4.999237249143887,0,Lower-Value Customers
17795,180,2,342.83,1.0986122886681098,5.840147349176718,0,Lower-Value Customers
17796,40,7,1236.39,2.0794415416798357,7.120759601603105,1,Higher-Value Customers
17797,22,8,1971.87,2.1972245773362196,7.587244614343444,1,Higher-Value Customers
17798,582,1,178.07,0.6931471805599453,5.187776790848668,0,Lower-Value Customers
17799,22,20,6246.93,3.044522437723423,8.740005487871613,1,Higher-Value Customers
17800,37,9,1187.21,2.302585092994046,7.080203251977793,1,Higher-Value Customers
17801,451,3,770.03,1.3862943611198906,6.647727283312172,0,Lower-Value Customers
17802,82,10,4946.22,2.3978952727983707,8.50658108163569,1,Higher-Value Customers
17803,392,1,184.66,0.6931471805599453,5.223917043971786,0,Lower-Value Customers
17804,376,3,383.78,1.3862943611198906,5.9526717423888265,0,Lower-Value Customers
17805,74,2,927.03,1.0986122886681098,6.833064059849883,0,Lower-Value Customers
17806,11,1,546.04,0.6931471805599453,6.304521925890991,0,Lower-Value Customers
17807,395,3,437.87,1.3862943611198906,6.084203241658105,0,Lower-Value Customers
17808,549,4,262.64,1.6094379124341003,5.574584536184519,0,Lower-Value Customers
17809,16,20,10085.89,3.044522437723423,9.218991839869965,1,Higher-Value Customers
17810,669,2,373.16,1.0986122886681098,5.924683513417631,0,Lower-Value Customers
17811,4,47,9519.8,3.871201010907891,9.16123415786823,1,Higher-Value Customers
17812,13,7,911.99,2.0794415416798357,6.816724927632466,1,Higher-Value Customers
17813,14,5,1698.07,1.791759469228055,7.437836321529504,1,Higher-Value Customers
17814,375,2,1609.37,1.0986122886681098,7.38421924523999,0,Lower-Value Customers
17815,393,1,591.96,0.6931471805599453,6.385126943096995,0,Lower-Value Customers
17816,37,6,96.11,1.9459101490553132,4.575844356606263,0,Lower-Value Customers
17817,4,6,788.15,1.9459101490553132,6.670956416844926,1,Higher-Value Customers
17818,738,1,124.78,0.6931471805599453,4.834534349115358,0,Lower-Value Customers
17819,72,12,6021.05,2.5649493574615367,8.703183011896616,1,Higher-Value Customers
17820,374,1,180.61,0.6931471805599453,5.201861530730407,0,Lower-Value Customers
17821,406,1,334.62,0.6931471805599453,5.815979567573016,0,Lower-Value Customers
17822,420,5,2162.93,1.791759469228055,7.679681291938559,0,Lower-Value Customers
17823,421,2,449.25,1.0986122886681098,6.109802984056065,0,Lower-Value Customers
17824,51,1,298.4,0.6931471805599453,5.701780471985528,0,Lower-Value Customers
17825,599,4,701.96,1.6094379124341003,6.555299991187588,0,Lower-Value Customers
17826,374,1,133.34,0.6931471805599453,4.900373899838718,0,Lower-Value Customers
17827,5,6,2376.17,1.9459101490553132,7.773665983523929,1,Higher-Value Customers
17828,23,4,1820.09,1.6094379124341003,7.507190501900052,1,Higher-Value Customers
17829,299,5,4756.74,1.791759469228055,8.467528044561078,1,Higher-Value Customers
17830,2,3,398.7,1.3862943611198906,5.990714265717278,0,Lower-Value Customers
17831,33,1,35.4,0.6931471805599453,3.594568774642695,0,Lower-Value Customers
17832,50,1,155.37,0.6931471805599453,5.052224993855419,0,Lower-Value Customers
17833,723,1,338.46,0.6931471805599453,5.827356119733385,0,Lower-Value Customers
17834,415,2,689.67,1.0986122886681098,6.537662140954444,0,Lower-Value Customers
17835,3,3,342.24,1.3862943611198906,5.83842991093892,0,Lower-Value Customers
17836,47,1,110.21,0.6931471805599453,4.71142030583075,0,Lower-Value Customers
17837,42,8,1541.23,2.1972245773362196,7.340984699939525,1,Higher-Value Customers
17838,27,13,5604.64,2.6390573296152584,8.631528512752286,1,Higher-Value Customers
17839,42,1,318.15,0.6931471805599453,5.765661211702066,0,Lower-Value Customers
17840,444,1,175.9,0.6931471805599453,5.17558460116574,0,Lower-Value Customers
17841,2,211,68545.25,5.356586274672012,11.135263978898923,1,Higher-Value Customers
17842,602,1,430.69,0.6931471805599453,6.067707738058715,0,Lower-Value Customers
17843,303,2,320.4,1.0986122886681098,5.772686453303412,0,Lower-Value Customers
17844,107,1,51.56,0.6931471805599453,3.961955374176355,0,Lower-Value Customers
17845,555,4,596.09,1.6094379124341003,6.3920678557992385,0,Lower-Value Customers
17846,85,1,2033.1,0.6931471805599453,7.617808739608441,0,Lower-Value Customers
17847,516,2,129.69,1.0986122886681098,4.872828106608945,0,Lower-Value Customers
17848,81,30,3559.11,3.4339872044851463,8.17754672224512,1,Higher-Value Customers
17849,218,8,1063.76,2.1972245773362196,6.970504700635247,1,Higher-Value Customers
17850,372,155,51208.87,5.049856007249537,10.843687565886688,1,Higher-Value Customers
17851,422,6,1552.35,1.9459101490553132,7.348169168007754,0,Lower-Value Customers
17852,12,5,657.81,1.791759469228055,6.490435177301824,1,Higher-Value Customers
17853,407,3,1596.29,1.3862943611198906,7.376063722211611,0,Lower-Value Customers
17854,185,6,1068.5,1.9459101490553132,6.9749465285224606,1,Higher-Value Customers
17855,373,1,208.97,0.6931471805599453,5.346964663369558,0,Lower-Value Customers
17856,2,4,1418.03,1.6094379124341003,7.25772881858561,1,Higher-Value Customers
17857,4,24,27347.04,3.2188758248682006,10.216400141662424,1,Higher-Value Customers
17858,6,30,12518.65,3.4339872044851463,9.435054688991768,1,Higher-Value Customers
17859,305,1,141.92,0.6931471805599453,4.962285033155209,0,Lower-Value Customers
17860,369,4,717.39,1.6094379124341003,6.577012597069282,0,Lower-Value Customers
17861,3,18,5088.29,2.9444389791664403,8.534893610620546,1,Higher-Value Customers
17862,324,4,1254.89,1.6094379124341003,7.135599763574991,0,Lower-Value Customers
17863,59,12,5360.48,2.5649493574615367,8.586995335353887,1,Higher-Value Customers
17864,13,5,876.57,1.791759469228055,6.77715672423817,1,Higher-Value Customers
17865,31,46,26312.19,3.8501476017100584,10.177825613358824,1,Higher-Value Customers
17866,143,3,1134.95,1.3862943611198906,7.035224584227941,1,Higher-Value Customers
17867,30,15,1582.05,2.772588722239781,7.367108644979165,1,Higher-Value Customers
17868,386,1,227.15,0.6931471805599453,5.430003307373411,0,Lower-Value Customers
17869,107,7,813.64,2.0794415416798357,6.70274629786341,1,Higher-Value Customers
17870,2,13,2753.29,2.6390573296152584,7.92091497512461,1,Higher-Value Customers
17871,205,5,1068.95,1.791759469228055,6.975367197392157,1,Higher-Value Customers
17872,382,1,235.87,0.6931471805599453,5.46751146743449,0,Lower-Value Customers
17873,80,18,6265.33,2.9444389791664403,8.742946135302521,1,Higher-Value Customers
17874,185,6,683.46,1.9459101490553132,6.528630206205813,1,Higher-Value Customers
17875,688,1,167.1,0.6931471805599453,5.12455904041457,0,Lower-Value Customers
17876,400,3,3424.02,1.3862943611198906,8.138862590095334,0,Lower-Value Customers
17877,170,1,237.61,0.6931471805599453,5.474830419933934,0,Lower-Value Customers
17878,44,3,1378.93,1.3862943611198906,7.229788052227032,1,Higher-Value Customers
17879,174,1,178.52,0.6931471805599453,5.190286622334331,0,Lower-Value Customers
17880,365,3,824.92,1.3862943611198906,6.716497916530249,0,Lower-Value Customers
17881,304,1,133.35,0.6931471805599453,4.9004483350615,0,Lower-Value Customers
17882,379,2,291.56,1.0986122886681098,5.678669773841126,0,Lower-Value Customers
17883,3,7,988.42,2.0794415416798357,6.897118912860578,1,Higher-Value Customers
17884,4,20,2698.47,3.044522437723423,7.900810736427484,1,Higher-Value Customers
17885,12,1,156.34,0.6931471805599453,5.0584090689010965,0,Lower-Value Customers
17886,32,6,1572.55,1.9459101490553132,7.361089492294489,1,Higher-Value Customers
17887,129,1,111.35,0.6931471805599453,4.721618998631338,0,Lower-Value Customers
17888,21,25,1807.44,3.258096538021482,7.50021987417605,1,Higher-Value Customers
17889,212,7,746.42,2.0794415416798357,6.6166272761260565,1,Higher-Value Customers
17890,323,2,586.89,1.0986122886681098,6.376539855568017,0,Lower-Value Customers
17891,162,1,203.86,0.6931471805599453,5.3223268190083886,0,Lower-Value Customers
17892,56,3,244.1,1.3862943611198906,5.501666290534067,0,Lower-Value Customers
17893,225,1,107.21,0.6931471805599453,4.684073783583557,0,Lower-Value Customers
17894,72,18,2304.58,2.9444389791664403,7.743087550676059,1,Higher-Value Customers
17895,44,1,95.45,0.6931471805599453,4.569024739351738,0,Lower-Value Customers
17896,23,1,256.32,0.6931471805599453,5.550320446542799,0,Lower-Value Customers
17897,173,9,2099.89,2.302585092994046,7.650116343453433,1,Higher-Value Customers
17898,85,4,299.18,1.6094379124341003,5.704382294728169,0,Lower-Value Customers
17899,159,1,154.55,0.6931471805599453,5.046967223343646,0,Lower-Value Customers
17900,190,2,112.2,1.0986122886681098,4.729156165769083,0,Lower-Value Customers
17901,29,3,260.08,1.3862943611198906,5.564826873767017,0,Lower-Value Customers
17902,547,1,216.4,0.6931471805599453,5.381738974687109,0,Lower-Value Customers
17903,394,1,381.09,0.6931471805599453,5.9456561829510015,0,Lower-Value Customers
17904,21,1,181.07,0.6931471805599453,5.204391228515873,0,Lower-Value Customers
17905,71,13,2178.87,2.6390573296152584,7.687020520977492,1,Higher-Value Customers
17906,247,1,72.9,0.6931471805599453,4.302712827954156,0,Lower-Value Customers
17907,641,1,291.76,0.6931471805599453,5.679353160733027,0,Lower-Value Customers
17908,374,5,1142.47,1.791759469228055,7.04182277787601,0,Lower-Value Customers
17909,737,1,110.05,0.6931471805599453,4.709980550340436,0,Lower-Value Customers
17910,726,1,261.7,0.6931471805599453,5.571012696691494,0,Lower-Value Customers
17911,9,1,366.23,0.6931471805599453,5.9059883547555305,0,Lower-Value Customers
17912,310,6,374.55,1.9459101490553132,5.928391618132021,0,Lower-Value Customers
17913,59,14,3429.29,2.70805020110221,8.140400084690953,1,Higher-Value Customers
17914,4,1,329.36,0.6931471805599453,5.800182968942516,0,Lower-Value Customers
17915,551,1,225.78,0.6931471805599453,5.423980384543694,0,Lower-Value Customers
17916,629,2,43.87,1.0986122886681098,3.803769419987892,0,Lower-Value Customers
17917,45,3,335.03,1.3862943611198906,5.8172004416917575,0,Lower-Value Customers
17918,501,3,396.39,1.3862943611198906,5.984918166237948,0,Lower-Value Customers
17919,88,2,1840.32,1.0986122886681098,7.51823798470524,1,Higher-Value Customers
17920,4,54,23581.78,4.007333185232471,10.06827206366459,1,Higher-Value Customers
17921,64,10,2394.36,2.3978952727983707,7.781288811701526,1,Higher-Value Customers
17922,543,1,170.4,0.6931471805599453,5.1440000061636795,0,Lower-Value Customers
17923,282,3,497.0,1.3862943611198906,6.210600077024653,0,Lower-Value Customers
17924,12,8,3257.7,2.1972245773362196,8.08908362182352,1,Higher-Value Customers
17925,373,1,244.08,0.6931471805599453,5.501584687857454,0,Lower-Value Customers
17926,133,5,1035.49,1.791759469228055,6.943595283975941,1,Higher-Value Customers
17927,722,1,294.0,0.6931471805599453,5.68697535633982,0,Lower-Value Customers
17928,45,3,341.24,1.3862943611198906,5.835512245334096,0,Lower-Value Customers
17929,11,12,3082.1,2.5649493574615367,8.033690863299137,1,Higher-Value Customers
17930,36,13,4275.22,2.6390573296152584,8.36082472077466,1,Higher-Value Customers
17931,134,14,3402.24,2.70805020110221,8.132483198020529,1,Higher-Value Customers
17932,29,3,1331.57,1.3862943611198906,7.19486468749322,1,Higher-Value Customers
17933,632,1,114.69,0.6931471805599453,4.750914200040797,0,Lower-Value Customers
17934,52,3,1049.15,1.3862943611198906,6.956688290091316,1,Higher-Value Customers
17935,138,7,686.14,2.0794415416798357,6.532538056031691,1,Higher-Value Customers
17936,5,1,380.13,0.6931471805599453,5.943140524277792,0,Lower-Value Customers
17937,9,7,4301.22,2.0794415416798357,8.366886447525236,1,Higher-Value Customers
17938,420,1,144.29,0.6931471805599453,4.978731745083247,0,Lower-Value Customers
17939,160,1,99.14,0.6931471805599453,4.606569206901798,0,Lower-Value Customers
17940,49,16,30306.79,2.833213344056216,10.319160054163593,1,Higher-Value Customers
17941,131,4,1433.28,1.6094379124341003,7.268418260118725,1,Higher-Value Customers
17942,8,1,77.5,0.6931471805599453,4.363098624788363,0,Lower-Value Customers
17944,423,1,74.99,0.6931471805599453,4.330601752681694,0,Lower-Value Customers
17945,697,3,360.35,1.3862943611198906,5.88984701772899,0,Lower-Value Customers
17946,233,2,149.58,1.0986122886681098,5.014494504421976,0,Lower-Value Customers
17947,37,1,176.68,0.6931471805599453,5.179984179586172,0,Lower-Value Customers
17948,147,1,358.56,0.6931471805599453,5.884881061705198,0,Lower-Value Customers
17949,1,118,117314.08,4.77912349311153,11.67261858562832,1,Higher-Value Customers
17950,72,7,1166.29,2.0794415416798357,7.062440101843888,1,Higher-Value Customers
17951,40,4,1340.58,1.6094379124341003,7.201603302824833,1,Higher-Value Customers
17952,378,4,788.46,1.6094379124341003,6.671349167434349,0,Lower-Value Customers
17953,540,1,159.17,0.6931471805599453,5.076235751180205,0,Lower-Value Customers
17954,5,19,3804.38,2.995732273553991,8.244171133903205,1,Higher-Value Customers
17955,199,6,949.9,1.9459101490553132,6.857408904545399,1,Higher-Value Customers
17956,249,1,12.75,0.6931471805599453,2.6210388241125804,0,Lower-Value Customers
17957,66,1,111.68,0.6931471805599453,4.724551943008172,0,Lower-Value Customers
17958,117,2,973.88,1.0986122886681098,6.882314386500184,0,Lower-Value Customers
17959,592,1,140.75,0.6931471805599453,4.954064942607862,0,Lower-Value Customers
17960,171,3,135.08,1.3862943611198906,4.913242948087606,0,Lower-Value Customers
17961,21,100,2866.74,4.61512051684126,7.9612795421009865,1,Higher-Value Customers
17962,142,4,666.96,1.6094379124341003,6.504228291504232,0,Lower-Value Customers
17963,471,4,643.16,1.6094379124341003,6.467947142451426,0,Lower-Value Customers
17964,32,2,463.21,1.0986122886681098,6.140337036046906,0,Lower-Value Customers
17965,38,29,7006.65,3.4011973816621555,8.854757688446664,1,Higher-Value Customers
17966,38,10,1963.92,2.3978952727983707,7.583206811006393,1,Higher-Value Customers
17967,372,2,223.42,1.0986122886681098,5.4135192962367205,0,Lower-Value Customers
17968,374,4,590.44,1.6094379124341003,6.382560241248845,0,Lower-Value Customers
17969,166,20,2354.29,3.044522437723423,7.764419141119665,1,Higher-Value Customers
17970,211,1,562.79,0.6931471805599453,6.334681841736619,0,Lower-Value Customers
17971,548,1,161.94,0.6931471805599453,5.093382034882496,0,Lower-Value Customers
17972,242,1,135.19,0.6931471805599453,4.914050969580866,0,Lower-Value Customers
17973,52,1,337.04,0.6931471805599453,5.823164231676282,0,Lower-Value Customers
17974,25,6,1739.09,1.9459101490553132,7.461692115008859,1,Higher-Value Customers
17975,15,24,6696.33,3.2188758248682006,8.80946421849117,1,Higher-Value Customers
17976,372,1,321.79,0.6931471805599453,5.7770019569816125,0,Lower-Value Customers
17977,29,2,1511.45,1.0986122886681098,7.321486131507334,1,Higher-Value Customers
17978,365,4,1159.99,1.6094379124341003,7.05702836839637,0,Lower-Value Customers
17979,36,4,732.41,1.6094379124341003,6.597704890668348,1,Higher-Value Customers
17980,166,4,1012.72,1.6094379124341003,6.921382011896794,1,Higher-Value Customers
17981,411,1,239.12,0.6931471805599453,5.481138798383642,0,Lower-Value Customers
17982,681,1,138.18,0.6931471805599453,4.935768059416704,0,Lower-Value Customers
17983,395,1,171.71,0.6931471805599453,5.151613887355828,0,Lower-Value Customers
17984,145,5,1152.19,1.791759469228055,7.05028729420393,1,Higher-Value Customers
17985,22,1,631.35,0.6931471805599453,6.4494430383259855,0,Lower-Value Customers
17986,56,1,20.8,0.6931471805599453,3.0819099697950434,0,Lower-Value Customers
17987,185,5,965.44,1.791759469228055,6.873619217052455,1,Higher-Value Customers
17988,12,14,489.54,2.70805020110221,6.19550682511979,1,Higher-Value Customers
17989,379,1,207.33,0.6931471805599453,5.339123360940291,0,Lower-Value Customers
17990,237,6,1527.61,1.9459101490553132,7.332114104721181,1,Higher-Value Customers
17991,225,3,300.3,1.3862943611198906,5.708106446136256,0,Lower-Value Customers
17992,389,1,252.88,0.6931471805599453,5.5368617144382695,0,Lower-Value Customers
17993,617,1,225.99,0.6931471805599453,5.4249059636476105,0,Lower-Value Customers
17994,122,11,2270.03,2.4849066497880004,7.727988752057937,1,Higher-Value Customers
17995,282,3,495.48,1.3862943611198906,6.20754320070007,0,Lower-Value Customers
17996,380,3,482.33,1.3862943611198906,6.180699650171005,0,Lower-Value Customers
17997,74,8,1962.46,2.1972245773362196,7.582463502025479,1,Higher-Value Customers
17998,380,3,639.24,1.3862943611198906,6.461843106058791,0,Lower-Value Customers
17999,37,3,528.46,1.3862943611198906,6.271857619222886,0,Lower-Value Customers
18000,564,1,124.25,0.6931471805599453,4.830311739964974,0,Lower-Value Customers
18001,12,6,924.14,1.9459101490553132,6.829945077411316,1,Higher-Value Customers
18002,376,4,244.37,1.6094379124341003,5.5027672754149926,0,Lower-Value Customers
18003,376,1,353.51,0.6931471805599453,5.870736554319034,0,Lower-Value Customers
18004,362,1,157.92,0.6931471805599453,5.068400930946398,0,Lower-Value Customers
18005,4,2,226.47,1.0986122886681098,5.42701836156377,0,Lower-Value Customers
18006,23,4,969.51,1.6094379124341003,6.877821706523007,1,Higher-Value Customers
18007,393,1,215.22,0.6931471805599453,5.376296407864626,0,Lower-Value Customers
18008,70,23,19759.08,3.1780538303479458,9.89141901987666,1,Higher-Value Customers
18009,235,8,2144.23,2.1972245773362196,7.671002051721035,1,Higher-Value Customers
18010,257,1,174.8,0.6931471805599453,5.169346985251076,0,Lower-Value Customers
18011,373,2,410.79,1.0986122886681098,6.020513510666006,0,Lower-Value Customers
18012,723,1,115.3,0.6931471805599453,4.7561730595246186,0,Lower-Value Customers
18013,155,2,187.29,1.0986122886681098,5.237983327508337,0,Lower-Value Customers
18014,28,1,162.22,0.6931471805599453,5.095098984041097,0,Lower-Value Customers
18015,4,1,120.03,0.6931471805599453,4.7960384487505126,0,Lower-Value Customers
18016,32,7,1954.56,2.0794415416798357,7.578431876414713,1,Higher-Value Customers
18017,81,4,688.0,1.6094379124341003,6.535241271013659,1,Higher-Value Customers
18018,108,4,297.99,1.6094379124341003,5.700410128015343,0,Lower-Value Customers
18019,52,1,38.45,0.6931471805599453,3.6750340472918834,0,Lower-Value Customers
18020,544,1,190.48,0.6931471805599453,5.254783364524308,0,Lower-Value Customers
18021,510,2,216.41,1.0986122886681098,5.381784971789299,0,Lower-Value Customers
18022,36,5,1507.25,1.791759469228055,7.318705317320871,1,Higher-Value Customers
18024,153,2,389.78,1.0986122886681098,5.968144741786365,0,Lower-Value Customers
18025,380,6,1177.72,1.9459101490553132,7.072184382934504,0,Lower-Value Customers
18026,501,2,2074.07,1.0986122886681098,7.637750167035548,0,Lower-Value Customers
18027,99,1,115.31,0.6931471805599453,4.7562590403509475,0,Lower-Value Customers
18028,583,1,192.05,0.6931471805599453,5.262949222710246,0,Lower-Value Customers
18029,642,1,433.77,0.6931471805599453,6.0748171556265245,0,Lower-Value Customers
18030,4,2,230.65,1.0986122886681098,5.4452276118626575,0,Lower-Value Customers
18031,379,1,451.3,0.6931471805599453,6.114345676483797,0,Lower-Value Customers
18032,334,1,73.5,0.6931471805599453,4.310799125385514,0,Lower-Value Customers
18033,65,1,93.82,0.6931471805599453,4.551980357473973,0,Lower-Value Customers
18034,22,3,754.2,1.3862943611198906,6.626982614831291,1,Higher-Value Customers
18035,36,5,1260.23,1.791759469228055,7.139842714257651,1,Higher-Value Customers
18036,32,11,1545.49,2.4849066497880004,7.343743125890186,1,Higher-Value Customers
18037,154,15,167.42,2.772588722239781,5.126460859601846,1,Higher-Value Customers
18038,556,1,141.48,0.6931471805599453,4.959201638981406,0,Lower-Value Customers
18039,374,4,548.22,1.6094379124341003,6.30849908983672,0,Lower-Value Customers
18040,19,2,357.2,1.0986122886681098,5.881091489626612,0,Lower-Value Customers
18041,12,38,8018.77,3.6635616461296463,8.98966502214509,1,Higher-Value Customers
18042,54,2,281.15,1.0986122886681098,5.642438844415149,0,Lower-Value Customers
18043,25,3,529.29,1.3862943611198906,6.273424026714671,0,Lower-Value Customers
18044,4,18,3505.61,2.9444389791664403,8.162405037797205,1,Higher-Value Customers
18045,45,1,178.34,0.6931471805599453,5.189283445523902,0,Lower-Value Customers
18046,650,1,189.63,0.6931471805599453,5.250334376525886,0,Lower-Value Customers
18047,381,2,326.09,1.0986122886681098,5.7902353623864,0,Lower-Value Customers
18048,203,3,394.93,1.3862943611198906,5.981237427952466,0,Lower-Value Customers
18049,437,2,500.92,1.0986122886681098,6.218440744442368,0,Lower-Value Customers
18050,359,2,412.06,1.0986122886681098,6.0235928608595035,0,Lower-Value Customers
18051,634,7,2282.28,2.0794415416798357,7.733368284651133,0,Lower-Value Customers
18052,565,1,10877.18,0.6931471805599453,9.294514227005408,0,Lower-Value Customers
18053,71,3,571.07,1.3862943611198906,6.349261361514645,0,Lower-Value Customers
18054,393,1,176.5,0.6931471805599453,5.178970608915471,0,Lower-Value Customers
18055,7,14,10142.64,2.70805020110221,9.22460218708827,1,Higher-Value Customers
18056,288,2,554.6,1.0986122886681098,6.320048610880189,0,Lower-Value Customers
18057,393,3,1188.46,1.3862943611198906,7.081254701602981,0,Lower-Value Customers
18058,10,3,774.06,1.3862943611198906,6.6529404457114625,1,Higher-Value Customers
18059,23,3,306.46,1.3862943611198906,5.728344997484453,0,Lower-Value Customers
18060,408,2,1185.46,1.0986122886681098,7.078729362707452,0,Lower-Value Customers
18061,22,28,6083.81,3.367295829986474,8.713550780612035,1,Higher-Value Customers
18062,173,6,1632.67,1.9459101490553132,7.3985842966392745,1,Higher-Value Customers
18063,391,2,186.6,1.0986122886681098,5.234312036572124,0,Lower-Value Customers
18064,133,11,4481.83,2.4849066497880004,8.408009822401398,1,Higher-Value Customers
18065,6,29,5866.63,3.4011973816621555,8.677206083423497,1,Higher-Value Customers
18066,75,3,1440.4,1.3862943611198906,7.27337014249034,1,Higher-Value Customers
18067,40,1,396.33,0.6931471805599453,5.98476716966025,0,Lower-Value Customers
18068,289,1,101.7,0.6931471805599453,4.631812116934513,0,Lower-Value Customers
18069,26,11,4464.92,2.4849066497880004,8.4042305191183,1,Higher-Value Customers
18070,669,1,314.1,0.6931471805599453,5.752890048763229,0,Lower-Value Customers
18071,258,6,1169.68,1.9459101490553132,7.065340055543678,1,Higher-Value Customers
18072,186,1,247.44,0.6931471805599453,5.515201367691102,0,Lower-Value Customers
18073,114,12,3859.82,2.5649493574615367,8.258634875130868,1,Higher-Value Customers
18074,374,2,1019.44,1.0986122886681098,6.9279891858129465,0,Lower-Value Customers
18075,23,20,5783.29,3.044522437723423,8.662900900894304,1,Higher-Value Customers
18076,380,1,151.49,0.6931471805599453,5.027099020126921,0,Lower-Value Customers
18077,8,18,4078.79,2.9444389791664403,8.313800795485315,1,Higher-Value Customers
18078,217,4,725.53,1.6094379124341003,6.588279776032511,0,Lower-Value Customers
18079,45,5,4203.93,1.791759469228055,8.344012925419499,1,Higher-Value Customers
18080,19,2,1231.5,1.0986122886681098,7.116799905916845,1,Higher-Value Customers
18081,36,3,343.45,1.3862943611198906,5.841948942039205,0,Lower-Value Customers
18082,26,1,680.84,0.6931471805599453,6.524795026214043,0,Lower-Value Customers
18083,398,1,463.53,0.6931471805599453,6.141026141744223,0,Lower-Value Customers
18084,16,3,795.23,1.3862943611198906,6.679888088831514,1,Higher-Value Customers
18085,330,4,1341.85,1.6094379124341003,7.202549500039699,0,Lower-Value Customers
18086,274,1,101.34,0.6931471805599453,4.628300603376946,0,Lower-Value Customers
18087,98,17,14761.52,2.8903717578961645,9.599846815288782,1,Higher-Value Customers
18088,61,1,166.03,0.6931471805599453,5.118173437001857,0,Lower-Value Customers
18089,447,1,428.45,0.6931471805599453,6.062505320212233,0,Lower-Value Customers
18090,422,1,321.9,0.6931471805599453,5.77734267776423,0,Lower-Value Customers
18091,593,1,360.85,0.6931471805599453,5.891229761312137,0,Lower-Value Customers
18092,2,18,14693.72,2.9444389791664403,9.595243524571451,1,Higher-Value Customers
18093,93,8,4452.71,2.1972245773362196,8.401492735684092,1,Higher-Value Customers
18094,82,13,6391.52,2.6390573296152584,8.762883835826853,1,Higher-Value Customers
18095,313,5,2303.09,1.791759469228055,7.742441083552863,1,Higher-Value Customers
18096,12,6,1657.87,1.9459101490553132,7.4138919266619965,1,Higher-Value Customers
18097,8,11,4627.92,2.4849066497880004,8.44007885853153,1,Higher-Value Customers
18098,396,1,527.94,0.6931471805599453,6.270875003875495,0,Lower-Value Customers
18099,127,1,168.31,0.6931471805599453,5.131731354140141,0,Lower-Value Customers
18100,550,1,451.56,0.6931471805599453,6.1149203510349,0,Lower-Value Customers
18101,11,5,622.01,1.791759469228055,6.434562570022997,1,Higher-Value Customers
18102,1,145,580987.04,4.983606621708336,13.272485450424236,1,Higher-Value Customers
18103,549,1,105.8,0.6931471805599453,4.6709579265260945,0,Lower-Value Customers
18104,37,1,754.64,0.6931471805599453,6.627565072288651,0,Lower-Value Customers
18105,38,1,113.48,0.6931471805599453,4.740400135248196,0,Lower-Value Customers
18106,330,6,1441.06,1.9459101490553132,7.273827925855829,1,Higher-Value Customers
18107,442,1,165.88,0.6931471805599453,5.117274991252462,0,Lower-Value Customers
18108,254,3,848.81,1.3862943611198906,6.745012795086175,0,Lower-Value Customers
18109,2,38,9555.71,3.6635616461296463,9.164998804555495,1,Higher-Value Customers
18110,20,2,392.28,1.0986122886681098,5.97452182637767,0,Lower-Value Customers
18111,589,1,405.85,0.6931471805599453,6.008444567142666,0,Lower-Value Customers
18112,12,4,773.36,1.6094379124341003,6.652036881735749,1,Higher-Value Customers
18113,369,1,76.32,0.6931471805599453,4.34795265434013,0,Lower-Value Customers
18114,290,1,220.1,0.6931471805599453,5.3986150878634005,0,Lower-Value Customers
18115,698,1,9.7,0.6931471805599453,2.3702437414678603,0,Lower-Value Customers
18116,68,13,2134.49,2.6390573296152584,7.666451407526469,1,Higher-Value Customers
18117,26,1,315.65,0.6931471805599453,5.757797062962439,0,Lower-Value Customers
18118,11,29,6221.02,3.4011973816621555,8.735849891852931,1,Higher-Value Customers
18119,368,1,180.7,0.6931471805599453,5.202356975402125,0,Lower-Value Customers
18120,214,1,111.15,0.6931471805599453,4.719837260966218,0,Lower-Value Customers
18121,149,2,653.3,1.0986122886681098,6.483565961875693,0,Lower-Value Customers
18122,8,6,1793.06,1.9459101490553132,7.492236486875529,1,Higher-Value Customers
18123,24,3,666.64,1.3862943611198906,6.503749106110217,1,Higher-Value Customers
18124,472,1,102.65,0.6931471805599453,4.641019838881789,0,Lower-Value Customers
18125,30,4,1131.75,1.6094379124341003,7.032403583547247,1,Higher-Value Customers
18126,61,1,200.92,0.6931471805599453,5.307871579352848,0,Lower-Value Customers
18127,19,4,556.13,1.6094379124341003,6.322798605873071,1,Higher-Value Customers
18128,537,1,399.29,0.6931471805599453,5.992189284422439,0,Lower-Value Customers
18129,243,1,112.55,0.6931471805599453,4.732243268551567,0,Lower-Value Customers
18130,15,3,1059.39,1.3862943611198906,6.966392043966783,1,Higher-Value Customers
18131,632,1,222.96,0.6931471805599453,5.411467464480692,0,Lower-Value Customers
18132,504,1,220.13,0.6931471805599453,5.398750763869307,0,Lower-Value Customers
18133,212,1,931.5,0.6931471805599453,6.837869151517971,0,Lower-Value Customers
18134,598,2,445.0,1.0986122886681098,6.100318952020064,0,Lower-Value Customers
18135,29,10,1249.62,2.3978952727983707,7.131394707329006,1,Higher-Value Customers
18136,63,5,1631.36,1.791759469228055,7.397782099433339,1,Higher-Value Customers
18137,551,2,145.99,1.0986122886681098,4.990364557253896,0,Lower-Value Customers
18138,295,1,152.65,0.6931471805599453,5.034677288576494,0,Lower-Value Customers
18139,18,6,8438.34,1.9459101490553132,9.040659385480165,1,Higher-Value Customers
18140,474,1,536.41,0.6931471805599453,6.286761304121399,0,Lower-Value Customers
18141,402,2,882.47,1.0986122886681098,6.783857335325853,0,Lower-Value Customers
18142,157,2,1019.52,1.0986122886681098,6.928067580294015,0,Lower-Value Customers
18143,117,2,1000.16,1.0986122886681098,6.908914606701983,0,Lower-Value Customers
18144,8,19,4892.95,2.995732273553991,8.495755027358681,1,Higher-Value Customers
18145,13,11,5609.74,2.4849066497880004,8.632437897126115,1,Higher-Value Customers
18146,141,2,160.35,1.0986122886681098,5.083575918497971,0,Lower-Value Customers
18147,46,2,179.34,1.0986122886681098,5.19484395807176,0,Lower-Value Customers
18148,647,1,112.85,0.6931471805599453,4.734881792509748,0,Lower-Value Customers
18149,51,7,1553.96,2.0794415416798357,7.349205100809812,1,Higher-Value Customers
18150,32,3,566.58,1.3862943611198906,6.341381708583334,0,Lower-Value Customers
18151,135,6,1879.44,1.9459101490553132,7.539261070993501,1,Higher-Value Customers
18152,646,1,426.69,0.6931471805599453,6.058398634085082,0,Lower-Value Customers
18153,659,1,246.22,0.6931471805599453,5.510278628459677,0,Lower-Value Customers
18154,3,5,932.6,1.791759469228055,6.839048080972346,1,Higher-Value Customers
18155,75,3,371.62,1.3862943611198906,5.920559133592207,0,Lower-Value Customers
18156,13,2,675.64,1.0986122886681098,6.517139373724178,0,Lower-Value Customers
18157,571,1,213.9,0.6931471805599453,5.370172803648464,0,Lower-Value Customers
18158,9,2,453.4,1.0986122886681098,6.118977867406942,0,Lower-Value Customers
18159,301,1,530.15,0.6931471805599453,6.275044467226023,0,Lower-Value Customers
18160,57,3,1003.88,1.3862943611198906,6.912623410378997,1,Higher-Value Customers
18161,15,6,1803.1,1.9459101490553132,7.497817131458757,1,Higher-Value Customers
18162,732,1,371.51,0.6931471805599453,5.920263883096861,0,Lower-Value Customers
18163,584,1,728.84,0.6931471805599453,6.5928253320372185,0,Lower-Value Customers
18164,37,1,399.65,0.6931471805599453,5.99308822822408,0,Lower-Value Customers
18165,177,1,302.46,0.6931471805599453,5.715249806097095,0,Lower-Value Customers
18166,624,1,175.5,0.6931471805599453,5.173320876373351,0,Lower-Value Customers
18167,23,3,1384.86,1.3862943611198906,7.234076164546974,1,Higher-Value Customers
18168,176,16,3435.5,2.833213344056216,8.14220879056166,1,Higher-Value Customers
18169,61,1,202.65,0.6931471805599453,5.316402834094422,0,Lower-Value Customers
18170,33,9,2878.0,2.302585092994046,7.965198290612176,1,Higher-Value Customers
18171,59,9,2437.31,2.302585092994046,7.799060455362338,1,Higher-Value Customers
18172,15,52,17467.24,3.970291913552122,9.768139653920272,1,Higher-Value Customers
18173,87,5,2696.36,1.791759469228055,7.9000287958781215,1,Higher-Value Customers
18174,7,2,162.5,1.0986122886681098,5.096812990337308,0,Lower-Value Customers
18175,676,1,176.1,0.6931471805599453,5.176714544788788,0,Lower-Value Customers
18176,358,1,476.35,0.6931471805599453,6.168249974444042,0,Lower-Value Customers
18177,31,9,2216.32,2.302585092994046,7.704054538397525,1,Higher-Value Customers
18178,129,11,6103.74,2.4849066497880004,8.71682079759532,1,Higher-Value Customers
18179,9,8,2547.55,2.1972245773362196,7.84327984897159,1,Higher-Value Customers
18180,5,6,1843.75,1.9459101490553132,7.520099045938476,1,Higher-Value Customers
18181,24,5,1188.34,1.791759469228055,7.081153810397246,1,Higher-Value Customers
18182,463,1,291.13,0.6931471805599453,5.677198908673179,0,Lower-Value Customers
18183,227,2,632.07,1.0986122886681098,6.450581000548326,0,Lower-Value Customers
18184,15,1,49.8,0.6931471805599453,3.927896354584436,0,Lower-Value Customers
18185,249,1,304.25,0.6931471805599453,5.721131112990814,0,Lower-Value Customers
18186,723,1,329.58,0.6931471805599453,5.800848687489207,0,Lower-Value Customers
18187,632,1,724.89,0.6931471805599453,6.587398488193701,0,Lower-Value Customers
18188,15,6,3280.59,1.9459101490553132,8.09608334001947,1,Higher-Value Customers
18189,78,3,1403.73,1.3862943611198906,7.2476003924821635,1,Higher-Value Customers
18190,192,5,745.62,1.791759469228055,6.6155563542277696,1,Higher-Value Customers
18191,262,2,529.4,1.0986122886681098,6.273631438871653,0,Lower-Value Customers
18192,72,1,957.97,0.6931471805599453,6.865859791808101,0,Lower-Value Customers
18193,165,3,1207.35,1.3862943611198906,7.09701107162899,0,Lower-Value Customers
18194,82,6,4162.04,1.9459101490553132,8.334000855604256,1,Higher-Value Customers
18195,387,1,101.16,0.6931471805599453,4.626540211724284,0,Lower-Value Customers
18196,95,4,1457.19,1.6094379124341003,7.2849512195789625,1,Higher-Value Customers
18197,576,1,230.1,0.6931471805599453,5.442850517280335,0,Lower-Value Customers
18198,4,17,5425.56,2.8903717578961645,8.599060694675584,1,Higher-Value Customers
18199,684,1,344.75,0.6931471805599453,5.845715970544868,0,Lower-Value Customers
18200,106,1,150.35,0.6931471805599453,5.019595035467727,0,Lower-Value Customers
18201,723,1,447.53,0.6931471805599453,6.105975568893946,0,Lower-Value Customers
18202,200,3,1396.99,1.3862943611198906,7.242790769692349,0,Lower-Value Customers
18203,157,4,492.52,1.6094379124341003,6.201563384901383,0,Lower-Value Customers
18204,71,3,1975.35,1.3862943611198906,7.589006988129015,1,Higher-Value Customers
18205,36,2,517.36,1.0986122886681098,6.2506699815672135,0,Lower-Value Customers
18206,553,1,314.66,0.6931471805599453,5.754665684970771,0,Lower-Value Customers
18207,499,1,544.47,0.6931471805599453,6.301647808343773,0,Lower-Value Customers
18208,566,1,360.08,0.6931471805599453,5.889099540429954,0,Lower-Value Customers
18209,29,1,139.1,0.6931471805599453,4.942356453342962,0,Lower-Value Customers
18210,2,7,2768.83,2.0794415416798357,7.9265412254569005,1,Higher-Value Customers
18211,26,5,600.07,1.791759469228055,6.3987114002985646,1,Higher-Value Customers
18212,326,2,514.37,1.0986122886681098,6.244885089306464,0,Lower-Value Customers
18213,237,1,232.48,0.6931471805599453,5.45309642033559,0,Lower-Value Customers
18214,531,4,1780.34,1.6094379124341003,7.485121169056339,0,Lower-Value Customers
18215,89,5,2232.49,1.791759469228055,7.711320663504335,1,Higher-Value Customers
18216,31,1,481.75,0.6931471805599453,6.179498921308624,0,Lower-Value Customers
18217,29,4,945.04,1.6094379124341003,6.852284851456062,1,Higher-Value Customers
18218,211,4,1121.84,1.6094379124341003,7.023616469075821,1,Higher-Value Customers
18219,3,17,3352.7,2.8903717578961645,8.11781949294439,1,Higher-Value Customers
18220,227,6,1921.76,1.9459101490553132,7.561516932807789,1,Higher-Value Customers
18221,22,6,1424.94,1.9459101490553132,7.262586524352708,1,Higher-Value Customers
18222,93,1,443.0,0.6931471805599453,6.095824562432225,0,Lower-Value Customers
18223,5,26,14000.85,3.295836866004329,9.54694474272444,1,Higher-Value Customers
18224,264,1,158.95,0.6931471805599453,5.074861266395527,0,Lower-Value Customers
18225,3,26,13014.8,3.295836866004329,9.473919283077072,1,Higher-Value Customers
18226,44,26,11878.88,3.295836866004329,9.38260149185552,1,Higher-Value Customers
18227,218,2,388.75,1.0986122886681098,5.965505507937886,0,Lower-Value Customers
18228,57,2,779.9,1.0986122886681098,6.660447100668629,0,Lower-Value Customers
18229,12,28,10150.51,3.367295829986474,9.225377741877908,1,Higher-Value Customers
18230,9,9,4291.06,2.302585092994046,8.364522083149614,1,Higher-Value Customers
18231,192,28,6854.17,3.367295829986474,8.832758391105399,1,Higher-Value Customers
18232,82,4,592.97,1.6094379124341003,6.386828813036717,1,Higher-Value Customers
18233,326,1,440.0,0.6931471805599453,6.089044875446846,0,Lower-Value Customers
18234,552,1,179.6,0.6931471805599453,5.196284640982885,0,Lower-Value Customers
18235,72,3,1796.48,1.3862943611198906,7.494140962968628,1,Higher-Value Customers
18236,30,12,1795.35,2.5649493574615367,7.493512107381559,1,Higher-Value Customers
18237,3,5,987.1,1.791759469228055,6.895783907200917,1,Higher-Value Customers
18238,515,1,270.92,0.6931471805599453,5.605507905387861,0,Lower-Value Customers
18239,219,6,1712.26,1.9459101490553132,7.446153267308668,1,Higher-Value Customers
18240,46,1,422.58,0.6931471805599453,6.0487423982594555,0,Lower-Value Customers
18241,10,21,2986.99,3.091042453358316,8.002356199526893,1,Higher-Value Customers
18242,72,8,3605.21,2.1972245773362196,8.190412638340476,1,Higher-Value Customers
18243,414,1,515.78,0.6931471805599453,6.247617252029137,0,Lower-Value Customers
18244,431,2,568.64,1.0986122886681098,6.345004582351227,0,Lower-Value Customers
18245,7,20,6324.98,3.044522437723423,8.752420242305112,1,Higher-Value Customers
18246,24,3,758.82,1.3862943611198906,6.633081563123593,1,Higher-Value Customers
18247,415,3,839.73,1.3862943611198906,6.7342705620531635,0,Lower-Value Customers
18248,123,2,804.02,1.0986122886681098,6.690867121830435,0,Lower-Value Customers
18249,17,1,95.34,0.6931471805599453,4.567883601202075,0,Lower-Value Customers
18250,310,1,349.27,0.6931471805599453,5.858704285656805,0,Lower-Value Customers
18251,87,9,26278.86,2.302585092994046,10.176558145339303,1,Higher-Value Customers
18252,51,7,1533.69,2.0794415416798357,7.336083685228368,1,Higher-Value Customers
18253,643,1,317.88,0.6931471805599453,5.7648148564644845,0,Lower-Value Customers
18254,581,1,267.9,0.6931471805599453,5.5943395632748185,0,Lower-Value Customers
18255,89,2,303.15,1.0986122886681098,5.717521000766714,0,Lower-Value Customers
18256,388,1,110.7,0.6931471805599453,4.715816706075155,0,Lower-Value Customers
18257,39,12,4600.15,2.5649493574615367,8.434061551232393,1,Higher-Value Customers
18258,464,6,2059.67,1.9459101490553132,7.630786451622126,0,Lower-Value Customers
18259,25,7,3941.9,2.0794415416798357,8.279671772156073,1,Higher-Value Customers
18260,173,23,9947.26,3.1780538303479458,9.205152940488473,1,Higher-Value Customers
18261,43,2,324.24,1.0986122886681098,5.784563371339637,0,Lower-Value Customers
18262,140,3,577.54,1.3862943611198906,6.360507688582179,0,Lower-Value Customers
18263,26,3,1213.16,1.3862943611198906,7.10180775865179,1,Higher-Value Customers
18264,499,1,603.25,0.6931471805599453,6.4039880195835925,0,Lower-Value Customers
18265,72,2,801.51,1.0986122886681098,6.687744315985722,0,Lower-Value Customers
18266,434,1,251.1,0.6931471805599453,5.529825834193874,0,Lower-Value Customers
18267,673,1,269.37,0.6931471805599453,5.599791391268202,0,Lower-Value Customers
18268,134,6,1490.23,1.9459101490553132,7.307356561754713,1,Higher-Value Customers
18269,366,1,168.6,0.6931471805599453,5.133442723357803,0,Lower-Value Customers
18270,38,3,444.55,1.3862943611198906,6.099309474058729,0,Lower-Value Customers
18271,610,2,680.85,1.0986122886681098,6.524809692303843,0,Lower-Value Customers
18272,3,9,4385.98,2.302585092994046,8.386396342231729,1,Higher-Value Customers
18273,2,4,357.0,1.6094379124341003,5.8805329864007,1,Higher-Value Customers
18274,30,1,175.92,0.6931471805599453,5.1756976530001255,0,Lower-Value Customers
18275,578,2,741.85,1.0986122886681098,6.610494140083362,0,Lower-Value Customers
18276,44,6,1656.52,1.9459101490553132,7.413077788352227,1,Higher-Value Customers
18277,58,5,1180.05,1.791759469228055,7.074159152303717,1,Higher-Value Customers
18278,74,2,414.2,1.0986122886681098,6.028760331851679,0,Lower-Value Customers
18279,519,1,231.34,0.6931471805599453,5.448201816085329,0,Lower-Value Customers
18280,278,2,488.15,1.0986122886681098,6.1926691909034375,0,Lower-Value Customers
18281,181,2,201.14,1.0986122886681098,5.3089605266465165,0,Lower-Value Customers
18282,8,2,178.05,1.0986122886681098,5.187665096444442,0,Lower-Value Customers
18283,4,22,2664.9,3.1354942159291497,7.888296990657816,1,Higher-Value Customers
18284,432,1,461.68,0.6931471805599453,6.137035670427201,0,Lower-Value Customers
18285,661,1,427.0,0.6931471805599453,6.059123195581797,0,Lower-Value Customers
18286,477,2,1296.43,1.0986122886681098,7.168140663681035,0,Lower-Value Customers
18287,43,7,4182.99,2.0794415416798357,8.339020615684541,1,Higher-Value Customers
